,kind,id,name,mimeType,folder_id
0,drive#file,1VrQoHpf3bOB9GHjJYXgAC_c5MrOBNcJJ,27-12-40AFA621_20220821.xlsx,application/vnd.openxmlformats-officedocument.spreadsheetml.sheet,1s2X8ebtrBeF3gbRIWJrfZ4qpVFbbPT5E
1,drive#file,1EHHqJJKMe-XH1ZRvqu5NUj53IgcbYgUH,27-01-40A2A421_20220821.csv,text/csv,1s2X8ebtrBeF3gbRIWJrfZ4qpVFbbPT5E
2,drive#file,1pkPYBU3ft_IFjCFwtEGLq-4jw5f74VnK,27-01-40A2A421_20220821.xlsx,application/vnd.openxmlformats-officedocument.spreadsheetml.sheet,1s2X8ebtrBeF3gbRIWJrfZ4qpVFbbPT5E
3,drive#file,1YgmtT6VrbPrGdLZ_9mAcVv42jTm6tI1I,27-12-40AFA621_20220821.csv,text/csv,1s2X8ebtrBeF3gbRIWJrfZ4qpVFbbPT5E
4,drive#file,1-hYO2LMPbS89LJRZGhjHF1zXLUQI9jk_,27-12-40AFA621_20220409.csv,text/csv,1s2X8ebtrBeF3gbRIWJrfZ4qpVFbbPT5E
5,drive#file,1-cXOjnDd3iDMkXfAftne1xm-K4_CkLBn,27-12-40AFA621_20220409.xlsx,application/vnd.openxmlformats-officedocument.spreadsheetml.sheet,1s2X8ebtrBeF3gbRIWJrfZ4qpVFbbPT5E
6,drive#file,1-cyQELJ2IoxeU8yceAJ3o3xSwFbZzJVr,27-TH-H-20220409.xlsx,application/vnd.openxmlformats-officedocument.spreadsheetml.sheet,1s2X8ebtrBeF3gbRIWJrfZ4qpVFbbPT5E
7,drive#file,1-bjNqtgtkF6ovFxkc_yFIcLbjfNBkejA,27-TH-T-20220409.xlsx,application/vnd.openxmlformats-officedocument.spreadsheetml.sheet,1s2X8ebtrBeF3gbRIWJrfZ4qpVFbbPT5E
8,drive#file,102XI_f8f1iwTv_wfEWlkQtDEpB3ILisH,27-TH-T-20220409.csv,text/csv,1s2X8ebtrBeF3gbRIWJrfZ4qpVFbbPT5E
9,drive#file,1-cktyRNnSVn0Xwj4kek3M8jBjsZu8oH7,27-TH-H-20220409.csv,text/csv,1s2X8ebtrBeF3gbRIWJrfZ4qpVFbbPT5E
10,drive#file,1-cK5hJtAXvcMrrRXLLnD7Of222GQbrZz,27-01-40A2A421_20220409.csv,text/csv,1s2X8ebtrBeF3gbRIWJrfZ4qpVFbbPT5E
11,drive#file,1-iwkq4Suo8Q_Yql7PAKqRP5Kyj3UpOUN,27-01-40A2A421_20220409.xlsx,application/vnd.openxmlformats-officedocument.spreadsheetml.sheet,1s2X8ebtrBeF3gbRIWJrfZ4qpVFbbPT5E
0,drive#file,1wf1vef3qJS33gB8HhMtot2iwQcOSV7MZ,45-03-40C39921-20220728.csv,text/csv,1MsiqFnMcDcPjxaYMBMtH_z_dVcLH5HNp
1,drive#file,1-42JELbcHrj3S81L0PHpGx3oWP5Oc9t_,45-10-40AE9821-20220728.csv,text/csv,1MsiqFnMcDcPjxaYMBMtH_z_dVcLH5HNp
2,drive#file,1K49HsV717QBM9vE6otNUeNSOw_ONviOv,45-TH-T-20220728.csv,text/csv,1MsiqFnMcDcPjxaYMBMtH_z_dVcLH5HNp
3,drive#file,1Dyt9kUcTB0-dP_iXTkHLUOyWIyGcsu8O,45-TH-H-20220728.csv,text/csv,1MsiqFnMcDcPjxaYMBMtH_z_dVcLH5HNp
0,drive#file,1e5BUMfzulqScogzidkqsY6sC82UcpRgw,05-10-40B1D421-20220603.xlsx,application/vnd.openxmlformats-officedocument.spreadsheetml.sheet,1gduhkEBsb7gzktr_7R0yhbTlN2ey_bCA
1,drive#file,1WWr5wn_9_kJiErXY1QeSXmCAxMWdiycO,05-TH-H-3F181F41-20220603.xlsx,application/vnd.openxmlformats-officedocument.spreadsheetml.sheet,1gduhkEBsb7gzktr_7R0yhbTlN2ey_bCA
2,drive#file,1Y9b0v-m4DidO-K7fc9z3PQsc-EcGJZYd,05-03-40B1D421-20220603.csv,text/csv,1gduhkEBsb7gzktr_7R0yhbTlN2ey_bCA
3,drive#file,1MOx_b3jNluHINoZRTMCg_4mCoKNIUn1x,05-03-40B1D421-20220603.xlsx,application/vnd.openxmlformats-officedocument.spreadsheetml.sheet,1gduhkEBsb7gzktr_7R0yhbTlN2ey_bCA
4,drive#file,13lGAZneMnpsn837Cap3KBqNv6tRVsfPZ,05-10-40B1D421-20220603.csv,text/csv,1gduhkEBsb7gzktr_7R0yhbTlN2ey_bCA
5,drive#file,1KyP2FQZEQ_O-rYJuNLBQwtNkUCd_BPMJ,05-TH-H-3F181F41-20220603.csv,text/csv,1gduhkEBsb7gzktr_7R0yhbTlN2ey_bCA
6,drive#file,1zxZ7YfWY8la6T6DlFqworYrImziviZrI,05-TH-T-3F181F41-20220603.csv,text/csv,1gduhkEBsb7gzktr_7R0yhbTlN2ey_bCA
7,drive#file,1mEQmizMrIp-Y3QNDO9oz3Im6JTMWXkJK,05-TH-T-3F181F41-20220603.xlsx,application/vnd.openxmlformats-officedocument.spreadsheetml.sheet,1gduhkEBsb7gzktr_7R0yhbTlN2ey_bCA
0,drive#file,1c4PRfd6v--RiRbnDfpV-rYjap4zbQG6l,45-03-40AE9821-20210726.csv,text/csv,1-oyKVKS9WNLrYDzagD2nYMh7j3MpmO3T
1,drive#file,15_IRVcGMZXmSIIvcF37suJ7g7W_H_tqH,45-10-40C39921-20210726.csv,text/csv,1-oyKVKS9WNLrYDzagD2nYMh7j3MpmO3T
0,drive#file,1faXKjPbkRCxenDpdozA1WlluQrFcgH-n,05-10-408EFA21_20210623.xlsx,application/vnd.openxmlformats-officedocument.spreadsheetml.sheet,1y30FWx1sdwo0lD3MjVEfnCSE6_qM7LVk
1,drive#file,1c7U4x0-ks9veYzUOlfqs8MnDgm-LvHJK,05-10-408EFA21_20210623.csv,text/csv,1y30FWx1sdwo0lD3MjVEfnCSE6_qM7LVk
2,drive#file,1LQR0jdb2fx0GIZXU68dIAOeF5WAItriT,05-03-40B1D421_20210623.xlsx,application/vnd.openxmlformats-officedocument.spreadsheetml.sheet,1y30FWx1sdwo0lD3MjVEfnCSE6_qM7LVk
3,drive#file,1wnHLz14J9y2tLAKu-LgHR7pDELJbv3pW,05-03-40B1D421_20210623.csv,text/csv,1y30FWx1sdwo0lD3MjVEfnCSE6_qM7LVk
0,drive#file,1L6dDQEtqPzRj2CI9voopD7vin0PUDUTg,04-08-40BEBB21-20200311.xlsx,application/vnd.openxmlformats-officedocument.spreadsheetml.sheet,1_MjpOYCBLC2_sXlPP2i8nP62XqJPsBcD
1,drive#file,1UT83AP94m2DFAoe9nOHdCkCDVkAupfIA,04-04-40BEBB21-20210729.xlsx,application/vnd.openxmlformats-officedocument.spreadsheetml.sheet,1_MjpOYCBLC2_sXlPP2i8nP62XqJPsBcD
0,drive#file,1Oj95-zcsutAabjlNjG6HhX4jpi4Dw6Lx,13-TH-T-ds1923-20210614.xlsx,application/vnd.openxmlformats-officedocument.spreadsheetml.sheet,1MGDoeVD59v52uSoeXlxx5qJxKRFqf1RG
1,drive#file,1py1WhTbsb1WCoQ2zM4MCYeaC7MB4eICD,13-TH-H-ds1923-20210614.csv,text/csv,1MGDoeVD59v52uSoeXlxx5qJxKRFqf1RG
2,drive#file,1oZAhJKpY6buI0O0isCHbYV4MtAyYhpqo,13-TH-H-ds1923-20210614.xlsx,application/vnd.openxmlformats-officedocument.spreadsheetml.sheet,1MGDoeVD59v52uSoeXlxx5qJxKRFqf1RG
3,drive#file,1K82j5yVDoFY0BQSsfMmJUCchv62aFSs7,13-TH-T-ds1923-20210614.csv,text/csv,1MGDoeVD59v52uSoeXlxx5qJxKRFqf1RG
0,drive#file,1dolLqhF6fLkMAZu1oji0HVixcu7hyxdO,52-TH-H-20210824.xlsx,application/vnd.openxmlformats-officedocument.spreadsheetml.sheet,1W6Tk_fR6wZau_gaHlzs7fzCSytq9_J9B
1,drive#file,14bL4kaihw1Ff_5wn6lJLtPaZeEJld0LY,52-TH-T-20210824.xlsx,application/vnd.openxmlformats-officedocument.spreadsheetml.sheet,1W6Tk_fR6wZau_gaHlzs7fzCSytq9_J9B
2,drive#file,14NBG4TKBEka7zJJ0KmiajQr1-5k8oQp9,52-05-40A32A21-20210824.xlsx,application/vnd.openxmlformats-officedocument.spreadsheetml.sheet,1W6Tk_fR6wZau_gaHlzs7fzCSytq9_J9B
3,drive#file,1TyAaEAL6-vWHalqUYu3mxvwwhCMOWHkk,52-TH-H-20210824.csv,text/csv,1W6Tk_fR6wZau_gaHlzs7fzCSytq9_J9B
4,drive#file,16W06T8SVWujnTJtYpSQaCbNClQJwEaRr,52-TH-T-20210824.csv,text/csv,1W6Tk_fR6wZau_gaHlzs7fzCSytq9_J9B
5,drive#file,1BhGUA6LCHVjz5G24yH6fwGwgIsxdK_ww,52-05-40A32A21-20210824.csv,text/csv,1W6Tk_fR6wZau_gaHlzs7fzCSytq9_J9B
6,drive#file,14PR3xbyAuk02c0EURP8HQNRoV5uHUwyu,52-11-40B4EF21-20210824.xlsx,application/vnd.openxmlformats-officedocument.spreadsheetml.sheet,1W6Tk_fR6wZau_gaHlzs7fzCSytq9_J9B
7,drive#file,1uaySGB6FH5KOKaTzloL1MkJFLjOE0n2j,52-11-40B4EF21-20210824.csv,text/csv,1W6Tk_fR6wZau_gaHlzs7fzCSytq9_J9B
0,drive#file,1xtrIdgWFsVEWUOAvIFbCRAQTpHnIDdfB,01-TH-H-20210607.csv,text/csv,1ZcSDi7ZnyfD5EPeBc8oldq13tHVEULYd
1,drive#file,1zm_sMSdMwuH7jkdFwunnbR2PlEw5AZxu,01-TH-T-20210607.csv,text/csv,1ZcSDi7ZnyfD5EPeBc8oldq13tHVEULYd
2,drive#file,1Uj2l_9villlKqXo42usUmzxuRYUP0fuE,01-03-40C20B21-20210607.csv,text/csv,1ZcSDi7ZnyfD5EPeBc8oldq13tHVEULYd
3,drive#file,1HEgGWURZG2OKGnuYmnZpHetHJ6eCW8IW,01-10-40C20B21-20210607.csv,text/csv,1ZcSDi7ZnyfD5EPeBc8oldq13tHVEULYd
0,drive#file,18SnOWIDpdsClCuXWHu5Qst28kxr7MpAQ,46-TH-T-20210825.xlsx,application/vnd.openxmlformats-officedocument.spreadsheetml.sheet,1Wk0TEg7sICeIuukJs8mkcY-pccOWLedy
1,drive#file,1vphYPOG1aMgBVxa_LDi0ThOuJwn_n6mi,46-TH-H-20210825.xlsx,application/vnd.openxmlformats-officedocument.spreadsheetml.sheet,1Wk0TEg7sICeIuukJs8mkcY-pccOWLedy
2,drive#file,1Dp8d4a1q_w_GwP12XUk5fJA-bTpO8hWk,46-04-408C7C21-20210825.xlsx,application/vnd.openxmlformats-officedocument.spreadsheetml.sheet,1Wk0TEg7sICeIuukJs8mkcY-pccOWLedy
0,drive#file,18YyeWkaTYZ_BBDfpFE_5QyghEmMx3Njp,27-01-40A2A421-20210501.xlsx,application/vnd.openxmlformats-officedocument.spreadsheetml.sheet,1E6LjUjQi5_6ace1ZBn8Tok3501DKYMad
1,drive#file,14OgvuD0Q-5qV36VQwl2ct0HGA8RAxY7p,27-12-40AFA621-20210501.csv,text/csv,1E6LjUjQi5_6ace1ZBn8Tok3501DKYMad
2,drive#file,16lAdyJ0MinDlJHfA4wN4p90usgYneviU,27-01-40A2A421-20210501.csv,text/csv,1E6LjUjQi5_6ace1ZBn8Tok3501DKYMad
3,drive#file,1Ci-CZ_xQ6UK13gLS5gTW99NA7G2CtFWM,27-12-40AFA621-20210501.xlsx,application/vnd.openxmlformats-officedocument.spreadsheetml.sheet,1E6LjUjQi5_6ace1ZBn8Tok3501DKYMad
4,drive#file,1umvBvDpCeX2cPMVRWiw1jLIvCPQx7Zqp,27-TH-T-69A6C941-20210529.xlsx,application/vnd.openxmlformats-officedocument.spreadsheetml.sheet,1E6LjUjQi5_6ace1ZBn8Tok3501DKYMad
5,drive#file,1MKM18nXAuY-PrBhetnjNFvv93GaSWzwL,27-TH-T-69A6C941-20210529.csv,text/csv,1E6LjUjQi5_6ace1ZBn8Tok3501DKYMad
0,drive#file,1tMmUJ_m5cPAuZk3rXWW4GbvYXn24VZ5I,43-09-00AAAA00-20210525.csv,text/csv,18doJevgSFpyAtv7VZz2wXRpx68pd8d-6
1,drive#file,1ezDsMwkoIRhF6LtEa_62PCt0f1ZOvqrv,43-05-00AAAA00-20210525.csv,text/csv,18doJevgSFpyAtv7VZz2wXRpx68pd8d-6
2,drive#file,1hkZK8rtiNukBvhe8Y1t2Fz0SOQzojfhc,43-TH-T-20210525.csv,text/csv,18doJevgSFpyAtv7VZz2wXRpx68pd8d-6
3,drive#file,1CdmuzQXme8-fNVs08u8wMhneA0xrf91f,43-TH-H-20210525.csv,text/csv,18doJevgSFpyAtv7VZz2wXRpx68pd8d-6
0,drive#file,1cuHyt9KY6qw3mDMkU3zQfIOtFud7olwd,58-07-40B67321-20200824.csv,text/csv,1LukHWW9I8p7IPgpky9ZkDZdKoXhKOmdV
1,drive#file,1DRI4VgvZo26z6UofOFPKSMg-qP1B8v5J,Gmail - Bad news from Lautaret.pdf,application/pdf,1LukHWW9I8p7IPgpky9ZkDZdKoXhKOmdV
0,drive#file,1BxyliQWAMaTMH1ZgVsK6pfmf1Rk7BjkZ,10-TH-T-3F0C9841-20210128.csv,text/csv,1srLvEJocDmUG0E5CMO5P_53BDJ9ZPnUP
1,drive#file,1pXUiXolzCAQ7hAOwTq-oQ7gLb6VIkmyS,10-TH-T-3F0C9841-20210128.xlsx,application/vnd.openxmlformats-officedocument.spreadsheetml.sheet,1srLvEJocDmUG0E5CMO5P_53BDJ9ZPnUP
2,drive#file,11mnAjOnB5VSTAZaNDZy-IRdc0g0mjuBb,10-TH-H-3F0C9841-20210128.xlsx,application/vnd.openxmlformats-officedocument.spreadsheetml.sheet,1srLvEJocDmUG0E5CMO5P_53BDJ9ZPnUP
3,drive#file,1a04J13mEM7Uip938F9_EldKBM8KnXuzC,10-10-409B2221-20210128.xlsx,application/vnd.openxmlformats-officedocument.spreadsheetml.sheet,1srLvEJocDmUG0E5CMO5P_53BDJ9ZPnUP
4,drive#file,16JvbSsAAyZbYGgIDJmUr5jMEffuH7ZCW,10-02-40c6cb21-20210128.xlsx,application/vnd.openxmlformats-officedocument.spreadsheetml.sheet,1srLvEJocDmUG0E5CMO5P_53BDJ9ZPnUP
5,drive#file,1PQylZ_Cc7SU4iSS4hkcZwJjYiSclZYqN,10-10-409B2221-20210128.csv,text/csv,1srLvEJocDmUG0E5CMO5P_53BDJ9ZPnUP
6,drive#file,1b4eoWh1QryLGGf_R2E4cP3reZdc7j-aJ,10-02-40c6cb21-20210128.csv,text/csv,1srLvEJocDmUG0E5CMO5P_53BDJ9ZPnUP
7,drive#file,1cUgl_xgt31m_DqLNsg48_OLaLq6xUWWj,10-TH-H-3F0C9841-20210128.csv,text/csv,1srLvEJocDmUG0E5CMO5P_53BDJ9ZPnUP
0,drive#file,1SBP_1lCqbELKiTaGOKZ9t9uiazh-kW0w,48-04-408FCE21-20200925.csv,text/csv,1VicbROGacFc1GYS-9ShOTu_5qkdbmqa_
1,drive#file,1zWToGAmzQ03MJhKiyZXHpqDbytxC9vBQ,48-04-408FCE21-20200925.xlsx,application/vnd.openxmlformats-officedocument.spreadsheetml.sheet,1VicbROGacFc1GYS-9ShOTu_5qkdbmqa_
2,drive#file,1QbFsJ1trNWguEpVjPk5SBbLh884GLHBX,48-08-3C5F5221-20200925.xlsx,application/vnd.openxmlformats-officedocument.spreadsheetml.sheet,1VicbROGacFc1GYS-9ShOTu_5qkdbmqa_
3,drive#file,1VHZ6OPHDhT9QO8IydsT0C5SmGgsPr2zN,48-08-3C5F5221-20200925.csv,text/csv,1VicbROGacFc1GYS-9ShOTu_5qkdbmqa_
0,drive#file,1bE-hO48uBOg_0m6wuuiRtRt-QtD9SJNj,12-TH-H-20200917.csv,text/csv,1HUTp2FKEhs6G6uJOm8yv3HQ5_jVvKb_u
1,drive#file,1pHHvLI8a6boUkFZ5G81Nz7iY7NxfTd5s,12-TH-T-20200917.csv,text/csv,1HUTp2FKEhs6G6uJOm8yv3HQ5_jVvKb_u
0,drive#file,1hhYjctOiiT7d12NAuF1oYmmZXzBb22aC,09-04-40BE4721-20200923.csv,text/csv,1hL9_s4_pUvZAmEI9w10olYWlChjftQnb
1,drive#file,1dcsw9rLdPgwJ10n7NRyXj00onFwP4IvG,09-TH-H-20200923.csv,text/csv,1hL9_s4_pUvZAmEI9w10olYWlChjftQnb
2,drive#file,1Ryc3qkiqjcgi2qMgNontKexeP7x94D4g,09-TH-T-20200923.csv,text/csv,1hL9_s4_pUvZAmEI9w10olYWlChjftQnb
0,drive#file,1T5WNrKVdAOLw3LUU2KvLs1-nOvsJmmSh,55-TH-T-20200811.csv,text/csv,1gIeTK164gQ6YkoWhhci3NaNFYeK9I279
1,drive#file,1_U4pFu6xOzN2oJjHqJs5aBzPtj4QAy8o,55-07-29517D41-20200811.csv,text/csv,1gIeTK164gQ6YkoWhhci3NaNFYeK9I279
2,drive#file,18QX4hQlcu1ExpNAobKo7PyudgxixRmJW,55-06-40B36D21-20200811.csv,text/csv,1gIeTK164gQ6YkoWhhci3NaNFYeK9I279
0,drive#file,1PtAskCPLGQUS-seLrynrDQWfaWpLjI4f,53-TH-T-20200623.csv,text/csv,1mZJcuiO2VI1lTbJBb8jcZNXAB9YJ_xWB
1,drive#file,1_5PmFlqHBEOLGKNSGTN2gZL4IptdUAGa,53-TH-H-20200623.csv,text/csv,1mZJcuiO2VI1lTbJBb8jcZNXAB9YJ_xWB
2,drive#file,1HMwPGGtIsg7PBzBXUwMwiFbp3prcskyY,53-TH-H-20200623.xlsx,application/vnd.openxmlformats-officedocument.spreadsheetml.sheet,1mZJcuiO2VI1lTbJBb8jcZNXAB9YJ_xWB
3,drive#file,1TnbU2EKtzz-rcqyer3aR5ca8Ynn7kRGc,53-TH-T-20200623.xlsx,application/vnd.openxmlformats-officedocument.spreadsheetml.sheet,1mZJcuiO2VI1lTbJBb8jcZNXAB9YJ_xWB
4,drive#file,1Qcjlh-KJRyXSypMJRfA772Tfp8UQLBGX,53-09-40C42121-20200623.xlsx,application/vnd.openxmlformats-officedocument.spreadsheetml.sheet,1mZJcuiO2VI1lTbJBb8jcZNXAB9YJ_xWB
5,drive#file,1il0O6hHW54CmUQrsKv_MHOQ6Z-SZ9SuT,53-09-40C42121-20200623.csv,text/csv,1mZJcuiO2VI1lTbJBb8jcZNXAB9YJ_xWB
6,drive#file,13vWnWYKJXYJsi3jiSLjR67ivkEaMDtHv,53-04-4098D821-20200623.xlsx,application/vnd.openxmlformats-officedocument.spreadsheetml.sheet,1mZJcuiO2VI1lTbJBb8jcZNXAB9YJ_xWB
7,drive#file,1kuvsrRcuZrKvArbtG8F2Mk7VbT-8tmxm,53-04-4098D821-20200623.csv,text/csv,1mZJcuiO2VI1lTbJBb8jcZNXAB9YJ_xWB
0,drive#file,1AO3vlXdum64OgEJvWlIKY-QfHVuAG-F7,04-08-40BEBB21-20201009.xlsx,application/vnd.openxmlformats-officedocument.spreadsheetml.sheet,1GUxDQFEr9k5bpzpCcumNj5mePwAwtlAs
1,drive#file,1OmKEcxflxiXYsxgiHJwsJBOOK-tAbCI3,04-04-40BEBB21-20201009.xlsx,application/vnd.openxmlformats-officedocument.spreadsheetml.sheet,1GUxDQFEr9k5bpzpCcumNj5mePwAwtlAs
0,drive#file,1k-vy-lkbWepfoEY-RLeIwSqzkKrFu7Nh,04-08-40BEBB21-20201009.xlsx,application/vnd.openxmlformats-officedocument.spreadsheetml.sheet,1Lij50YGLIjVi3TJJJqjy17-TDwOPOmpP
1,drive#file,11Xqs0VKYBT36tq9ax1hdPvcnrbiBjrc6,04-04-40BEBB21-20201009.xlsx,application/vnd.openxmlformats-officedocument.spreadsheetml.sheet,1Lij50YGLIjVi3TJJJqjy17-TDwOPOmpP
0,drive#file,1iydH9m7nDaQmKCC5Jzau-mQZRTQA8cwg,42-TH-T-20200602.xlsx,application/vnd.openxmlformats-officedocument.spreadsheetml.sheet,14BU4bQj6Mb0ZyaAenaawdxYRgVuIWkMM
1,drive#file,1cro-Fco6-urtToP6IUhKSYQws4_n8FVH,42-11-40971121-20200602.xlsx,application/vnd.openxmlformats-officedocument.spreadsheetml.sheet,14BU4bQj6Mb0ZyaAenaawdxYRgVuIWkMM
2,drive#file,1b--RmWV1-8Oa_TRsWi6K9yFHUK-XSWEw,42-TH-H-20200602.xlsx,application/vnd.openxmlformats-officedocument.spreadsheetml.sheet,14BU4bQj6Mb0ZyaAenaawdxYRgVuIWkMM
0,drive#file,1iZVVZcgBb6j0qyw837LZrZLbgvgw_Ttn,42-TH-T-20200602.xlsx,application/vnd.openxmlformats-officedocument.spreadsheetml.sheet,1HI0c6G3ZE-tRTo1M0jsPNBJsNHAdUHmN
1,drive#file,1t43jzeauOHN6gvj__EtX922VZezvDmXu,42-11-40971121-20200602.xlsx,application/vnd.openxmlformats-officedocument.spreadsheetml.sheet,1HI0c6G3ZE-tRTo1M0jsPNBJsNHAdUHmN
2,drive#file,1NYus_rehlvHHVfj12v4wSSXFSPYS_ZvP,42-TH-H-20200602.xlsx,application/vnd.openxmlformats-officedocument.spreadsheetml.sheet,1HI0c6G3ZE-tRTo1M0jsPNBJsNHAdUHmN
0,drive#file,19gESXW099RdR-e1Jg4u9yLKyjzTVos9L,13-10-40bd5721-20200727.csv,text/csv,1-vVfDy1c1gGgPVGKYqjTbo-QJx61oYKB
1,drive#file,1JkqoqaNa3JY99aYfug6TMLcelxGmMYpy,ibuttons_site32_2020.rar,application/rar,1-vVfDy1c1gGgPVGKYqjTbo-QJx61oYKB
0,drive#file,1awul_pZ2SCbsjLAlqm5SK2h8v-Idd0a_,32-TH-T-20200702.csv,text/csv,1OUjfONUTCNfz7_HIxs6nz-_m8yaInEp-
1,drive#file,1nSLI01gQv74jhRu6rLo5FXaM35_gSFlU,32-10-409E7B21-20200702.csv,text/csv,1OUjfONUTCNfz7_HIxs6nz-_m8yaInEp-
2,drive#file,1RWAdRCqm7aZQ_1P9qX3K4d9yrKvoh4Dz,32-TH-H-20200702.csv,text/csv,1OUjfONUTCNfz7_HIxs6nz-_m8yaInEp-
3,drive#file,1euw2CHRIKdj88SwOgwZDT8gXkqUGSaqA,32-03-40C97821-20200702.csv,text/csv,1OUjfONUTCNfz7_HIxs6nz-_m8yaInEp-
4,drive#file,1qX9eQX4P7Oq4PA5CdiBmyJEHcFPDMR4T,32-03-40C97821-20200702.xlsx,application/vnd.openxmlformats-officedocument.spreadsheetml.sheet,1OUjfONUTCNfz7_HIxs6nz-_m8yaInEp-
5,drive#file,1FRFL66u-5QIECNkQxeLS80wgPbixiXCn,32-10-409E7B21-20200792.xlsx,application/vnd.openxmlformats-officedocument.spreadsheetml.sheet,1OUjfONUTCNfz7_HIxs6nz-_m8yaInEp-
0,drive#file,13ZfUg7VXi1M1b7Ieal24AVx0mSTd6zFZ,52-TH-H-20200700.csv,text/csv,13we4dFm88nm26Ia2yTtLAeZX1fXnQeUi
1,drive#file,1IUFRVDFF4POUdn5stqM6gxNfn1qk2oBL,52-TH-T-20200700.csv,text/csv,13we4dFm88nm26Ia2yTtLAeZX1fXnQeUi
2,drive#file,1BJo8L6x-fAn7Ei83XJEp3wSJdKGZSban,52-11-40B4EF21-20200700.csv,text/csv,13we4dFm88nm26Ia2yTtLAeZX1fXnQeUi
3,drive#file,14W0uVZ765gui-MbWSExQfLuycyDwzU8S,52-05-40A32A21-20200700.csv,text/csv,13we4dFm88nm26Ia2yTtLAeZX1fXnQeUi
0,drive#file,1oBCZmDpePuXeIYf-O1iJM7acGaR8v2Hl,13-TH-T-20200721.csv,text/csv,125PO2QOVOv_bQLZyzMf3NU5TvYAqrdMg
1,drive#file,1b3KQsLLZ9kTNh7E2ZTAgW-8Uap6xQH5v,13-TH-T-20200721.xlsx,application/vnd.openxmlformats-officedocument.spreadsheetml.sheet,125PO2QOVOv_bQLZyzMf3NU5TvYAqrdMg
2,drive#file,1y1tNH2C5FQ3EgSDQVm7NzhBpaxYccDHs,13-TH-H-20200721.csv,text/csv,125PO2QOVOv_bQLZyzMf3NU5TvYAqrdMg
3,drive#file,1rKqD6_B7VYSVJf6A_-Xjz0xB4MeQfJtW,13-TH-H-20200721.xlsx,application/vnd.openxmlformats-officedocument.spreadsheetml.sheet,125PO2QOVOv_bQLZyzMf3NU5TvYAqrdMg
4,drive#file,1LXI2kvJ8xs0IxmWw2fCag51EzmbLoY1E,13-10-40BD5721-20200727.xlsx,application/vnd.openxmlformats-officedocument.spreadsheetml.sheet,125PO2QOVOv_bQLZyzMf3NU5TvYAqrdMg
5,drive#file,1YCsQ5IvLW20xqBmsxPIO9JPre8Hj2JDD,13-02-40B56621-20200727.xlsx,application/vnd.openxmlformats-officedocument.spreadsheetml.sheet,125PO2QOVOv_bQLZyzMf3NU5TvYAqrdMg
6,drive#file,1ro1Ke2OQRFmx4882p3KSOua9iCs-EZDL,13-10-40bd5721-20200727.csv,text/csv,125PO2QOVOv_bQLZyzMf3NU5TvYAqrdMg
7,drive#file,1x0tyHlT5naGvGHvPtBNWMQFXC5BkFYJ1,13-02-40B56621-20200727.csv,text/csv,125PO2QOVOv_bQLZyzMf3NU5TvYAqrdMg
0,drive#file,1LDjFYQgSMVXwPkLiO_EcfyPZOUqnqrCr,10-02-409b2221-20200720.xlsx,application/vnd.openxmlformats-officedocument.spreadsheetml.sheet,1BEjMfIJYkcCcJo6tN1AZCVeAh9-3zNyV
1,drive#file,1X1DetPRFADyXQeSeZghWSiV_8C5ESc3N,10-10-40c6cb21-20200720.xlsx,application/vnd.openxmlformats-officedocument.spreadsheetml.sheet,1BEjMfIJYkcCcJo6tN1AZCVeAh9-3zNyV
2,drive#file,1V5_2SWBI_PYNlIN5Yd5ocMs22li3iQFi,10-02-409b2221-20200720.csv,text/csv,1BEjMfIJYkcCcJo6tN1AZCVeAh9-3zNyV
3,drive#file,1XxbSpyLmAFp6DFe2EWP8PUhLNU1KuXNH,10-10-40c6cb21-20200720.csv,text/csv,1BEjMfIJYkcCcJo6tN1AZCVeAh9-3zNyV
0,drive#file,1rFSjzcoehAOGnQUbY5TkEtqSoALY800p,46-09-40C60821-20200630.xlsx,application/vnd.openxmlformats-officedocument.spreadsheetml.sheet,1Zp3bO8mGhgCXW7jl7bzxN_7qbvUdyCXy
1,drive#file,1tNlE-axPueDFeyNZHjHaUq65O2Jgi8q-,46-04-408C7C21-20200630.xlsx,application/vnd.openxmlformats-officedocument.spreadsheetml.sheet,1Zp3bO8mGhgCXW7jl7bzxN_7qbvUdyCXy
2,drive#file,1xfv9JtKzEoUUm8wNa7V5WOLFebBCa8po,46-04-408C7C21-20200630.csv,text/csv,1Zp3bO8mGhgCXW7jl7bzxN_7qbvUdyCXy
3,drive#file,1HR2qljrhiVDQsr3RtqGPWXPRf39O69vm,46-09-40C60821-20200630.csv,text/csv,1Zp3bO8mGhgCXW7jl7bzxN_7qbvUdyCXy
0,drive#file,14yukeGpoFUM3dP4lyXE7aYsxm4X65EbJ,05-03-40B1D421-20200630.csv,text/csv,1hDr6SxRwZob_muRBkgWGZpxDWP-aiipP
1,drive#file,1B7relCnRPaKLDM71QNSxnpfRMTnsJuR8,05-10-408EFA21-20200630.csv,text/csv,1hDr6SxRwZob_muRBkgWGZpxDWP-aiipP
2,drive#file,1X8Jh5Z1gpV-8lCemDPJUIntKMYiBP_lh,05-TH-T-20200630.xlsx,application/vnd.openxmlformats-officedocument.spreadsheetml.sheet,1hDr6SxRwZob_muRBkgWGZpxDWP-aiipP
3,drive#file,177WzMSHsVZOwfHVo6rKLE08cYNUs8WD1,05-03-40B1D421-20200630.xlsx,application/vnd.openxmlformats-officedocument.spreadsheetml.sheet,1hDr6SxRwZob_muRBkgWGZpxDWP-aiipP
4,drive#file,1Thy3TRq13nIeami8qdOOFKOAjmlruplW,05-10-408EFA21-20200630.xlsx,application/vnd.openxmlformats-officedocument.spreadsheetml.sheet,1hDr6SxRwZob_muRBkgWGZpxDWP-aiipP
5,drive#file,1V9Vihdgux_bP1Dm6O7AejYuPQmrTz8mg,05-TH-T-20200630.csv,text/csv,1hDr6SxRwZob_muRBkgWGZpxDWP-aiipP
0,drive#file,10JS93mBlz1YI2XBrpfi0y6jpc7iUOw0L,45-TH-H-20200629.csv,text/csv,1yPELvbvizM78Xfup5Re7twI_L9obFcNk
1,drive#file,11s8alHqX1W9Vmc2iti4O4MTGxr5REgaW,45-03-40AE9821-20200629.csv,text/csv,1yPELvbvizM78Xfup5Re7twI_L9obFcNk
2,drive#file,1OUzccklH5YDqs3IrHLmPIf1158ze-XL5,45-TH-T-20200629.csv,text/csv,1yPELvbvizM78Xfup5Re7twI_L9obFcNk
3,drive#file,1pqQXrq9x1XiBVcGck6odITMKRWpNQ-8K,45-10-40C39921-20200629.csv,text/csv,1yPELvbvizM78Xfup5Re7twI_L9obFcNk
0,drive#file,1kIrUQe1b6wWjpXER6mvjHB79C5HsEEbh,28-TH-T-20200612.xlsx,application/vnd.openxmlformats-officedocument.spreadsheetml.sheet,1DSLFTz6VDjr8ezbwvcAQZU3DG-K4HsSv
1,drive#file,12UeODiHkOiDi3Sybjkxw4hhgSluxdLol,28-06-53955D21-20200612.csv,text/csv,1DSLFTz6VDjr8ezbwvcAQZU3DG-K4HsSv
2,drive#file,1bk2a8zYnM4JijufCX2QF4I0KBOcJItp5,28-13-40A5F221-20200612.csv,text/csv,1DSLFTz6VDjr8ezbwvcAQZU3DG-K4HsSv
3,drive#file,1dI7Jbn1JwXcW5gnIoSlmWetY5F32-_JQ,28-13-40A5F221-20200612.xlsx,application/vnd.openxmlformats-officedocument.spreadsheetml.sheet,1DSLFTz6VDjr8ezbwvcAQZU3DG-K4HsSv
4,drive#file,1zZEnfo33g5-9O-9fV77X3PZpKCauycnp,28-06-53955D21-20200612.xlsx,application/vnd.openxmlformats-officedocument.spreadsheetml.sheet,1DSLFTz6VDjr8ezbwvcAQZU3DG-K4HsSv
5,drive#file,1jV_I57rz83obTPrnq2jGkz2hPdxwMQUj,28-TH-H-20200612.xlsx,application/vnd.openxmlformats-officedocument.spreadsheetml.sheet,1DSLFTz6VDjr8ezbwvcAQZU3DG-K4HsSv
6,drive#file,1tH0g50sittUu4sk_CbLPUTxDkMK0WN0O,28-TH-H-20200612.csv,text/csv,1DSLFTz6VDjr8ezbwvcAQZU3DG-K4HsSv
0,drive#file,1wjTNpWYDPEupKaWWmRvk7le-fgslXQb9,43-TH-T-40BDBC21-20200518.csv,text/csv,1CZGvvbAhHmlknrZ9ThgodfM2oGe_OB8S
1,drive#file,1QCUr2HYYh1rzpr7x0JkjdTQpK-jhkKbm,43-TH-T-40BC6821-20200518.csv,text/csv,1CZGvvbAhHmlknrZ9ThgodfM2oGe_OB8S
2,drive#file,1ra58OiUb73zxZnqmAUwGjaXBfJ3h5zn_,43-TH-T-20200518.csv,text/csv,1CZGvvbAhHmlknrZ9ThgodfM2oGe_OB8S
3,drive#file,1OT2AYdjMHl0ogQuC5BinkQU8Ej7R9ynu,43-TH-H-20200518.csv,text/csv,1CZGvvbAhHmlknrZ9ThgodfM2oGe_OB8S
0,drive#file,10yu0MCEJ60VRWkVOsXnHg6wnl2cQJzR9,27-TH-H-20200527.csv,text/csv,1Ts7aUbxQv_TGd9RE4dY2qkmYN9v3wx0a
1,drive#file,1BW7irRtAupJBaLf_Z0-uXbnUlfE8jEPS,27-12-40AFA621-20200527.xlsx,application/vnd.openxmlformats-officedocument.spreadsheetml.sheet,1Ts7aUbxQv_TGd9RE4dY2qkmYN9v3wx0a
2,drive#file,1WYa52KIHPLmLYlnkRSi_FixK5mikA8XN,27-TH-T-20200527.csv,text/csv,1Ts7aUbxQv_TGd9RE4dY2qkmYN9v3wx0a
3,drive#file,1K3R6w4SFLUGgD3zlNKLRK-w6HeJ6Jm3H,27-01-40A2A421-20200527.xlsx,application/vnd.openxmlformats-officedocument.spreadsheetml.sheet,1Ts7aUbxQv_TGd9RE4dY2qkmYN9v3wx0a
4,drive#file,1YplVcE4elCzIa3O1hRN2U2H2yVrzDgFE,27-TH-H-20200527.xlsx,application/vnd.openxmlformats-officedocument.spreadsheetml.sheet,1Ts7aUbxQv_TGd9RE4dY2qkmYN9v3wx0a
5,drive#file,1ou9LW5qdhjXHkFhqYUFzq9nDWS8GSQLZ,27-12-40AFA621-20200527.csv,text/csv,1Ts7aUbxQv_TGd9RE4dY2qkmYN9v3wx0a
6,drive#file,1EEY31IwPltH5NwhoBwmW321bpswQUTzw,27-01-40A2A421-20200527.csv,text/csv,1Ts7aUbxQv_TGd9RE4dY2qkmYN9v3wx0a
7,drive#file,1_WdmDS1Y2rmpOT14VqMM-qfqUmcQK8u2,27-TH-T-20200527.xlsx,application/vnd.openxmlformats-officedocument.spreadsheetml.sheet,1Ts7aUbxQv_TGd9RE4dY2qkmYN9v3wx0a
0,drive#file,1JS9QbOZ_79yHiazZnp3ErPMvXfgedre9,01-10-40C20B21-20200619.csv,text/csv,12ph4dy2jJp696DJahEG8KbnL_9YNYKsh
1,drive#file,1mGx_Flb_1E9n3_JUStJ4biRu_LzVbpvH,01-10-40C20B21-20200619.xlsx,application/vnd.openxmlformats-officedocument.spreadsheetml.sheet,12ph4dy2jJp696DJahEG8KbnL_9YNYKsh
2,drive#file,16Mvy5-Ngj-V7rky1vXqM19xjxxP-Qe81,01-03-40C89021-20200619.xlsx,application/vnd.openxmlformats-officedocument.spreadsheetml.sheet,12ph4dy2jJp696DJahEG8KbnL_9YNYKsh
3,drive#file,1nsuHd5OFXA7ZYXVtJpzw3JNRELeNE61g,01-03-40C89021-20200619.csv,text/csv,12ph4dy2jJp696DJahEG8KbnL_9YNYKsh
0,drive#file,1k8Y18FY1enVfxrCyszjlACz7yMWWNSm9,41-TH-H-20191100.csv,text/csv,12GWywsZaRu5fGXZEcQzNFs_07APm8FDF
1,drive#file,1H2sngXF2564S5WBiQOpaUkEvfBOLKwgU,41-TH-H-20190300.csv,text/csv,12GWywsZaRu5fGXZEcQzNFs_07APm8FDF
2,drive#file,1kg7k_106T2k30ILYvc5qBkamUtHbvPEL,41-TH-T-20190300.csv,text/csv,12GWywsZaRu5fGXZEcQzNFs_07APm8FDF
3,drive#file,1qN5OBdXx7bE7izg17O7UUwWSaeJuDjc7,41-TH-T-20191100.csv,text/csv,12GWywsZaRu5fGXZEcQzNFs_07APm8FDF
0,drive#file,1-DsnAdrdUfnbc15hapkD0QbdY-3pWEYE,12-TH-T-20180810.xlsx,application/vnd.openxmlformats-officedocument.spreadsheetml.sheet,1SbJAxr2o4JhrzkFbrbND7QDBXCuNwShH
1,drive#file,11mwdQcq22T8PtwcBmuDLWIhrhzOOtqj8,12-TH-T-20180810.csv,text/csv,1SbJAxr2o4JhrzkFbrbND7QDBXCuNwShH
2,drive#file,1nbD-8Yj2jwHkttJ3zsvkmom1kqrbhMUf,12-TH-H-20180810.xlsx,application/vnd.openxmlformats-officedocument.spreadsheetml.sheet,1SbJAxr2o4JhrzkFbrbND7QDBXCuNwShH
3,drive#file,1eHPlo_uOaOcYINv_2CGryFZkT5k1yp0R,12-TH-H-20180810.csv,text/csv,1SbJAxr2o4JhrzkFbrbND7QDBXCuNwShH
4,drive#file,1gUk2WGidvCRZinJhS7BtbdeDXXld9NJX,12-11-40AD2B21-20180810.xlsx,application/vnd.openxmlformats-officedocument.spreadsheetml.sheet,1SbJAxr2o4JhrzkFbrbND7QDBXCuNwShH
5,drive#file,1Kuicz24wEUfGEdKchcJoKjt5GkQGttVv,12-11-40AD2B21-20180810.csv,text/csv,1SbJAxr2o4JhrzkFbrbND7QDBXCuNwShH
6,drive#file,1YRgO-HBt0m8X9KRZmsIgYfK1CAvcoM-W,12-02-40ADD821-20180810.xlsx,application/vnd.openxmlformats-officedocument.spreadsheetml.sheet,1SbJAxr2o4JhrzkFbrbND7QDBXCuNwShH
7,drive#file,1SQOELkPesABeCC1TNEP5fBs4OgURsO7d,12-02-40ADD821-20180810.csv,text/csv,1SbJAxr2o4JhrzkFbrbND7QDBXCuNwShH
0,drive#file,1xFyJ5UlBVql4o2wSYsZCvz6lq4F69WzN,33-TH-H-20190102.csv,text/csv,1u8u5z5VVmcGPEThnQu3SbNrmV5ltbeG6
1,drive#file,1yQVhHNH5iKJ6DfljcqEOeaKBpzHxkDH7,33-TH-T-20190102.csv,text/csv,1u8u5z5VVmcGPEThnQu3SbNrmV5ltbeG6
2,drive#file,1xPW--1Mg_9lvdAoKdrLDQyZwOUx4ExHg,33-02-40C90021-20190102.csv,text/csv,1u8u5z5VVmcGPEThnQu3SbNrmV5ltbeG6
3,drive#file,1PZu9Qrnc-qPVRwnD7GYpoJtQygEJJwu6,33-02-40C90021-20190819.xlsx,application/vnd.openxmlformats-officedocument.spreadsheetml.sheet,1u8u5z5VVmcGPEThnQu3SbNrmV5ltbeG6
4,drive#file,1KCWQKwk9VzSabtVj-GqdguSfSIaDjkpd,33-11-40BFF421-20190819.csv,text/csv,1u8u5z5VVmcGPEThnQu3SbNrmV5ltbeG6
5,drive#file,1BjbA8vpSZj-9kDarrI1zzTS2KXcbUZWb,33-02-40C90021-20190819.csv,text/csv,1u8u5z5VVmcGPEThnQu3SbNrmV5ltbeG6
6,drive#file,1lHc8ptZTMj1kLB2oOe6FZGCT1k0RU6JP,33-11-40BFF421-20190819.xlsx,application/vnd.openxmlformats-officedocument.spreadsheetml.sheet,1u8u5z5VVmcGPEThnQu3SbNrmV5ltbeG6
0,drive#file,1Yscmptp7JPx32hZGItB58ZzZ72BkIfMj,48-04-408FCE21-20190801.csv,text/csv,1UMjkBOyHQi3a4BmHK_6Kkz4GcAK_sGEf
1,drive#file,1dgYTeeEIps76difCZCMFk3qYe3gfUmbK,48-04-408FCE21-20190801.xlsx,application/vnd.openxmlformats-officedocument.spreadsheetml.sheet,1UMjkBOyHQi3a4BmHK_6Kkz4GcAK_sGEf
2,drive#file,1OX8v0M2oBpEv1PDPqN2DwUXGOXd45Bd7,iButton_error.PNG,image/png,1UMjkBOyHQi3a4BmHK_6Kkz4GcAK_sGEf
0,drive#file,1jJ8oEDUT9zRo88YWeKzfWE41hwDFmkvi,iButtons_site32_2019.rar,application/rar,1ZlqmP59n51KN7DLn4eKrciCstmDqEN9g
0,drive#file,1T4JzIcJuzUJ7X5l7j-0V0PGexMG7I-bj,58-TH-T-20181024.csv,text/csv,1VDpJr7XzzPdqRYf_U-JMwak3wM9o26Ue
1,drive#file,1XTZzXJuhvrNkxJtm8bht-Veh-fz6SVcE,58-07-40B67321-20181024.csv,text/csv,1VDpJr7XzzPdqRYf_U-JMwak3wM9o26Ue
2,drive#file,1_0JuO9I63amVlZMJZMDDnMwvim4hqrUF,58-TH-H-20181024.csv,text/csv,1VDpJr7XzzPdqRYf_U-JMwak3wM9o26Ue
3,drive#file,1FAgZFcUmxexJ6xi_qnz6wqRtqXMKx4Di,58-01-409D7221-20181024.csv,text/csv,1VDpJr7XzzPdqRYf_U-JMwak3wM9o26Ue
0,drive#file,1din3JHyoqF-MOwcG0VaSa1KXHhcjPDVF,42-TH-H-20180714.xlsx,application/vnd.openxmlformats-officedocument.spreadsheetml.sheet,12ldcdnFEG6u9VqYwbqGKRw_2N7g-F6cM
1,drive#file,1mF71sOcU4fwxW16NMA2SzU4jFmsdrMQN,42-TH-T-20190619.xlsx,application/vnd.openxmlformats-officedocument.spreadsheetml.sheet,12ldcdnFEG6u9VqYwbqGKRw_2N7g-F6cM
2,drive#file,11CEpFZ30hkb59dIASY2mbYDF65y4TdCd,42-TH-T-20180714.xlsx,application/vnd.openxmlformats-officedocument.spreadsheetml.sheet,12ldcdnFEG6u9VqYwbqGKRw_2N7g-F6cM
3,drive#file,1IOMSjMXvicGAhqfnYae9ZRJZaLwTVEGL,42-TH-H-20190619.xlsx,application/vnd.openxmlformats-officedocument.spreadsheetml.sheet,12ldcdnFEG6u9VqYwbqGKRw_2N7g-F6cM
4,drive#file,1uEItJKVT58LKL0g3pTBSvtVF8LfO-IPk,42-11-40971121-20190619.xlsx,application/vnd.openxmlformats-officedocument.spreadsheetml.sheet,12ldcdnFEG6u9VqYwbqGKRw_2N7g-F6cM
5,drive#file,1ar8xNyufM58xNeZTMjr_jrq1pYnM4947,42-11-40971121-20180714.xlsx,application/vnd.openxmlformats-officedocument.spreadsheetml.sheet,12ldcdnFEG6u9VqYwbqGKRw_2N7g-F6cM
6,drive#file,1CJoL-9dPXEiFpsQdlfa0rF21OtKYgJbZ,42-02-40a3f021-20180714.xlsx,application/vnd.openxmlformats-officedocument.spreadsheetml.sheet,12ldcdnFEG6u9VqYwbqGKRw_2N7g-F6cM
0,drive#file,19xTiIHfWczw-fhHnl1KEWWlIWHPYv6la,52-12-40B4EF21-20190619.csv,text/csv,1HDgFNJbJlihfJUeEq_eaz9NqiQ4pU4ak
1,drive#file,1rqXmnlR1T1kGp9JdYZm3uWNVaLZxH08j,52-12-40B4EF21-20190619.xlsx,application/vnd.openxmlformats-officedocument.spreadsheetml.sheet,1HDgFNJbJlihfJUeEq_eaz9NqiQ4pU4ak
2,drive#file,15IcCY76dpu69HTrq2Fe1tWFKVfuUlpbl,52-05-40A32A21_20190619.csv,text/csv,1HDgFNJbJlihfJUeEq_eaz9NqiQ4pU4ak
3,drive#file,11LjmT8NgsIZx_E-kppFGzfRDO2skKJKG,52-05-40A32A21_20190619.xlsx,application/vnd.openxmlformats-officedocument.spreadsheetml.sheet,1HDgFNJbJlihfJUeEq_eaz9NqiQ4pU4ak
0,drive#file,1xCEiwKZWtAy9xgPN8bfL2FODOuWfuGxF,11-TH-T-20190927.csv,text/csv,1jM4Mjt1EwQMLMREPsT2OmGb3sK62r76i
1,drive#file,1RJfI4mJb6Qmhs0RDv6kvFsXIlJRFRdRw,11-TH-H-20190927.csv,text/csv,1jM4Mjt1EwQMLMREPsT2OmGb3sK62r76i
2,drive#file,1W-AkzP4UY-23PYROL5iyh77G97XewVO1,11-TH-T-20190927.xlsx,application/vnd.openxmlformats-officedocument.spreadsheetml.sheet,1jM4Mjt1EwQMLMREPsT2OmGb3sK62r76i
3,drive#file,1TaRCu02DFKF19qKXEa3qFC7tAW1XSFlq,11-TH-H-20190927.xlsx,application/vnd.openxmlformats-officedocument.spreadsheetml.sheet,1jM4Mjt1EwQMLMREPsT2OmGb3sK62r76i
0,drive#file,1uNsv4uZlnsGGlIIcwHnPlARjutyWpr56,55-07_29517D41-20190913.xlsx,application/vnd.openxmlformats-officedocument.spreadsheetml.sheet,12ElKOpKKwzX5LLEGzDApm16hwdreehJF
1,drive#file,11qVBRDVl_xOy-VZHeLHQe5VIT32XZpHZ,55-06_40B36D21-20190913.txt,text/plain,12ElKOpKKwzX5LLEGzDApm16hwdreehJF
2,drive#file,1mfbWIcTbdyMfkVPHfAAdpXVCQ2kWEPiM,55-07_29517D41-20190913.txt,text/plain,12ElKOpKKwzX5LLEGzDApm16hwdreehJF
3,drive#file,1BjuTkdttRCSDjVR8wd1Je_QCaFKkEoLA,55-07_29517D41-20190913.csv,text/csv,12ElKOpKKwzX5LLEGzDApm16hwdreehJF
4,drive#file,1chfIe0ZHELSDE7u6GdOcm9Jj_2qCpI_w,55-06_40B36D21-20190913.xlsx,application/vnd.openxmlformats-officedocument.spreadsheetml.sheet,12ElKOpKKwzX5LLEGzDApm16hwdreehJF
5,drive#file,1ZkeBde_v2hiMDTNFpEIYo_7uFH7IZ0ih,55-06_40B36D21-20190913.csv,text/csv,12ElKOpKKwzX5LLEGzDApm16hwdreehJF
0,drive#file,1TbdDGawEwf1uIqQzRR6u1bgBzkXTFZSE,02-TH-T-50B63C41-20190924.csv,text/csv,1nPG75__2tS_2WwqqCXqxYLmoIfKAjqxe
1,drive#file,1-uVGjx_hb5T5afMs0uVkbX4V_QPDTT1I,02-TH-H-50B63C41-20190924.csv,text/csv,1nPG75__2tS_2WwqqCXqxYLmoIfKAjqxe
2,drive#file,17x_coVLUHij-btWxC5MIBqAcOAsuiceU,02-TH-T-50B63C41-20190924.xlsx,application/vnd.openxmlformats-officedocument.spreadsheetml.sheet,1nPG75__2tS_2WwqqCXqxYLmoIfKAjqxe
3,drive#file,1Kk51rFo2jb0ZmoPRumUO8pZH9v_NODSB,02-TH-H-50B63C41-20190924.xlsx,application/vnd.openxmlformats-officedocument.spreadsheetml.sheet,1nPG75__2tS_2WwqqCXqxYLmoIfKAjqxe
0,drive#file,1CtSqBTBlFGvS-lWtDRzTRLKqdKsz-_92,49-03-40987721-20190813.xlsx,application/vnd.openxmlformats-officedocument.spreadsheetml.sheet,13Q_3VH3Xjhwd8IfjYjxFomygGvEXfpFk
0,drive#file,13iiy1BjZZlR2Uti3CvXsbux3MZ9QCbsn,53-TH-H-20190816.csv,text/csv,19mhoal1tg3XOKF_712PBajUI_FVQeXAf
1,drive#file,1HQBgkckJsSJlBMsTIQkfx0-4kjR0e4Qe,53-TH-T-20190816.xlsx,application/vnd.openxmlformats-officedocument.spreadsheetml.sheet,19mhoal1tg3XOKF_712PBajUI_FVQeXAf
2,drive#file,1Pcku5p1G1Aslk6K-kLp4UlIs41JJveqU,53-TH-T-20190816.csv,text/csv,19mhoal1tg3XOKF_712PBajUI_FVQeXAf
3,drive#file,1nNCl7T9Ng3GCdk6d22qFzXLBi7ppjX7p,53-TH-H-20190816.xlsx,application/vnd.openxmlformats-officedocument.spreadsheetml.sheet,19mhoal1tg3XOKF_712PBajUI_FVQeXAf
4,drive#file,19EYQv9Zt9EGtD7FC85WQkDbYxHR4WOgL,53-09-40C42121_20190816.xlsx,application/vnd.openxmlformats-officedocument.spreadsheetml.sheet,19mhoal1tg3XOKF_712PBajUI_FVQeXAf
5,drive#file,1AVQk_PONoC5iAcZHNsXUAOfGPJofXbp4,53-04-4098D821_20190816.xlsx,application/vnd.openxmlformats-officedocument.spreadsheetml.sheet,19mhoal1tg3XOKF_712PBajUI_FVQeXAf
6,drive#file,1uq51N9JKZ48vTdG72W1obkjZsscoV84h,53-09-40C42121_20190816.csv,text/csv,19mhoal1tg3XOKF_712PBajUI_FVQeXAf
7,drive#file,1zb5_ILINZD94Es6iv_L5QdUZP3zqJfYY,53-04-4098D821_20190816.csv,text/csv,19mhoal1tg3XOKF_712PBajUI_FVQeXAf
0,drive#file,1KSEcVxxwzV_EuaSSYHfLK69PDtKZvFKF,04-08-40BEBB21-20190619.xlsx,application/vnd.openxmlformats-officedocument.spreadsheetml.sheet,1tcNRw9i3s85A0_jyot4JTJsbW0kTRvGD
1,drive#file,1ynQmeWt5420zoA-xYT7y4t-fFRdtvANA,04-04-40BEBB21-20190619.xlsx,application/vnd.openxmlformats-officedocument.spreadsheetml.sheet,1tcNRw9i3s85A0_jyot4JTJsbW0kTRvGD
0,drive#file,1PlmkHuJjQgu87BrnK5BEAoqrONDbnlXm,06-09-40C14D21-20190730.xlsx,application/vnd.openxmlformats-officedocument.spreadsheetml.sheet,1116TZrc7r4E1AEzM3BWa22LAjmOJ950V
1,drive#file,14-KDgtEEYV5wj3oBRSgq_0egOTJl7GOL,06-09-40C14D21-20190730.csv,text/csv,1116TZrc7r4E1AEzM3BWa22LAjmOJ950V
0,drive#file,1BESbflRV08lnmFGeuGJUrbXWZA4JjawF,57-TH-H-20190620.csv,text/csv,1U9e4f0OuvipzeaUj08I6uK1F-1Y4wFYs
1,drive#file,1P8vb1F-m0PsjE58IZqFyL-HcwM0P2liM,57-TH-T-20190620.csv,text/csv,1U9e4f0OuvipzeaUj08I6uK1F-1Y4wFYs
2,drive#file,15YoJZ3sCD65Oad1rSm671H5tyFgv23uf,comparison iButton data with KNMU Royal meteo inst data on 500m of the Grene-net site.xlsx,application/vnd.openxmlformats-officedocument.spreadsheetml.sheet,1U9e4f0OuvipzeaUj08I6uK1F-1Y4wFYs
0,drive#file,1B4rFWLF5QLnj8NElMN8dnfSCJ04bOcNZ,28-05-36B22721-20190716.xlsx,application/vnd.openxmlformats-officedocument.spreadsheetml.sheet,1rS_lqd-vKdR6Ao-sgXsK_iY70s4VzmEj
1,drive#file,1YjoDt5MgZ1Kwb0PZ8PtKCTLhngZLUxrd,28-TH-H-20190719.csv,text/csv,1rS_lqd-vKdR6Ao-sgXsK_iY70s4VzmEj
2,drive#file,1SHYNWIBYOlZFgiK6zHGBxbW8yasibY11,28-13-40A5F221-20190719.csv,text/csv,1rS_lqd-vKdR6Ao-sgXsK_iY70s4VzmEj
3,drive#file,1BYEvFm-gOq4z-yofFpQLAVzuutAMYokk,28-TH-T-20190719.csv,text/csv,1rS_lqd-vKdR6Ao-sgXsK_iY70s4VzmEj
4,drive#file,1EZSrTHoHGJClpn2qQWbPRiQAU8O8PbTH,28-TH-H-20190719.xlsx,application/vnd.openxmlformats-officedocument.spreadsheetml.sheet,1rS_lqd-vKdR6Ao-sgXsK_iY70s4VzmEj
5,drive#file,1d0kSu6yDjFb9NTas0EwLGr5YY396RjVh,28-TH-T-20190719.xlsx,application/vnd.openxmlformats-officedocument.spreadsheetml.sheet,1rS_lqd-vKdR6Ao-sgXsK_iY70s4VzmEj
6,drive#file,1mhgW6Xk3iPtWGQI0SN-tlRYKpDRSWnKA,28-13-40A5F221-20190719.xlsx,application/vnd.openxmlformats-officedocument.spreadsheetml.sheet,1rS_lqd-vKdR6Ao-sgXsK_iY70s4VzmEj
7,drive#file,1O-Aa0P7L9aP_wDOUZssSXYvD2-6E7QeE,28-05-36B22721-20190716.csv,text/csv,1rS_lqd-vKdR6Ao-sgXsK_iY70s4VzmEj
0,drive#file,1o1r1YAKAqxKbjL6xsfi8JC6nFAXCt7tM,45-10-40AE9821-20190719.csv,text/csv,1FDPQRPWf7H6mvMPaWfzV2nQGSywsqHje
1,drive#file,1D7_7pKATkuWf3lIgDHLsy_Xw6YPyndcI,45-03-40C39921-20190719.csv,text/csv,1FDPQRPWf7H6mvMPaWfzV2nQGSywsqHje
2,drive#file,1O5VyVhihbLY5k7Bh8hDOrXv7drG6XmB8,45-TH-H-20190719.csv,text/csv,1FDPQRPWf7H6mvMPaWfzV2nQGSywsqHje
3,drive#file,1nMeYDqnG5zIphCAcqopXWYfyqdJBjPsE,45-TH-T-20190719.csv,text/csv,1FDPQRPWf7H6mvMPaWfzV2nQGSywsqHje
0,drive#file,14bGcO_SePwpQHXaNAjN6sU2E6zEaknG4,47-06-DS1921GA-20190702.csv,text/csv,1-LBwEVgGDkKSt-a-KfZirlDPOAN3Y54c
1,drive#file,1LZE4YOLjXsqbkcpDOrNvFM_dhY_H7Ddz,47-03-DS1921GA-20190702.csv,text/csv,1-LBwEVgGDkKSt-a-KfZirlDPOAN3Y54c
0,drive#file,1XTQn6Bo8GN01M29XwO8UKnI2Hr3e7cUJ,27-TH-H-50B65E41-20190622.xlsx,application/vnd.openxmlformats-officedocument.spreadsheetml.sheet,1COjXZ2wOLsfBt8BlXdflp2PioQxrsYMH
1,drive#file,1vHmahMq5amwl8YETIIrkOau3Gdp64NNF,27-TH-T-50B65E41-20190622.csv,text/csv,1COjXZ2wOLsfBt8BlXdflp2PioQxrsYMH
2,drive#file,1PFhtblZa9qzpafKxYOHOSS-m6U7Bcmbb,27-TH-T-50B65E41-20190622.xlsx,application/vnd.openxmlformats-officedocument.spreadsheetml.sheet,1COjXZ2wOLsfBt8BlXdflp2PioQxrsYMH
3,drive#file,1pC7vXwwR6X60tMsESYlmlnUT2akNo5JM,27-TH-H-50B65E41-20190622.csv,text/csv,1COjXZ2wOLsfBt8BlXdflp2PioQxrsYMH
0,drive#file,1jrWFt0WR-C9InojF-DAP4bBI-wy7yTwb,13-02-40B56621-20190625.csv,text/csv,1SNrAOIfsyFDOOBlFvLxuBkILSERSNyXn
1,drive#file,16hdZMiGUTPgkOWcvBoQ9z6cSs1pW9xNW,13-TH-T-3F1A1641-20190625.csv,text/csv,1SNrAOIfsyFDOOBlFvLxuBkILSERSNyXn
2,drive#file,1XIIEXUf00UgPCZc6zLxl3wDF0C3McoFN,13-TH-H-3F1A1641-20190625.csv,text/csv,1SNrAOIfsyFDOOBlFvLxuBkILSERSNyXn
0,drive#file,1XTHTtztjrllvy8usgRCgiyRELgCatDNi,10-TH-T-3F16E441-20190625.csv,text/csv,1UwXLFPi0yPH-NzRNlfuKie0VYn_hoctq
1,drive#file,1aavN_42oK4gl3y60y8L1bpvFOGNK8CwO,10-TH-H-3F16E441-20190625.csv,text/csv,1UwXLFPi0yPH-NzRNlfuKie0VYn_hoctq
2,drive#file,1ADX1gFMk0h9bxSCeaynXJ8APvXbSZX2S,10-10-409B2221-20190625.csv,text/csv,1UwXLFPi0yPH-NzRNlfuKie0VYn_hoctq
0,drive#file,1iNUxek8P4bpSkty4OPe1MGvX0_EL6EVV,09-04-40BE4721-20190702.csv,text/csv,1m5Mb1D0oMghfaZ_rKIeYGAlKTn3wKwzW
1,drive#file,1p3Pc1pJrZm72nSkFZryOyvV8lShTqCiF,09-04-40BE4721-20190702.xlsx,application/vnd.openxmlformats-officedocument.spreadsheetml.sheet,1m5Mb1D0oMghfaZ_rKIeYGAlKTn3wKwzW
2,drive#file,1QrBtKH58hEI-6jZEkWA0Vt5eenXuEOvT,09-04-408CE821-20190702.xlsx,application/vnd.openxmlformats-officedocument.spreadsheetml.sheet,1m5Mb1D0oMghfaZ_rKIeYGAlKTn3wKwzW
3,drive#file,1dLDqFqRkZ8IQUwl7UVmNqb1yffEXQpQi,09-04-408CE821-20190702.csv,text/csv,1m5Mb1D0oMghfaZ_rKIeYGAlKTn3wKwzW
0,drive#file,1RB7ps03X3ydOnzDtdCCzFwgywCPRT15a,46-TH-T-20190625.xlsx,application/vnd.openxmlformats-officedocument.spreadsheetml.sheet,1NgOE0U50Us9Fq_radKDmnFOYAXRppCgK
1,drive#file,1sq9sH64T2rn-oMU5KAztDIXItsamsFcF,46-04-408C7C21-20190625.xlsx,application/vnd.openxmlformats-officedocument.spreadsheetml.sheet,1NgOE0U50Us9Fq_radKDmnFOYAXRppCgK
2,drive#file,1GESqzvkbZpiGRpUEFDQLzY-1Se3VaKKJ,46-TH-T-20190625.csv,text/csv,1NgOE0U50Us9Fq_radKDmnFOYAXRppCgK
3,drive#file,1-_Zpd5pi7jHSCbEDEBokGH35OiAhlpPt,46-TH-H-20190625.csv,text/csv,1NgOE0U50Us9Fq_radKDmnFOYAXRppCgK
4,drive#file,166-kbouzAu9dMB5IRTpNwoX1G3jbt_TQ,46-04-408C7C21-20190625.csv,text/csv,1NgOE0U50Us9Fq_radKDmnFOYAXRppCgK
5,drive#file,12aENFSI3_TBYlfDmU8vkQVisWbXEWW22,46-09-40C60821-20190625.csv,text/csv,1NgOE0U50Us9Fq_radKDmnFOYAXRppCgK
6,drive#file,1EVh9ng_zjokh_V93oGyFlk2D6v5s_x54,46-09-40C60821-20190625.xlsx,application/vnd.openxmlformats-officedocument.spreadsheetml.sheet,1NgOE0U50Us9Fq_radKDmnFOYAXRppCgK
7,drive#file,1A6quinW7k8aOL9IQwUXYFEqD7_dQMPqt,46-TH-H-20190625.xlsx,application/vnd.openxmlformats-officedocument.spreadsheetml.sheet,1NgOE0U50Us9Fq_radKDmnFOYAXRppCgK
0,drive#file,1CPjY4RNnqtIVWWMfoVEY42HgphgDufsH,43-09-40BDBC21-20180711.csv,text/csv,1dr1DmW8YjfaegM7fskzWbFEQho7VoyF4
1,drive#file,1YOKV6fqJkCam79iei8STB7uoOpK5RDT-,43-TH-H-20180711.csv,text/csv,1dr1DmW8YjfaegM7fskzWbFEQho7VoyF4
2,drive#file,1rHvW3ilJ_5XJoYis3QYRvL8dmDWeQCAn,43-TH-T-20180711.csv,text/csv,1dr1DmW8YjfaegM7fskzWbFEQho7VoyF4
3,drive#file,1LSPlYhntXc5TM7TUnq-FiFZDFk3Nl9_s,43-05-40BC6821-20180711.csv,text/csv,1dr1DmW8YjfaegM7fskzWbFEQho7VoyF4
0,drive#file,1idpqk_GxlEz28WDTRu7wrghh1aw73mSp,05-TH-T-20190618.csv,text/csv,1cd0QvlEJFyLbQ-bH0BGRFl6_ooaMymvJ
1,drive#file,1d7HW_43IqU9IF46nC5hjnrufIGBGKjlS,05-03-40B1D421-20190618.xlsx,application/vnd.openxmlformats-officedocument.spreadsheetml.sheet,1cd0QvlEJFyLbQ-bH0BGRFl6_ooaMymvJ
2,drive#file,1fiAN8VuRIPPvM2cQQSWStmq20hGZkYnQ,05-10-408EFA21-20190618.csv,text/csv,1cd0QvlEJFyLbQ-bH0BGRFl6_ooaMymvJ
3,drive#file,1KWj2SaPoywkTqy6k12O9cQc3ucbkpX43,05-TH-T-20190618.xlsx,application/vnd.openxmlformats-officedocument.spreadsheetml.sheet,1cd0QvlEJFyLbQ-bH0BGRFl6_ooaMymvJ
4,drive#file,1LGJc7iWVqzKE4WM7F_3mAkWyjnjQFJue,05-TH-H-20190618.xlsx,application/vnd.openxmlformats-officedocument.spreadsheetml.sheet,1cd0QvlEJFyLbQ-bH0BGRFl6_ooaMymvJ
5,drive#file,1I3mvpYkK27_ZdcoormfnI6TkyOACf1mI,05-TH-H-20190618.csv,text/csv,1cd0QvlEJFyLbQ-bH0BGRFl6_ooaMymvJ
6,drive#file,1DiiizptfnGMf2x4NHq1a-BQWDCpzn1Rf,05-10-408EFA21-20190618.xlsx,application/vnd.openxmlformats-officedocument.spreadsheetml.sheet,1cd0QvlEJFyLbQ-bH0BGRFl6_ooaMymvJ
7,drive#file,1eSYw7bm5IkQghILpVf-_yT5NecvqJB4Q,05-03-40B1D421-20190618.csv,text/csv,1cd0QvlEJFyLbQ-bH0BGRFl6_ooaMymvJ
0,drive#file,1sT_BCDBZKHytiBnXsEvvM5un3aFTKvRr,55-TH-H-20180920.xlsx,application/vnd.openxmlformats-officedocument.spreadsheetml.sheet,1HuiuS335Srsk9vYTY_OtTNYHrmedRBf4
1,drive#file,1sjbQf8eBKCghiQCBbd_kwEI473nN7LsH,55-TH-T-20180920.xlsx,application/vnd.openxmlformats-officedocument.spreadsheetml.sheet,1HuiuS335Srsk9vYTY_OtTNYHrmedRBf4
2,drive#file,1ttOgvdy7yJ8SB-GnKSsMbOONUbpXgpqM,55-TH-T-20180920.txt,text/plain,1HuiuS335Srsk9vYTY_OtTNYHrmedRBf4
3,drive#file,1yF2dKun1ZReTKZDVtQJLPQykAWlJCBpQ,55-TH-H-20180920.txt,text/plain,1HuiuS335Srsk9vYTY_OtTNYHrmedRBf4
4,drive#file,1tZbQJ3PsG0KQjEeOq0S4pJ-5tyjfzyGZ,55-06-40B36D21-20180920.txt,text/plain,1HuiuS335Srsk9vYTY_OtTNYHrmedRBf4
5,drive#file,123zmT-5SUl_CSJ5xqcXh-w8lbNnlL8HT,55-06-40B36D21-20180920.csv,text/csv,1HuiuS335Srsk9vYTY_OtTNYHrmedRBf4
0,drive#file,1vHlaLbV9o_pFD2SvUO1nbYtvxgoFC815,35-08-00AAAA00-20181206.csv,text/csv,1aGVysqID6c37aHpMo2Il4dHKGhMxVdFA
1,drive#file,128IEa9fctdo9HaDhfZlcTRls6CHcg3Jy,35-04-00AAAA00-20181206.csv,text/csv,1aGVysqID6c37aHpMo2Il4dHKGhMxVdFA
0,drive#file,1ZvXOMByM8lo57arXAwJzlMhQbw0vklH6,12-TH-H-20180810.csv,text/csv,1hsNx8-VMowDqOhweVECf4DeKki2evvyP
1,drive#file,1WnDRGGWLqn_GmHL7k9BDD7BwMP-DjQiz,12-11-40AD2B21-20180810.csv,text/csv,1hsNx8-VMowDqOhweVECf4DeKki2evvyP
2,drive#file,1EnGpGCEJFS8Lq24zBTNoN6kTiJmAJJLx,12-02-40ADD821-20180810.xlsx,application/vnd.openxmlformats-officedocument.spreadsheetml.sheet,1hsNx8-VMowDqOhweVECf4DeKki2evvyP
3,drive#file,1ImK7SlPRFvK6LYp4RQGfOWRD2SDr9e_K,12-11-40AD2B21-20180810.xlsx,application/vnd.openxmlformats-officedocument.spreadsheetml.sheet,1hsNx8-VMowDqOhweVECf4DeKki2evvyP
4,drive#file,1lveFdOACjxKXDhPUGEyx480CAcjrg6pe,12-02-40ADD821-20180810.csv,text/csv,1hsNx8-VMowDqOhweVECf4DeKki2evvyP
5,drive#file,1-srYrYDZg5tIWD0luZe2dWRV5mMtdh79,12-TH-H-20180810.xlsx,application/vnd.openxmlformats-officedocument.spreadsheetml.sheet,1hsNx8-VMowDqOhweVECf4DeKki2evvyP
6,drive#file,1vEpUX2qnmtD_hbkjv1vsEC7dnkps2qpm,12-TH-T-20180810.xlsx,application/vnd.openxmlformats-officedocument.spreadsheetml.sheet,1hsNx8-VMowDqOhweVECf4DeKki2evvyP
7,drive#file,1dIYeYrwNRgesSTP-PoDYFc8YMCWlLWWx,12-TH-T-20180810.csv,text/csv,1hsNx8-VMowDqOhweVECf4DeKki2evvyP
0,drive#file,1U2D5vrbR5BT3Xpb50BTuSfHjtB0lJ_0X,57-TH-T-20170000.xlsx,application/vnd.openxmlformats-officedocument.spreadsheetml.sheet,1h-81oIuV_AYnnbtfy3gqKEGmzuQN39O1
1,drive#file,1ZukaDGsB195ZXKwl6Ml6nHWFM1PGVdIu,57-TH-H-20170000.xlsx,application/vnd.openxmlformats-officedocument.spreadsheetml.sheet,1h-81oIuV_AYnnbtfy3gqKEGmzuQN39O1
2,drive#file,1e4-54KqW94i6qmutzL1FhFrQdzFHmP-T,57-09-40B84621-20170000.xlsx,application/vnd.openxmlformats-officedocument.spreadsheetml.sheet,1h-81oIuV_AYnnbtfy3gqKEGmzuQN39O1
3,drive#file,1RDWb_RNRe3OQ_XhC5xzoZHMir9OkxkRM,57-10-4090ED21-20170000.xlsx,application/vnd.openxmlformats-officedocument.spreadsheetml.sheet,1h-81oIuV_AYnnbtfy3gqKEGmzuQN39O1
0,drive#file,1FWIubdweusI1g880FvLywWTParGj4bsl,25-09-4096C521-20180000.csv,text/csv,1T4mGLmZ54Z87Wp85WPJddpgzSLILwkyG
1,drive#file,1RJSe9sW2m6YeEyfBmeS8HugwBdUzXZrH,25-04-40AFF521-20180000.csv,text/csv,1T4mGLmZ54Z87Wp85WPJddpgzSLILwkyG
2,drive#file,1iDkmlAaXLBtFoc7tne3UnzuQ_DgFJ_op,25-TH-T-20180000.csv,text/csv,1T4mGLmZ54Z87Wp85WPJddpgzSLILwkyG
3,drive#file,1jLwSKF2BcC2VM9u6jDMhaVKBTIAxHCGG,25-TH-H-20180000.csv,text/csv,1T4mGLmZ54Z87Wp85WPJddpgzSLILwkyG
0,drive#file,1EcgKIt6h5CLJzpx5l8KWdT5Estcye8m1,24-00-00AAAA00-20170000.csv,text/csv,1iawCPjwd_vV0qi57CZaMCC53Cu0MHYX-
1,drive#file,1EsIdosS2PA-mwSZjo0K6Ly_CO0QAsKIT,24-00-00AAAA00-20170000.csv,text/csv,1iawCPjwd_vV0qi57CZaMCC53Cu0MHYX-
2,drive#file,1EdrDSnx1CY8gECQJuohsBicumDIx3uuJ,24-TH-H-20170000.csv,text/csv,1iawCPjwd_vV0qi57CZaMCC53Cu0MHYX-
3,drive#file,1PuH47To73c9R38yyrRzZMnL8wJNzql0f,24-TH-T-20170000.csv,text/csv,1iawCPjwd_vV0qi57CZaMCC53Cu0MHYX-
0,drive#file,12S5pcPaqt8mOlVKtDjeVYuHowNqCIoL9,52-TH-H-20180806.xlsx,application/vnd.openxmlformats-officedocument.spreadsheetml.sheet,1Tz2D0N91uaWWIvKLVWFwYl5P__ngzXG7
1,drive#file,14CgYb5j3dn_Bf_XYugYfGg_ylFbVFnPZ,52-TH-T-20180806.xlsx,application/vnd.openxmlformats-officedocument.spreadsheetml.sheet,1Tz2D0N91uaWWIvKLVWFwYl5P__ngzXG7
2,drive#file,1Uwg018AfrNUAKOvWuOCnxyZawTrt-ZvC,52-TH-T-20180806.csv,text/csv,1Tz2D0N91uaWWIvKLVWFwYl5P__ngzXG7
3,drive#file,1YkwV4t44LmBUyOTatveKMlWJqXr9Awtf,52-TH-H-20180806.csv,text/csv,1Tz2D0N91uaWWIvKLVWFwYl5P__ngzXG7
4,drive#file,1juN0PCTdk1ZcgBz8XgxcbS9z79SA1iLM,52-12-40A32A21-20180806.xlsx,application/vnd.openxmlformats-officedocument.spreadsheetml.sheet,1Tz2D0N91uaWWIvKLVWFwYl5P__ngzXG7
5,drive#file,1zKhnSfa8EkjKakJARtWptPjoK5FHUbnH,52-12-40A32A21-20180806.csv,text/csv,1Tz2D0N91uaWWIvKLVWFwYl5P__ngzXG7
6,drive#file,19aTT5uEVzxs3VTwZZBGNd9vr9zQPrR4u,52-05-40A32A21-20180806.xlsx,application/vnd.openxmlformats-officedocument.spreadsheetml.sheet,1Tz2D0N91uaWWIvKLVWFwYl5P__ngzXG7
7,drive#file,1yfGu6Z9V0dnSVFBfPGB3H-6Z0k_EyQkr,52-05-40A32A21-20180806.csv,text/csv,1Tz2D0N91uaWWIvKLVWFwYl5P__ngzXG7
0,drive#file,1Knxv9Ou_FDcysZQW-WRjmKLz3h_TI0L3,23-TH-H-20180813.csv,text/csv,1kjlXm9Gwy8OFaMuEG1zqvCRvW23uyWI8
1,drive#file,1Cmc0zznyqt5RN_7PukeTv71WHian2uPX,23-10-409E6021-20180813.csv,text/csv,1kjlXm9Gwy8OFaMuEG1zqvCRvW23uyWI8
2,drive#file,1V58pmazotH9iKvqQtoTiTC0n0RnXAR_u,23-TH-T-20180813.csv,text/csv,1kjlXm9Gwy8OFaMuEG1zqvCRvW23uyWI8
3,drive#file,1NjjbtqeKfduY4M3ZvOvyivEvaEuoHX10,23-04-40A6BA21-20180813.csv,text/csv,1kjlXm9Gwy8OFaMuEG1zqvCRvW23uyWI8
0,drive#file,1nI3MIUQVV5JFHnpJd-qotOeuZzz8JPzd,45-03-40AE9821-20180718.csv,text/csv,1rLsQxXbreeHHJumMxc1849KaXAUCWVtj
1,drive#file,1OG4OjzsFoDuohnrWAydwMs44TKu94iPs,45-TH-T-20180718.csv,text/csv,1rLsQxXbreeHHJumMxc1849KaXAUCWVtj
2,drive#file,1z0kgTvXl30pJpnR4DZXicTIupoJL_ZAR,45-10-40C39921-20180718.csv,text/csv,1rLsQxXbreeHHJumMxc1849KaXAUCWVtj
3,drive#file,102enJDVNwYMJsicoFqWTbBEvebpfcHOC,45-TH-H-20180718.csv,text/csv,1rLsQxXbreeHHJumMxc1849KaXAUCWVtj
0,drive#file,1sgvo14paaA09h_SCYL9tEmJ7RwefTklZ,42-11-40971121-20180714.xlsx,application/vnd.openxmlformats-officedocument.spreadsheetml.sheet,1orVVKrnA-ZfmsogzHJXqR-budaks58YN
1,drive#file,1q-ggCtJLxYog1MPgmbdmUMrFQL_fq0M0,42-TH-H-20180714.xlsx,application/vnd.openxmlformats-officedocument.spreadsheetml.sheet,1orVVKrnA-ZfmsogzHJXqR-budaks58YN
2,drive#file,1Csa57CDz954gLD4oudPv_8BzzHVQoOpl,42-11-40971121-20180714.csv,text/csv,1orVVKrnA-ZfmsogzHJXqR-budaks58YN
3,drive#file,17spm-MpzyzwF-O1yN8levjZAGs4nFQrd,42-TH-T-20180714.xlsx,application/vnd.openxmlformats-officedocument.spreadsheetml.sheet,1orVVKrnA-ZfmsogzHJXqR-budaks58YN
4,drive#file,129Ec7t5b4A5etbqAm4qiJVN48q9POoOb,42-02-40a3f021-20180714.xlsx,application/vnd.openxmlformats-officedocument.spreadsheetml.sheet,1orVVKrnA-ZfmsogzHJXqR-budaks58YN
5,drive#file,15XaOAo4hq5BDDB9mFAmfX17UW4GP_Jh1,42-TH-T-20180714.csv,text/csv,1orVVKrnA-ZfmsogzHJXqR-budaks58YN
6,drive#file,1H_tPQC-UmJxwnnS6MrIUgdDWud0V6tBM,42-TH-H-20180714.csv,text/csv,1orVVKrnA-ZfmsogzHJXqR-budaks58YN
7,drive#file,1R5XCeiYI4yWx1aBFrbs9A-yiJ-M5M4Bf,42-02-40a3f021-20180714.csv,text/csv,1orVVKrnA-ZfmsogzHJXqR-budaks58YN
0,drive#file,1uv1L1Lf0fD39WOTyMFx-ujwiX9Px7kjs,48-08-40CD9A21-20180828.csv,text/csv,1jwizxfAEW6JAIWf2doghU9i9TNrHHQcC
1,drive#file,1CIDUlfcm48dbjGT_-rMg5o8Mh3YQcZ5X,48-TH-H-20180828.csv,text/csv,1jwizxfAEW6JAIWf2doghU9i9TNrHHQcC
2,drive#file,1Fu4y2eL8ckEi8Vgs9rmhzE2R1ufajKjY,48-TH-T-20180828.csv,text/csv,1jwizxfAEW6JAIWf2doghU9i9TNrHHQcC
3,drive#file,1i6BKXedsYCuY-GPDmWAQwbcq7XQlMXND,48-TH-H-20180828.xlsx,application/vnd.openxmlformats-officedocument.spreadsheetml.sheet,1jwizxfAEW6JAIWf2doghU9i9TNrHHQcC
4,drive#file,17w3IoWcxDmLWdgVoZgT6MehQLjE_EMjk,48-04-408FCE21-20180828.xlsx,application/vnd.openxmlformats-officedocument.spreadsheetml.sheet,1jwizxfAEW6JAIWf2doghU9i9TNrHHQcC
5,drive#file,1r7vU99JS5YEsbz9LyLg1TcM4TsQ_lFiI,48-08-40CD9A21-20180828.xlsx,application/vnd.openxmlformats-officedocument.spreadsheetml.sheet,1jwizxfAEW6JAIWf2doghU9i9TNrHHQcC
6,drive#file,1q4NgkPv37DA9dEeclqzxVrBEczR0WZEZ,48-TH-T-20180828.xlsx,application/vnd.openxmlformats-officedocument.spreadsheetml.sheet,1jwizxfAEW6JAIWf2doghU9i9TNrHHQcC
7,drive#file,1ArPDvTQcqzjC4xksbCpWMXpmf5nKFYbM,48-04-408FCE21-20180828.csv,text/csv,1jwizxfAEW6JAIWf2doghU9i9TNrHHQcC
0,drive#file,1T6xm8TpnXiO0ikr6ehgkr1oDqydMZGhw,54-TH-H-20180912.csv,text/csv,1MDAcPbqVjy8ozjBhxXmIEcbwAxCGneOt
1,drive#file,1vd2RuuPL6WV4lUWymPSDzL8v7FG4H5bg,54-11-40C26B21-20180912.csv,text/csv,1MDAcPbqVjy8ozjBhxXmIEcbwAxCGneOt
2,drive#file,1I6ZA-2uvIFUaFyNB8x_VuG_mhFduWkMT,54-TH-T-20180912.csv,text/csv,1MDAcPbqVjy8ozjBhxXmIEcbwAxCGneOt
3,drive#file,18xlAFk9ModO3qZ-_dhfk7kdueUKlUgQg,54-02-40AFE521-20180912.csv,text/csv,1MDAcPbqVjy8ozjBhxXmIEcbwAxCGneOt
0,drive#file,19w-aC3NP6zFJacSisVnlWZI-xaEvDGRo,19-03-00AAAA00-20170000.txt,text/plain,1h0OzqdmZCgRruxB3uGmYqp9-cqXOn9Qu
1,drive#file,1tIX3soJMO6Qj7joGLg5clOQqI35Kn4wn,19-01-00AAAA00-20170000.txt,text/plain,1h0OzqdmZCgRruxB3uGmYqp9-cqXOn9Qu
2,drive#file,1EhkSBJXjWIC3U5THCND-nQngYGAOVXfC,19-TH-T-20170000.xlsx,application/vnd.openxmlformats-officedocument.spreadsheetml.sheet,1h0OzqdmZCgRruxB3uGmYqp9-cqXOn9Qu
3,drive#file,1SzJGsXP7KVef-7nVM7xXcxrXGjU6bG4G,19-TH-H-20170000.xlsx,application/vnd.openxmlformats-officedocument.spreadsheetml.sheet,1h0OzqdmZCgRruxB3uGmYqp9-cqXOn9Qu
0,drive#file,1MQ0AppbGkqg4sHMhfI_zNI5a8Yh_XrZn,37-TH-T-50B4A941-20180822.xlsx,application/vnd.openxmlformats-officedocument.spreadsheetml.sheet,1yJnlkQe4IZ3gjQy4_hrfMiosGPHDYRqT
1,drive#file,1HGHpvyFrXbRYka2onWCoWw_HLGWfxCHV,37-TH-H-50B4A941-20180822.csv,text/csv,1yJnlkQe4IZ3gjQy4_hrfMiosGPHDYRqT
2,drive#file,1N0hPIzPLBMBbChbW2UksDXQ35rCCDble,37-TH-T-50B4A941-20180822.csv,text/csv,1yJnlkQe4IZ3gjQy4_hrfMiosGPHDYRqT
3,drive#file,1UkZNJUtVn9J0VVZEcEMgnip4zqxEigfK,37-TH-H-50B4A941-20180822.xlsx,application/vnd.openxmlformats-officedocument.spreadsheetml.sheet,1yJnlkQe4IZ3gjQy4_hrfMiosGPHDYRqT
0,drive#file,1PxQLrM32xi9Bdn7QTU0-_eJ1CO2im8bC,49-03-40987721-20180829.xlsx,application/vnd.openxmlformats-officedocument.spreadsheetml.sheet,1MNAPbEtDngVpQfjK6hXwBPtBXEbs7bxF
1,drive#file,1lkGR52KUtY6JbWs90PNJ67p4EyLj9cHw,49-03-40987721-20180829.csv,text/csv,1MNAPbEtDngVpQfjK6hXwBPtBXEbs7bxF
2,drive#file,1qmJ0cctReks-MDfNo56SlytX-NFlAqTf,49-10-4094DC21-20180830.csv,text/csv,1MNAPbEtDngVpQfjK6hXwBPtBXEbs7bxF
3,drive#file,1AU-VY8_TmCyFRBZZn32TGR-hICnn7vf3,49-10-4094DC21-20180830.xlsx,application/vnd.openxmlformats-officedocument.spreadsheetml.sheet,1MNAPbEtDngVpQfjK6hXwBPtBXEbs7bxF
0,drive#file,1BGM2u9gy94n9TSUVBh46ZcRxKVINWHpj,27-01-40C6BD21-20180811.csv,text/csv,1vqtIBhCdHVmH9yIGk6rrYRl1__ZacVf3
1,drive#file,1U4YChOflI9W6S_FxSsidINViVm-TKY-F,27-TH-T-50B65E41-20180811.csv,text/csv,1vqtIBhCdHVmH9yIGk6rrYRl1__ZacVf3
2,drive#file,12dC3S3qdv2NxgCVpnrIv20YZWUfmLxfA,27-01-40C6BD21-20180811.xlsx,application/vnd.openxmlformats-officedocument.spreadsheetml.sheet,1vqtIBhCdHVmH9yIGk6rrYRl1__ZacVf3
3,drive#file,1-tUv9EERoE230B4p7KRVnWwpijTZXvlg,27-TH-T-50B65E41-20180811.xlsx,application/vnd.openxmlformats-officedocument.spreadsheetml.sheet,1vqtIBhCdHVmH9yIGk6rrYRl1__ZacVf3
4,drive#file,1wQ3Sdb0OUzxBKiRx72ZOiiZNVNPmnGyu,27-TH-H-50B65E41-20180811.xlsx,application/vnd.openxmlformats-officedocument.spreadsheetml.sheet,1vqtIBhCdHVmH9yIGk6rrYRl1__ZacVf3
5,drive#file,1arIzQKlaRC-QIha9RTIYezdTS7yWdChC,27-01-408BE821-20180811.xlsx,application/vnd.openxmlformats-officedocument.spreadsheetml.sheet,1vqtIBhCdHVmH9yIGk6rrYRl1__ZacVf3
6,drive#file,1oaYOYvLVQMKSv4evkjcr5zzSCXFFi7e4,27-TH-H-50B65E41-20180811.csv,text/csv,1vqtIBhCdHVmH9yIGk6rrYRl1__ZacVf3
7,drive#file,1QR4FKjRhnbU-P6shDL5sY785Zwl1kUFi,27-01-408BE821-20180811.csv,text/csv,1vqtIBhCdHVmH9yIGk6rrYRl1__ZacVf3
0,drive#file,1KgAHVpwer55I0Kpb64CHM8YPsa67qZHx,02-TH-H-20180716.csv,text/csv,1mwnC1opLOLb9NPozGQcypNS4f-r6n5gp
1,drive#file,1nulegJht9U8oMQhIgJClMc-0VlzhVwap,02-TH-T-20180716.csv,text/csv,1mwnC1opLOLb9NPozGQcypNS4f-r6n5gp
2,drive#file,1c8_4EWGaj5gCd8KBV242WeCcea7XASRq,02-TH-T-20180716.xlsx,application/vnd.openxmlformats-officedocument.spreadsheetml.sheet,1mwnC1opLOLb9NPozGQcypNS4f-r6n5gp
3,drive#file,1RwdcpqHodqwu_8VtkbvV3APpNh_xCwzc,02-06-40A5F521-20180716.csv,text/csv,1mwnC1opLOLb9NPozGQcypNS4f-r6n5gp
4,drive#file,1EA5xe-bFHhaZaTY7iHDVDV5VkoWseAjf,02-12-40CADA21-20180716.xlsx,application/vnd.openxmlformats-officedocument.spreadsheetml.sheet,1mwnC1opLOLb9NPozGQcypNS4f-r6n5gp
5,drive#file,1H3cO8G-lg-8WqEl6p7gXQsH6UjIw6-zC,02-06-40A5F521-20180716.xlsx,application/vnd.openxmlformats-officedocument.spreadsheetml.sheet,1mwnC1opLOLb9NPozGQcypNS4f-r6n5gp
6,drive#file,1eRsFhj1TXvtY2oKtnjYUwwAectjHpUJg,02-12-40CADA21-20180716.csv,text/csv,1mwnC1opLOLb9NPozGQcypNS4f-r6n5gp
7,drive#file,1Zcx1GgvK6kf_WZ3ERbJDpdkwBNLKVp9i,02-TH-H-20180716.xlsx,application/vnd.openxmlformats-officedocument.spreadsheetml.sheet,1mwnC1opLOLb9NPozGQcypNS4f-r6n5gp
0,drive#file,1ao2S-6qDwaInfF2ru4C7GjrPgxKto_tW,01-TH-H-3F04EE41-20180809.csv,text/csv,1F-G3RTurV-Ewjsv-owlOmw3SYJQfe8Pj
1,drive#file,17SU68ehpJf21KzfUbyRYWNdTNvoHthS3,01-TH-T-3F04EE41-20180809.xlsx,application/vnd.openxmlformats-officedocument.spreadsheetml.sheet,1F-G3RTurV-Ewjsv-owlOmw3SYJQfe8Pj
2,drive#file,1mPL8W8K4UVzyPazuX2i76FCRRWZvpJCW,01-TH-H-3F04EE41-20180809.xlsx,application/vnd.openxmlformats-officedocument.spreadsheetml.sheet,1F-G3RTurV-Ewjsv-owlOmw3SYJQfe8Pj
3,drive#file,1QgOBQyv57ldpBu6go7DHfwFxpbE4sy0G,01-03-40C89021-20180809.xlsx,application/vnd.openxmlformats-officedocument.spreadsheetml.sheet,1F-G3RTurV-Ewjsv-owlOmw3SYJQfe8Pj
4,drive#file,1yC8XdiQCsAmPyLk5nizCd8ZEUbib2L3c,01-TH-T-3F04EE41-20180809.csv,text/csv,1F-G3RTurV-Ewjsv-owlOmw3SYJQfe8Pj
5,drive#file,1-mQzUB-xFhWed8UuRGotuonif84tWMjw,01-03-40C89021-20180809.csv,text/csv,1F-G3RTurV-Ewjsv-owlOmw3SYJQfe8Pj
0,drive#file,15W2gM2rvZI0oKkgXBfdn4u3lVTUZhOr8,04-08-40BEBB21-20180808.csv,text/csv,1l_rEpkl9gE_Sxg4_xT1_oQYrdlOiVp4I
1,drive#file,1fod-F0ff27t6uV-EL6GM4n-VaZB-AguC,04-04-40BEBB21-20180808.csv,text/csv,1l_rEpkl9gE_Sxg4_xT1_oQYrdlOiVp4I
0,drive#file,1EiuvjNiWdOWi-eecsrUzF1il1GSlUBLX,28-TH-T-20180808.csv,text/csv,1dD8KsU0MXAsqfcVKnH0LN6oX01dTtA8r
1,drive#file,1QWYduX31RGHbiooLlw7rK_r31kW5Og-P,part 1.1,application/octet-stream,1dD8KsU0MXAsqfcVKnH0LN6oX01dTtA8r
2,drive#file,1jBOhLb2TOdNzNewyq3dFVCv67U9G3ztH,28-TH-H-20180808.xlsx,application/vnd.openxmlformats-officedocument.spreadsheetml.sheet,1dD8KsU0MXAsqfcVKnH0LN6oX01dTtA8r
3,drive#file,1r_S6tyj_lqwoRKsZBApTBYSe3AP9K3dw,28-TH-H-20180808.csv,text/csv,1dD8KsU0MXAsqfcVKnH0LN6oX01dTtA8r
4,drive#file,1jiFY01ufXXS0JloWeDXFYRSV8t3Z_bfk,28-13-40A5F221-20180808.csv,text/csv,1dD8KsU0MXAsqfcVKnH0LN6oX01dTtA8r
5,drive#file,160iTX5ZFde3EBfcVCNDhaGFe_Vvy2m3c,28-TH-T-20180808.xlsx,application/vnd.openxmlformats-officedocument.spreadsheetml.sheet,1dD8KsU0MXAsqfcVKnH0LN6oX01dTtA8r
6,drive#file,1Fl4eHXSHXJAYhDz60EMtGDzJTF61YonA,28-13-40A5F221-20180808.xlsx,application/vnd.openxmlformats-officedocument.spreadsheetml.sheet,1dD8KsU0MXAsqfcVKnH0LN6oX01dTtA8r
7,drive#file,1CcE0a0H0qq-9We6ormdJ98RtlnYhG9hn,28-06-409B0C21-20180808.xlsx,application/vnd.openxmlformats-officedocument.spreadsheetml.sheet,1dD8KsU0MXAsqfcVKnH0LN6oX01dTtA8r
8,drive#file,1GRDEoSCm1ttAjdmOnOH4T6Iz3ZkbIG_n,part 1.2,text/html,1dD8KsU0MXAsqfcVKnH0LN6oX01dTtA8r
9,drive#file,1AzCeQCzSxolRmUp10Zq0KuVMXFCPlZ1F,28-06-409B0C21-20180808.csv,text/csv,1dD8KsU0MXAsqfcVKnH0LN6oX01dTtA8r
0,drive#file,1DLa_5rUqSt-Lc8WTz7jzxSaEZTpFcJ0d,47-03-DS1921GA-20180808.xlsx,application/vnd.openxmlformats-officedocument.spreadsheetml.sheet,1HZmFi8pboAlTR3G3Qt8OCnqPftN-piRX
1,drive#file,1SRWhsfE-CYPf8Lf-kXWwMmBJgXzx2CLX,47-03-DS1921GA-20180808.csv,text/csv,1HZmFi8pboAlTR3G3Qt8OCnqPftN-piRX
2,drive#file,1gVZm0JZnbIJDbJQkLSVT-N8xqrchAHkp,47-06-DS1921GA-20180809.csv,text/csv,1HZmFi8pboAlTR3G3Qt8OCnqPftN-piRX
3,drive#file,146-KMchUmqT56q-8SCYJrW5opqWQVBMO,47-TH-T-20180808.csv,text/csv,1HZmFi8pboAlTR3G3Qt8OCnqPftN-piRX
4,drive#file,1DjYpRYjRPkX57WtlwT2U14KDbgKTK2ve,47-TH-H-20180808.csv,text/csv,1HZmFi8pboAlTR3G3Qt8OCnqPftN-piRX
0,drive#file,11XiPxrpV0w0XgYdlCwnfnqJDAirfv-Jm,53-TH-T-20180807.xlsx,application/vnd.openxmlformats-officedocument.spreadsheetml.sheet,1D2RCFmf_79TGAmWWo7znQkEjjL1oxnz1
1,drive#file,1ROqqBqXHx_ZEEeTuFXenUteiVqfTQB-G,53-TH-H-20180807.xlsx,application/vnd.openxmlformats-officedocument.spreadsheetml.sheet,1D2RCFmf_79TGAmWWo7znQkEjjL1oxnz1
2,drive#file,1sSyKQN4dVsXZ5vbjhn9TA6kS59Nny2n6,part 1,application/octet-stream,1D2RCFmf_79TGAmWWo7znQkEjjL1oxnz1
3,drive#file,1UKzSh7xXOSONTrwt1fQ6HIXSxJ17nMw0,53-TH-T-20180807.csv,text/csv,1D2RCFmf_79TGAmWWo7znQkEjjL1oxnz1
4,drive#file,1IQXO-ovCuETNxi9NDCWw5U15O-8PHxrm,53-TH-H-20180807.csv,text/csv,1D2RCFmf_79TGAmWWo7znQkEjjL1oxnz1
5,drive#file,1RknShAo8c7IEEuSNL3vPLuLAIh8a1Cii,53-09-40C42121-20180807.xlsx,application/vnd.openxmlformats-officedocument.spreadsheetml.sheet,1D2RCFmf_79TGAmWWo7znQkEjjL1oxnz1
6,drive#file,15fl7vXYGAkGGkUCq7GpQB_1qFlrhLM5X,53-09-40C42121-20180807.csv,text/csv,1D2RCFmf_79TGAmWWo7znQkEjjL1oxnz1
7,drive#file,14s8ZHbe_utKn7yBqeV5VOypr-Lu33So6,53-04-4098D821-20180807.xlsx,application/vnd.openxmlformats-officedocument.spreadsheetml.sheet,1D2RCFmf_79TGAmWWo7znQkEjjL1oxnz1
8,drive#file,1hllAj2N3SrrJWgyftl9PWuOUmkVMrajv,53-04-4098D821-20180807.csv,text/csv,1D2RCFmf_79TGAmWWo7znQkEjjL1oxnz1
0,drive#file,18W8P6SShwCbO9WeYo4evN92BP-ZvZJE-,26-07-40CC6821-20180731.xlsx,application/vnd.openxmlformats-officedocument.spreadsheetml.sheet,17zwDLcP0sx3gzhPXT5YhLBHsieYRaid_
1,drive#file,1lTDJrCwBvkuyiDxXi6BeUrNiR6CmGWPd,26-TH-T-20180731.csv,text/csv,17zwDLcP0sx3gzhPXT5YhLBHsieYRaid_
2,drive#file,17dyiFTcfJ-eAlVMTsqyvCY8uRLYL5lcr,26-TH-H-20180731.csv,text/csv,17zwDLcP0sx3gzhPXT5YhLBHsieYRaid_
3,drive#file,1V2IS2Xigc1HpMDYfxDTVhVFWRkq4p4Q1,26-07-40CC6821-20180731.csv,text/csv,17zwDLcP0sx3gzhPXT5YhLBHsieYRaid_
4,drive#file,1vmpgbXFIncwxN0snOegNGiYS4OmJAxoa,26-TH-H-20180731.xlsx,application/vnd.openxmlformats-officedocument.spreadsheetml.sheet,17zwDLcP0sx3gzhPXT5YhLBHsieYRaid_
5,drive#file,1ps1Bj4s8BhTpzhtUbkJD_vxo4yO2JerQ,26-03-40C14C21-20180731.csv,text/csv,17zwDLcP0sx3gzhPXT5YhLBHsieYRaid_
6,drive#file,1MBqQT5NquXUGtIrxL0hojXVnYCvrTVp2,26-03-40C14C21-20180731.xlsx,application/vnd.openxmlformats-officedocument.spreadsheetml.sheet,17zwDLcP0sx3gzhPXT5YhLBHsieYRaid_
0,drive#file,1y4ua-DwPEfWcl4aMxwPTF7G8bI-f-6OG,10-03-40C2A421-20180730.csv,text/csv,10AbpKOsoajwoMlHxp1KBTu7lTzqU_vz2
1,drive#file,1mW8HJflqzVXMBT8hYT-6U-U6lb1yD0nN,10-TH-T-20180730.csv,text/csv,10AbpKOsoajwoMlHxp1KBTu7lTzqU_vz2
2,drive#file,1sq_YS5DOv9604Sykubf2vkJYcKQUjkav,10-TH-H-20180730.csv,text/csv,10AbpKOsoajwoMlHxp1KBTu7lTzqU_vz2
3,drive#file,1RWG-OiRr0hdFDcMW3gKCbaWMqTl3omiu,10-10-409B2221-20180730.csv,text/csv,10AbpKOsoajwoMlHxp1KBTu7lTzqU_vz2
0,drive#file,1h0C58mZFmo2aW5bNN9SJkgKNfsqhHvMw,13-02-40B56621-20180730.csv,text/csv,1JLWmDOm_f2e08fTvc1AAvKHn23c8RwHY
0,drive#file,1tbO9FjuCLIGNGLks1IU-DW3JAoslA0Cd,32-TH-H-50B4E541-20180801.csv,text/csv,1DWVFyX4wXDWjXjFEm5XfVDJ6Ywx8MEyg
1,drive#file,1hYePaI-HQpLjorhlLvpdMXRI-ChI8v8c,32-TH-T-50B4E541-20180801.csv,text/csv,1DWVFyX4wXDWjXjFEm5XfVDJ6Ywx8MEyg
2,drive#file,1Yc6XPL1vD3yjuBjZrkhieM9R3uwmUIzj,32-10-409E7B21-20180801.csv,text/csv,1DWVFyX4wXDWjXjFEm5XfVDJ6Ywx8MEyg
3,drive#file,1M_pNRJmEaWg-K8a0Fetprw6alCS6Vpkw,32-10-409E7B21-20180801.xlsx,application/vnd.openxmlformats-officedocument.spreadsheetml.sheet,1DWVFyX4wXDWjXjFEm5XfVDJ6Ywx8MEyg
4,drive#file,1OMHfmUC2GPP-0d3LI9qkat4wFvZDeM88,32-03-40C97821-20180801.xlsx,application/vnd.openxmlformats-officedocument.spreadsheetml.sheet,1DWVFyX4wXDWjXjFEm5XfVDJ6Ywx8MEyg
5,drive#file,1W-kivXuZmSXrRAddEgKzCrKzJJwphqH4,32-03-40C97821-20180801.csv,text/csv,1DWVFyX4wXDWjXjFEm5XfVDJ6Ywx8MEyg
0,drive#file,1FF0XuEuBrhWBii2YYtf24Pt2tlq_8jFN,46-TH-T-20180725.csv,text/csv,1Hxm9FjmU0QYQdapH5KSoxSKmfoZ00Nrv
1,drive#file,1SKwtRyiIHDNmqAEf7k2LpAdWQ5aG_9qj,46-TH-T-20180725.xlsx,application/vnd.openxmlformats-officedocument.spreadsheetml.sheet,1Hxm9FjmU0QYQdapH5KSoxSKmfoZ00Nrv
2,drive#file,1n8NwJN0TIpeHiG1FNib6dTtntOfVNKSh,46-09-40C60821-20180725.xlsx,application/vnd.openxmlformats-officedocument.spreadsheetml.sheet,1Hxm9FjmU0QYQdapH5KSoxSKmfoZ00Nrv
3,drive#file,1h2GHWV93KWXeox-SdxuOK288gLAH5ZBx,46-TH-H-20180725.xlsx,application/vnd.openxmlformats-officedocument.spreadsheetml.sheet,1Hxm9FjmU0QYQdapH5KSoxSKmfoZ00Nrv
4,drive#file,1HMapDlLCJud6HctjywyPWjvug6Hpapm0,46-TH-H-20180725.csv,text/csv,1Hxm9FjmU0QYQdapH5KSoxSKmfoZ00Nrv
5,drive#file,14lydWOa6fb2J8RpKqf1R5RLaQ99mdnFH,46-09-40C60821-20180725.csv,text/csv,1Hxm9FjmU0QYQdapH5KSoxSKmfoZ00Nrv
6,drive#file,18SSyMJTZs8fKfVxCZODo5poo5e_i8kds,46-04-408C7C21-20180725.xlsx,application/vnd.openxmlformats-officedocument.spreadsheetml.sheet,1Hxm9FjmU0QYQdapH5KSoxSKmfoZ00Nrv
7,drive#file,1FAteiXs133AcXxcXaH1vHxATOYU9otKP,46-04-408C7C21-20180725.csv,text/csv,1Hxm9FjmU0QYQdapH5KSoxSKmfoZ00Nrv
0,drive#file,18g-c4NmI7jIM9dZ1UBT2FdStO7pzZBU6,11-03-40BB3A21-20180803.xlsx,application/vnd.openxmlformats-officedocument.spreadsheetml.sheet,1eQvrdIYQolG4_Wn-0GjhWQfj1r4Zl6vC
1,drive#file,1VuKQ50cZN8NmZqgjpUq8hl0Q8K4U_gv4,11-03-40BB3A21-20180803.csv,text/csv,1eQvrdIYQolG4_Wn-0GjhWQfj1r4Zl6vC
2,drive#file,1cTzvk0_GkE5VBsT8lC0mYHRJIWr4_lI0,11-10-40CE0721-20180803.csv,text/csv,1eQvrdIYQolG4_Wn-0GjhWQfj1r4Zl6vC
3,drive#file,1vg_kmqLqVcLiWdAUul2R4nSz1dGV9-7y,11-TH-H-20180803.xlsx,application/vnd.openxmlformats-officedocument.spreadsheetml.sheet,1eQvrdIYQolG4_Wn-0GjhWQfj1r4Zl6vC
4,drive#file,1jdrwhBm7aySv6oFSzfpkIFVyYwDP08-X,11-10-40CE0721-20180803.xlsx,application/vnd.openxmlformats-officedocument.spreadsheetml.sheet,1eQvrdIYQolG4_Wn-0GjhWQfj1r4Zl6vC
5,drive#file,1JVdmCgDAH-k5VmqZM_KfTmMs9i82O_jY,11-TH-H-20180803.csv,text/csv,1eQvrdIYQolG4_Wn-0GjhWQfj1r4Zl6vC
6,drive#file,1mK1Z2hzqJzL9YpntN24irmP5HV3U7maa,11-TH-T-20180803.csv,text/csv,1eQvrdIYQolG4_Wn-0GjhWQfj1r4Zl6vC
7,drive#file,1aa5Ua-9hGOmPQIeofaLJFu3lp31uM6I7,11-TH-T-20180803.xlsx,application/vnd.openxmlformats-officedocument.spreadsheetml.sheet,1eQvrdIYQolG4_Wn-0GjhWQfj1r4Zl6vC
0,drive#file,1uHv3VLnkXq-inbSTw-VzKwZw2ZuZEJIn,60-10-00AAAA00-20180801.csv,text/csv,1B-9Js3SMEsTN57PX7Eq_bKjhm2d6nLuA
1,drive#file,10O-h_eiq6eUCOyV3A3g8CKW2i7GTyTgx,60-03-00AAAA00-20180801.csv,text/csv,1B-9Js3SMEsTN57PX7Eq_bKjhm2d6nLuA
2,drive#file,15EoizPiQfT03sFFi70aUeauArbjrbkJ8,60-TH-H-20180801.csv,text/csv,1B-9Js3SMEsTN57PX7Eq_bKjhm2d6nLuA
3,drive#file,14Llm6uTs389uvxSp_npkjVJy9lqeNifv,60-TH-T-20180801.csv,text/csv,1B-9Js3SMEsTN57PX7Eq_bKjhm2d6nLuA
0,drive#file,1BxxbK_5fzzl9njgkyQQCMP930gthlOMq,09-TH-T-20180712.xlsx,application/vnd.openxmlformats-officedocument.spreadsheetml.sheet,18fmZr8zIrngPry1zbZsK4FkMdWjCHZsH
1,drive#file,1JwC70iUurwR_B8oEh6irpRKwdP98zxup,09-TH-T-20180712.csv,text/csv,18fmZr8zIrngPry1zbZsK4FkMdWjCHZsH
2,drive#file,1qth2kmRKk7jRViAxV_l5VvARoHNfP59N,09-TH-H-20180712.xlsx,application/vnd.openxmlformats-officedocument.spreadsheetml.sheet,18fmZr8zIrngPry1zbZsK4FkMdWjCHZsH
3,drive#file,1tyRNTtDJJEUQKYM_Q9D4h0amMaoazJ3G,09-04-40BE4721-20180712.xlsx,application/vnd.openxmlformats-officedocument.spreadsheetml.sheet,18fmZr8zIrngPry1zbZsK4FkMdWjCHZsH
4,drive#file,1jUwpUsskrtvvAuzbsGswMcymT3OEl5p9,09-08-408CE821-20180712.xlsx,application/vnd.openxmlformats-officedocument.spreadsheetml.sheet,18fmZr8zIrngPry1zbZsK4FkMdWjCHZsH
5,drive#file,1AOdQONGeiil9INxJtt--cywXFmIAgDTk,09-08-408CE821-20180712.csv,text/csv,18fmZr8zIrngPry1zbZsK4FkMdWjCHZsH
6,drive#file,1vqJQ_AhuCYl3qtsJuq-iYOiJ027x0s9m,09-04-40BE4721-20180712.csv,text/csv,18fmZr8zIrngPry1zbZsK4FkMdWjCHZsH
7,drive#file,1-Qf7u3_JU-0fiex6rFKb7ZYUlmTD3eTp,09-TH-H-20180712.csv,text/csv,18fmZr8zIrngPry1zbZsK4FkMdWjCHZsH
0,drive#file,1x-nkl_Pq4iTFGiAwvd5DtDOOE9ppTYdc,06-09-40C14D21-20180725.xlsx,application/vnd.openxmlformats-officedocument.spreadsheetml.sheet,1-umkkGe0q0mY72uJ_Va1kcA_1NUpTiLY
1,drive#file,1izW1FYmEglREPn_GbAhxXmQLxv7qAzFb,06-TH-H-50B29441-20180725.csv,text/csv,1-umkkGe0q0mY72uJ_Va1kcA_1NUpTiLY
2,drive#file,1ukozYirOCo90tflyC5v2bh31gLPTtNLB,06-TH-T-50B29441-20180725.xlsx,application/vnd.openxmlformats-officedocument.spreadsheetml.sheet,1-umkkGe0q0mY72uJ_Va1kcA_1NUpTiLY
3,drive#file,1JplwnY-YnGlQ2wtxwjs7pcQBbgCCdKgX,06-09-40C14D21-20180725.csv,text/csv,1-umkkGe0q0mY72uJ_Va1kcA_1NUpTiLY
4,drive#file,1iAMmrRSQ_TY-f9gc2P2VxHgeT0MqS6Hk,06-TH-H-50B29441-20180725.xlsx,application/vnd.openxmlformats-officedocument.spreadsheetml.sheet,1-umkkGe0q0mY72uJ_Va1kcA_1NUpTiLY
5,drive#file,1Ti_SjdrFhKFVgUgqWrVw20jGukNN0L2X,06-TH-T-50B29441-20180725.csv,text/csv,1-umkkGe0q0mY72uJ_Va1kcA_1NUpTiLY
6,drive#file,1vhgvVb9FReGAe_l-jDpiKf_DTbA6wLCf,06-04-40CC4021-20180725.csv,text/csv,1-umkkGe0q0mY72uJ_Va1kcA_1NUpTiLY
7,drive#file,1HsjU6RPtA-6I1-_1ZITUaV8xIwPUuJrN,06-04-40CC4021-20180725.xlsx,application/vnd.openxmlformats-officedocument.spreadsheetml.sheet,1-umkkGe0q0mY72uJ_Va1kcA_1NUpTiLY
8,drive#file,1ZuSAeUBk8B_KqsrqVBaBfSziu3lSafot,__MACOSX,application/vnd.google-apps.folder,1-umkkGe0q0mY72uJ_Va1kcA_1NUpTiLY
0,drive#file,1BeefHD8gojXfWJFE675LXAjBjbm_ecKS,43-09-40BEBB21-20180711.csv,text/csv,1tGvjpVk6HSnATUO4yhnXVsL9Odsof8qd
1,drive#file,19oxP_SEnEQ7yos4HQN2SUctB4TYxoJeI,43-TH-T-20180711.csv,text/csv,1tGvjpVk6HSnATUO4yhnXVsL9Odsof8qd
2,drive#file,1-i4CagjAar2CtF5cSePgdNcisIiX72eR,43-TH-H-20180711.csv,text/csv,1tGvjpVk6HSnATUO4yhnXVsL9Odsof8qd
3,drive#file,1TXV3UtduXDR5RrKt7Yl_XSs4tGBjYUAc,43-05-40BEBB21-20180711.csv,text/csv,1tGvjpVk6HSnATUO4yhnXVsL9Odsof8qd
0,drive#file,1aeGUv03Hr5fBwLRL0LarCQsgRiUBQ7Eo,05-10-408EFA21-20180711.csv,text/csv,1k3BPjYxZExHB-4OeDzZofiLWZK9zdjdI
1,drive#file,1k3K27f0dp5KjkPCPQ_n77DL2FdQIqYtN,05-TH-H-20180711.xlsx,application/vnd.openxmlformats-officedocument.spreadsheetml.sheet,1k3BPjYxZExHB-4OeDzZofiLWZK9zdjdI
2,drive#file,1TNt7Ndv1UmIzVGtf8PVzZfQEogv1lTjA,05-TH-T-20180711.xlsx,application/vnd.openxmlformats-officedocument.spreadsheetml.sheet,1k3BPjYxZExHB-4OeDzZofiLWZK9zdjdI
3,drive#file,1IvWCzw2RO4iQQQEudoAAcApWMpPl-CVv,05-TH-T-20180711.csv,text/csv,1k3BPjYxZExHB-4OeDzZofiLWZK9zdjdI
4,drive#file,1OuuiAGCebjL0MQihQBwX1TA5FG6y8Z7j,05-TH-H-20180711.csv,text/csv,1k3BPjYxZExHB-4OeDzZofiLWZK9zdjdI
5,drive#file,18BZqN-dILkn12nH4p5TNfB8DHfX6E11D,05-10-408EFA21-20180711.xlsx,application/vnd.openxmlformats-officedocument.spreadsheetml.sheet,1k3BPjYxZExHB-4OeDzZofiLWZK9zdjdI
6,drive#file,1LEsyTSgiE2e4d10Cn-nzQBfS6QPWSiq0,05-03-40B1D421-20180711.csv,text/csv,1k3BPjYxZExHB-4OeDzZofiLWZK9zdjdI
7,drive#file,1rzO3PtECBr367ZGJhnxcO3H2MAW8C26E,05-03-40B1D421-20180711.xlsx,application/vnd.openxmlformats-officedocument.spreadsheetml.sheet,1k3BPjYxZExHB-4OeDzZofiLWZK9zdjdI
