id	dataset	country	commonname	cs	longitude	latitude
1	RegMap	FRA	ALL1-2	NA	1.48333	45.2667
2	RegMap	FRA	ALL1-3	NA	1.48333	45.2667
4	RegMap	FRA	ALL1-5	NA	1.48333	45.2667
5	RegMap	FRA	ALL1-6	NA	1.48333	45.2667
6	RegMap	FRA	ALL1-7	NA	1.48333	45.2667
7	RegMap	FRA	ALL1-8	NA	1.48333	45.2667
8	RegMap	FRA	ALL1-9	NA	1.48333	45.2667
9	RegMap	FRA	ALL2-1	NA	1.48333	45.2667
12	RegMap	FRA	ALL2-4	NA	1.48333	45.2667
23	RegMap	FRA	CAM-16	NA	-4.58333	48.2667
32	RegMap	FRA	CAM-25	NA	-4.58333	48.2667
45	RegMap	FRA	CAM-42	NA	-4.58333	48.2667
48	RegMap	FRA	CAM-45	NA	-4.58333	48.2667
51	RegMap	FRA	CAM-48	NA	-4.58333	48.2667
60	RegMap	FRA	CAM-56	NA	-4.58333	48.2667
62	RegMap	FRA	CAM-58	NA	-4.58333	48.2667
66	RegMap	FRA	CAM-61	NA	-4.58333	48.2667
69	RegMap	FRA	CAM-64	NA	-4.58333	48.2667
74	RegMap	FRA	CAM-7	NA	-4.58333	48.2667
77	RegMap	FRA	CLA-7	NA	2.26667	48.8
79	RegMap	FRA	CUR-10	NA	1.75	45
80	RegMap	FRA	CUR-2	NA	1.75	45
81	RegMap	FRA	CUR-3	NA	1.75	45
82	RegMap	FRA	CUR-4	NA	1.75	45
83	RegMap	FRA	CUR-5	NA	1.75	45
84	RegMap	FRA	CUR-6	NA	1.75	45
85	RegMap	FRA	CUR-7	NA	1.75	45
86	RegMap	FRA	CUR-8	NA	1.75	45
87	RegMap	FRA	CUR-9	NA	1.75	45
88	1001G_RegMap	FRA	CYR	CS76790	0.683333	47.4
89	RegMap	FRA	DAM1	NA	1.98333	48.7
91	RegMap	FRA	JEA	NA	7.33333	43.6833
94	RegMap	FRA	LAC-3	NA	6.81667	47.7
96	RegMap	FRA	LAC-5	NA	6.81667	47.7
104	RegMap	FRA	LDV-14	NA	-4.06667	48.5167
106	RegMap	FRA	LDV-16	NA	-4.06667	48.5167
108	1001G	FRA	LDV-18	CS77013	-4.06667	48.5167
116	RegMap	FRA	LDV-25	NA	-4.06667	48.5167
121	RegMap	FRA	LDV-3	NA	-4.06667	48.5167
122	RegMap	FRA	LDV-30	NA	-4.06667	48.5167
123	RegMap	FRA	LDV-31	NA	-4.06667	48.5167
126	RegMap	FRA	LDV-34	NA	-4.06667	48.5167
137	RegMap	FRA	LDV-44	NA	-4.06667	48.5167
139	1001G	FRA	LDV-46	CS77014	-4.06667	48.5167
146	RegMap	FRA	LDV-53	NA	-4.06667	48.5167
148	RegMap	FRA	LDV-57	NA	-4.06667	48.5167
149	RegMap	FRA	LDV-58	NA	-4.06667	48.5167
151	RegMap	FRA	LDV-6	NA	-4.06667	48.5167
153	RegMap	FRA	LDV-68	NA	-4.06667	48.5167
156	RegMap	FRA	LDV-70	NA	-4.06667	48.5167
157	RegMap	FRA	LDV-8	NA	-4.06667	48.5167
159	1001G_RegMap	FRA	MAR2-3	CS77070	3.93333	47.35
160	RegMap	FRA	MIB-1	NA	5.31667	47.3833
162	RegMap	FRA	MIB-100	NA	5.31667	47.3833
163	RegMap	FRA	MIB-11	NA	5.31667	47.3833
165	RegMap	FRA	MIB-14	NA	5.31667	47.3833
166	RegMap	FRA	MIB-15	NA	5.31667	47.3833
167	RegMap	FRA	MIB-16	NA	5.31667	47.3833
168	RegMap	FRA	MIB-17	NA	5.31667	47.3833
169	RegMap	FRA	MIB-19	NA	5.31667	47.3833
170	RegMap	FRA	MIB-2	NA	5.31667	47.3833
171	RegMap	FRA	MIB-20	NA	5.31667	47.3833
173	RegMap	FRA	MIB-22	NA	5.31667	47.3833
174	RegMap	FRA	MIB-23	NA	5.31667	47.3833
175	RegMap	FRA	MIB-24	NA	5.31667	47.3833
178	RegMap	FRA	MIB-28	NA	5.31667	47.3833
179	RegMap	FRA	MIB-29	NA	5.31667	47.3833
183	RegMap	FRA	MIB-32	NA	5.31667	47.3833
184	RegMap	FRA	MIB-33	NA	5.31667	47.3833
185	RegMap	FRA	MIB-34	NA	5.31667	47.3833
186	RegMap	FRA	MIB-35	NA	5.31667	47.3833
187	RegMap	FRA	MIB-36	NA	5.31667	47.3833
188	RegMap	FRA	MIB-37	NA	5.31667	47.3833
190	RegMap	FRA	MIB-39	NA	5.31667	47.3833
191	RegMap	FRA	MIB-40	NA	5.31667	47.3833
194	RegMap	FRA	MIB-43	NA	5.31667	47.3833
196	RegMap	FRA	MIB-47	NA	5.31667	47.3833
198	RegMap	FRA	MIB-50	NA	5.31667	47.3833
200	RegMap	FRA	MIB-54	NA	5.31667	47.3833
201	RegMap	FRA	MIB-55	NA	5.31667	47.3833
202	RegMap	FRA	MIB-57	NA	5.31667	47.3833
203	RegMap	FRA	MIB-58	NA	5.31667	47.3833
204	RegMap	FRA	MIB-60	NA	5.31667	47.3833
205	RegMap	FRA	MIB-61	NA	5.31667	47.3833
206	RegMap	FRA	MIB-62	NA	5.31667	47.3833
207	RegMap	FRA	MIB-63	NA	5.31667	47.3833
208	RegMap	FRA	MIB-64	NA	5.31667	47.3833
210	RegMap	FRA	MIB-67	NA	5.31667	47.3833
212	RegMap	FRA	MIB-69	NA	5.31667	47.3833
213	RegMap	FRA	MIB-70	NA	5.31667	47.3833
214	RegMap	FRA	MIB-73	NA	5.31667	47.3833
215	RegMap	FRA	MIB-75	NA	5.31667	47.3833
216	RegMap	FRA	MIB-76	NA	5.31667	47.3833
217	RegMap	FRA	MIB-77	NA	5.31667	47.3833
219	RegMap	FRA	MIB-80	NA	5.31667	47.3833
222	RegMap	FRA	MIB-83	NA	5.31667	47.3833
223	RegMap	FRA	MIB-84	NA	5.31667	47.3833
224	RegMap	FRA	MIB-86	NA	5.31667	47.3833
225	RegMap	FRA	MIB-87	NA	5.31667	47.3833
227	RegMap	FRA	MIB-89	NA	5.31667	47.3833
228	RegMap	FRA	MIB-9	NA	5.31667	47.3833
229	RegMap	FRA	MIB-90	NA	5.31667	47.3833
230	RegMap	FRA	MIB-92	NA	5.31667	47.3833
231	RegMap	FRA	MIB-93	NA	5.31667	47.3833
236	RegMap	FRA	MOG-11	NA	-4.06667	48.6667
237	RegMap	FRA	MOG-12	NA	-4.06667	48.6667
242	RegMap	FRA	MOG-37	NA	-4.06667	48.6667
244	RegMap	FRA	MOG-40	NA	-4.06667	48.6667
252	RegMap	FRA	MOG-55	NA	-4.06667	48.6667
257	RegMap	FRA	PAR-10	NA	-0.25	46.65
258	RegMap	FRA	PAR-3	NA	-0.25	46.65
259	RegMap	FRA	PAR-4	NA	-0.25	46.65
260	RegMap	FRA	PAR-5	NA	-0.25	46.65
261	RegMap	FRA	PAR-6	NA	-0.25	46.65
262	RegMap	FRA	PAR-8	NA	-0.25	46.65
263	RegMap	FRA	PAR-9	NA	-0.25	46.65
264	RegMap	FRA	PON	NA	4.71667	45.75
265	1001G	FRA	PYL-6	CS77198	-1.16667	44.65
266	RegMap	FRA	RAN	NA	-2	48.65
267	RegMap	FRA	ROM-1	NA	4.85	45.5333
268	RegMap	FRA	ROM-2	NA	4.85	45.5333
269	RegMap	FRA	ROM-9	NA	4.85	45.5333
273	RegMap	FRA	TOU-A1-105	NA	4.11667	46.6667
275	RegMap	FRA	TOU-A1-109	NA	4.11667	46.6667
277	RegMap	FRA	TOU-A1-111	NA	4.11667	46.6667
278	RegMap	FRA	TOU-A1-112	NA	4.11667	46.6667
280	RegMap	FRA	TOU-A1-114	NA	4.11667	46.6667
281	RegMap	FRA	TOU-A1-115	NA	4.11667	46.6667
282	RegMap	FRA	TOU-A1-116	NA	4.11667	46.6667
283	RegMap	FRA	TOU-A1-117	NA	4.11667	46.6667
287	RegMap	FRA	TOU-A1-120	NA	4.11667	46.6667
288	RegMap	FRA	TOU-A1-122	NA	4.11667	46.6667
290	RegMap	FRA	TOU-A1-124	NA	4.11667	46.6667
291	RegMap	FRA	TOU-A1-125	NA	4.11667	46.6667
292	RegMap	FRA	TOU-A1-128	NA	4.11667	46.6667
293	RegMap	FRA	TOU-A1-129	NA	4.11667	46.6667
295	RegMap	FRA	TOU-A1-131	NA	4.11667	46.6667
296	RegMap	FRA	TOU-A1-133	NA	4.11667	46.6667
297	RegMap	FRA	TOU-A1-134	NA	4.11667	46.6667
298	RegMap	FRA	TOU-A1-137	NA	4.11667	46.6667
302	RegMap	FRA	TOU-A1-143	NA	4.11667	46.6667
306	RegMap	FRA	TOU-A1-18	NA	4.11667	46.6667
309	RegMap	FRA	TOU-A1-23	NA	4.11667	46.6667
310	RegMap	FRA	TOU-A1-26	NA	4.11667	46.6667
311	RegMap	FRA	TOU-A1-27	NA	4.11667	46.6667
314	RegMap	FRA	TOU-A1-33	NA	4.11667	46.6667
316	RegMap	FRA	TOU-A1-37	NA	4.11667	46.6667
318	RegMap	FRA	TOU-A1-39	NA	4.11667	46.6667
320	RegMap	FRA	TOU-A1-41	NA	4.11667	46.6667
321	RegMap	FRA	TOU-A1-43	NA	4.11667	46.6667
322	RegMap	FRA	TOU-A1-45	NA	4.11667	46.6667
323	RegMap	FRA	TOU-A1-47	NA	4.11667	46.6667
326	RegMap	FRA	TOU-A1-60	NA	4.11667	46.6667
327	RegMap	FRA	TOU-A1-61	NA	4.11667	46.6667
328	RegMap	FRA	TOU-A1-62	NA	4.11667	46.6667
329	RegMap	FRA	TOU-A1-63	NA	4.11667	46.6667
331	RegMap	FRA	TOU-A1-65	NA	4.11667	46.6667
332	RegMap	FRA	TOU-A1-66	NA	4.11667	46.6667
334	RegMap	FRA	TOU-A1-68	NA	4.11667	46.6667
335	RegMap	FRA	TOU-A1-69	NA	4.11667	46.6667
337	RegMap	FRA	TOU-A1-70	NA	4.11667	46.6667
338	RegMap	FRA	TOU-A1-73	NA	4.11667	46.6667
339	RegMap	FRA	TOU-A1-74	NA	4.11667	46.6667
340	RegMap	FRA	TOU-A1-75	NA	4.11667	46.6667
341	RegMap	FRA	TOU-A1-77	NA	4.11667	46.6667
343	RegMap	FRA	TOU-A1-79	NA	4.11667	46.6667
346	RegMap	FRA	TOU-A1-81	NA	4.11667	46.6667
347	RegMap	FRA	TOU-A1-82	NA	4.11667	46.6667
348	RegMap	FRA	TOU-A1-84	NA	4.11667	46.6667
349	RegMap	FRA	TOU-A1-85	NA	4.11667	46.6667
350	1001G	FRA	TOU-A1-88	CS77382	4.11667	46.6667
351	1001G	FRA	TOU-A1-89	CS77383	4.11667	46.6667
355	RegMap	FRA	TOU-A1-93	NA	4.11667	46.6667
357	RegMap	FRA	TOU-A1-96	NA	4.11667	46.6667
359	RegMap	FRA	TOU-A1-98	NA	4.11667	46.6667
360	RegMap	FRA	TOU-C-1	NA	4.11667	46.6667
361	RegMap	FRA	TOU-C-2	NA	4.11667	46.6667
362	RegMap	FRA	TOU-C-3	NA	4.11667	46.6667
363	RegMap	FRA	TOU-D-1	NA	4.11667	46.6667
364	RegMap	FRA	TOU-D-5	NA	4.11667	46.6667
366	RegMap	FRA	TOU-E-11	NA	4.11667	46.6667
367	RegMap	FRA	TOU-E-2	NA	4.11667	46.6667
368	RegMap	FRA	TOU-E-7	NA	4.11667	46.6667
369	RegMap	FRA	TOU-F-1	NA	4.11667	46.6667
371	RegMap	FRA	TOU-G-1	NA	4.11667	46.6667
372	RegMap	FRA	TOU-H-10	NA	4.11667	46.6667
373	RegMap	FRA	TOU-H-12	NA	4.11667	46.6667
374	RegMap	FRA	TOU-H-13	NA	4.11667	46.6667
375	RegMap	FRA	TOU-H-3	NA	4.11667	46.6667
377	RegMap	FRA	TOU-I-1	NA	4.11667	46.6667
378	RegMap	FRA	TOU-I-17	NA	4.11667	46.6667
379	RegMap	FRA	TOU-I-2	NA	4.11667	46.6667
380	RegMap	FRA	TOU-I-6	NA	4.11667	46.6667
383	RegMap	FRA	TOU-J-3	NA	4.11667	46.6667
385	RegMap	FRA	TOU-K-2	NA	4.11667	46.6667
386	RegMap	FRA	TOU-K-3	NA	4.11667	46.6667
387	RegMap	FRA	TOU-L-10	NA	4.11667	46.6667
388	RegMap	FRA	TOU-L-17	NA	4.11667	46.6667
389	RegMap	FRA	TOU-L-5	NA	4.11667	46.6667
390	RegMap	FRA	VOU-1	NA	0.166667	46.65
391	RegMap	FRA	VOU-10	NA	0.166667	46.65
392	RegMap	FRA	VOU-2	NA	0.166667	46.65
393	RegMap	FRA	VOU-4	NA	0.166667	46.65
394	RegMap	FRA	VOU-5	NA	0.166667	46.65
395	RegMap	FRA	VOU-6	NA	0.166667	46.65
396	RegMap	FRA	VOU-7	NA	0.166667	46.65
397	RegMap	FRA	VOU-8	NA	0.166667	46.65
402	RegMap	CZE	Zdarec2	NA	16.2667	49.3667
403	1001G_RegMap	CZE	Zdarec3	CS78873	16.2667	49.3667
404	RegMap	CZE	Doubravnik1	NA	16.3497	49.4211
407	RegMap	CZE	Doubravnik4	NA	16.3497	49.4211
409	RegMap	CZE	Doubravnik6	NA	16.3497	49.4211
410	1001G	CZE	Doubravnik7	CS76808	16.3497	49.4211
413	RegMap	CZE	Doubravnik10	NA	16.3497	49.4211
417	RegMap	CZE	Doubravnik14	NA	16.3497	49.4211
421	RegMap	CZE	Doubravnik18	NA	16.3497	49.4211
424	1001G_RegMap	CZE	Draha2	CS76812	16.2815	49.4112
428	1001G_RegMap	CZE	Borky1	CS76718	16.232	49.403
429	RegMap	CZE	Borky2	NA	16.232	49.403
430	1001G	AUT	Gr-1	CS76496	15.5	47
461	RegMap	UK	EM-183	NA	0.5	51.3
466	RegMap	UK	EM-134	NA	0.5	51.3
470	1001G	USA	BRR4	CS78943	-87.735	40.8313
476	1001G	USA	BRR12	CS78944	-87.735	40.8313
484	1001G	USA	BRR23	CS78945	-87.735	40.8313
504	1001G	USA	BRR57	CS78946	-87.735	40.8313
506	1001G	USA	BRR60	CS78947	-87.735	40.8313
531	1001G	USA	BRR107	CS78948	-87.735	40.8313
544	1001G	USA	LI-WP-039	CS78949	-73.2089	40.9076
546	1001G	USA	LI-WP-041	CS78950	-73.2089	40.9076
607	RegMap	USA	LI-OF-002	NA	-72.9069	40.7777
615	RegMap	USA	LI-OF-023	NA	-72.9069	40.7777
623	RegMap	USA	LI-OF-042	NA	-72.9069	40.7777
627	RegMap	USA	LI-OF-060	NA	-72.9069	40.7777
628	1001G	USA	LI-OF-061	CS78951	-72.9069	40.7777
630	1001G	USA	LI-OF-065	CS77036	-72.9069	40.7777
631	RegMap	USA	LI-OF-066	NA	-72.9069	40.7777
640	RegMap	USA	LI-OF-094	NA	-72.9069	40.7777
641	RegMap	USA	LI-OF-095	NA	-72.9069	40.7777
680	1001G	USA	LI-RR-096	CS78952	-72.8615	40.9447
681	1001G	USA	LI-RR-097	CS78953	-72.8615	40.9447
685	1001G	USA	LI-EF-011	CS78954	-73.1493	40.9064
687	1001G	USA	LI-EF-018	CS78955	-73.1493	40.9064
719	RegMap	USA	LI-SET-009	NA	-73.114	40.9352
728	1001G	USA	LI-SET-019	CS78956	-73.114	40.9352
742	1001G	USA	LI-SET-036	CS78957	-73.114	40.9352
763	1001G	KGZ	Kar-1	CS76522	74.3667	42.3
765	1001G	KGZ	Sus-1	CS76607	73.4	42.1833
766	1001G	KGZ	Dja-1	CS76473	73.6333	42.5833
768	1001G	KGZ	Zal-1	CS76634	76.35	42.8
772	1001G	TJK	Neo-6	CS76560	72.4667	37.35
801	1001G	USA	KYC-33	CS76992	-84.4639	37.9169
827	RegMap	USA	KYF-21	NA	-84.473	38.0786
853	1001G	USA	MIA-1	CS78958	-86.6691	41.7976
854	1001G	USA	MIA-5	CS78959	-86.6691	41.7976
867	1001G	USA	MIC-20	CS78960	-86.4366	41.8266
868	1001G	USA	MIC-24	CS78961	-86.4366	41.8266
870	1001G	USA	MIC-31	CS77082	-86.4366	41.8266
895	RegMap	USA	MAW-7	NA	-72.5595	42.5319
915	1001G	USA	LIN S-5	CS77040	-71.4378	41.8972
932	1001G	USA	CHA-41	CS76765	-71.1445	42.3634
936	RegMap	USA	FOR-5	NA	-71.1173	42.3853
946	RegMap	USA	CON-6	NA	-71.4158	42.4682
957	RegMap	ITA	Belmonte-4-94	NA	12.4833	42.1167
991	1001G_RegMap	SWE	Ale-Stenar-41-1	CS76651	14.05	55.3833
992	1001G_RegMap	SWE	Ale-Stenar-44-4	CS76652	14.05	55.3833
996	RegMap	SWE	Ale-Stenar-50-11	NA	14.05	55.3833
997	1001G_RegMap	SWE	Ale-Stenar-56-14	CS76653	14.05	55.3833
998	RegMap	SWE	Ale-Stenar-57-16	NA	14.05	55.3833
999	RegMap	SWE	Ale-Stenar-59-18	NA	14.05	55.3833
1002	1001G_RegMap	SWE	Ale-Stenar-64-24	CS76654	14.05	55.3833
1006	1001G_RegMap	SWE	Ale-Stenar-77-31	CS77636	14.05	55.3833
1026	RegMap	SWE	VM-12	NA	14.2	55.7
1061	1001G_RegMap	SWE	Brösarp-11-135	CS76727	14.1333	55.7167
1062	1001G_RegMap	SWE	Brösarp-15-138	CS76728	14.1333	55.7167
1063	1001G_RegMap	SWE	Brösarp-21-140	CS76729	14.1333	55.7167
1064	RegMap	SWE	Brösarp-25-142	NA	14.1333	55.7167
1066	1001G	SWE	Brösarp-34-145	CS76730	14.1333	55.7167
1068	RegMap	SWE	Brösarp-37-149	NA	14.1333	55.7167
1070	1001G_RegMap	SWE	Brösarp-45-153	CS77643	14.1333	55.7167
1072	RegMap	SWE	Brösarp-51-157	NA	14.1333	55.7167
1073	RegMap	SWE	Brösarp-53-159	NA	14.1333	55.7167
1075	RegMap	SWE	Brösarp-63-163	NA	14.1333	55.7167
1132	RegMap	SWE	Gårdby-17-198	NA	16.65	56.6167
1153	RegMap	SWE	Aledal-1-34	NA	16.5167	56.7
1158	1001G_RegMap	SWE	Aledal-6-49	CS76656	16.5167	56.7
1163	RegMap	SWE	Aledal-11-63	NA	16.5167	56.7
1166	1001G_RegMap	SWE	Aledal-14-73	CS77651	16.5167	56.7
1169	RegMap	SWE	Aledal-17-82	NA	16.5167	56.7
1247	RegMap	SWE	Tos-31-374	NA	17.0167	59.4333
1254	1001G_RegMap	SWE	Tos-82-387	CS77379	17.0167	59.4333
1256	RegMap	SWE	Tos-93-391	NA	17.0167	59.4333
1257	1001G_RegMap	SWE	Tos-95-393	CS77380	17.0167	59.4333
1312	RegMap	SWE	Ängsö-57-419	NA	16.8667	59.5667
1313	1001G_RegMap	SWE	Ängsö-59-422	CS77658	16.8667	59.5667
1317	1001G_RegMap	SWE	Ängsö-74-430	CS76665	16.8667	59.5667
1318	RegMap	SWE	Ängsö-80-432	NA	16.8667	59.5667
1360	RegMap	SWE	Ham-2-228	NA	17.5833	59.7833
1362	RegMap	SWE	Ham-6-232	NA	17.5833	59.7833
1363	RegMap	SWE	Ham-7-233	NA	17.5833	59.7833
1366	RegMap	SWE	Ham-10-239	NA	17.5833	59.7833
1374	RegMap	SWE	Ham-27-256	NA	17.5833	59.7833
1391	RegMap	SWE	Stabby-13	NA	17.5833	59.8
1404	RegMap	SWE	Stabby-26	NA	17.5833	59.8
1409	RegMap	SWE	Röd-38	NA	18.2	62.8
1416	RegMap	SWE	Röd-45	NA	18.2	62.8
1435	RegMap	SWE	Röd-17-319	NA	18.2	62.8
1552	1001G_RegMap	SWE	Sku-30	CS77251	18.3667	63.0833
1585	RegMap	SWE	Hen-16-268	NA	15.6	65.25
1612	1001G	USA	Brn-10	CS78962	-86.583	41.9
1622	1001G	USA	Brn-24	CS78963	-86.583	41.9
1651	1001G	USA	DuckLkSP38	CS78964	-86.4045	43.3431
1652	1001G	USA	DuckLkSP40	CS78965	-86.4045	43.3431
1676	1001G	USA	Haz-2	CS78966	-86.607	41.879
1684	1001G	USA	Haz-10	CS78967	-86.607	41.879
1716	RegMap	USA	KBS-Mac-8	NA	-85.398	42.405
1718	RegMap	USA	KBS-Mac-15	NA	-85.398	42.405
1719	RegMap	USA	KBS-Mac-16	NA	-85.398	42.405
1720	RegMap	USA	KBS-Mac-17	NA	-85.398	42.405
1722	RegMap	USA	KBS-Mac-23	NA	-85.398	42.405
1724	RegMap	USA	KBS-Mac-28	NA	-85.398	42.405
1726	RegMap	USA	KBS-Mac-33	NA	-85.398	42.405
1729	RegMap	USA	KBS-Mac-41	NA	-85.398	42.405
1730	RegMap	USA	KBS-Mac-43	NA	-85.398	42.405
1733	RegMap	USA	KBS-Mac-53	NA	-85.398	42.405
1736	RegMap	USA	KBS-Mac-58	NA	-85.398	42.405
1738	RegMap	USA	KBS-Mac-64	NA	-85.398	42.405
1739	1001G	USA	KBS-Mac-68	CS78968	-85.398	42.405
1740	RegMap	USA	KBS-Mac-72	NA	-85.398	42.405
1741	1001G	USA	KBS-Mac-74	CS78969	-85.398	42.405
1742	RegMap	USA	KBS-Mac-73	NA	-85.398	42.405
1743	RegMap	USA	KBS-Mac-75	NA	-85.398	42.405
1744	RegMap	USA	KBS-Mac-76	NA	-85.398	42.405
1745	RegMap	USA	KBS-Mac-78	NA	-85.398	42.405
1749	RegMap	USA	KBS-Mac-88	NA	-85.398	42.405
1750	RegMap	USA	KBS-Mac-89	NA	-85.398	42.405
1751	RegMap	USA	KBS-Mac-91	NA	-85.398	42.405
1752	RegMap	USA	KBS-Mac-95	NA	-85.398	42.405
1753	RegMap	USA	KBS-Mac-96	NA	-85.398	42.405
1756	1001G	USA	Ker-4	CS78970	-86.358	42.184
1757	1001G	USA	Ker-5	CS78971	-86.358	42.184
1782	RegMap	USA	Ker-38	NA	-86.358	42.184
1793	1001G	USA	L-R-5	CS78972	-86.67	41.847
1797	1001G	USA	L-R-10	CS78973	-86.67	41.847
1799	RegMap	USA	L-R-12	NA	-86.67	41.847
1819	1001G	USA	Lak-12	CS78974	-86.67	41.8
1820	1001G	USA	Lak-13	CS78975	-86.67	41.8
1829	1001G_RegMap	USA	Mdn-1	CS77077	-86.509	42.051
1834	1001G	USA	Mdn-8	CS78976	-86.509	42.051
1835	1001G	USA	Mdn-10	CS78977	-86.509	42.051
1850	RegMap	USA	MNF-Pot-8	NA	-86.2657	43.595
1851	1001G	USA	MNF-Pot-10	CS78978	-86.2657	43.595
1852	1001G	USA	MNF-Pot-15	CS78979	-86.2657	43.595
1853	1001G_RegMap	USA	MNF-Pot-21	CS77099	-86.2657	43.595
1857	RegMap	USA	MNF-Pot-46	NA	-86.2657	43.595
1858	RegMap	USA	MNF-Pot-47	NA	-86.2657	43.595
1859	RegMap	USA	MNF-Pot-48	NA	-86.2657	43.595
1862	RegMap	USA	MNF-Pot-56	NA	-86.2657	43.595
1864	RegMap	USA	MNF-Pot-60	NA	-86.2657	43.595
1865	RegMap	USA	MNF-Pot-61	NA	-86.2657	43.595
1867	RegMap	USA	MNF-Pot-68	NA	-86.2657	43.595
1868	RegMap	USA	MNF-Pot-69	NA	-86.2657	43.595
1871	RegMap	USA	MNF-Pot-76	NA	-86.2657	43.595
1872	1001G_RegMap	USA	MNF-Pot-75	CS77100	-86.2657	43.595
1873	RegMap	USA	MNF-Pot-79	NA	-86.2657	43.595
1874	RegMap	USA	MNF-Pot-80	NA	-86.2657	43.595
1890	1001G	USA	MNF-Riv-21	CS77101	-86.1859	43.5139
1918	RegMap	USA	MNF-Riv-67	NA	-86.1859	43.5139
1925	1001G_RegMap	USA	MNF-Che-2	CS77096	-86.1843	43.5251
1926	RegMap	USA	MNF-Che-3	NA	-86.1843	43.5251
1936	RegMap	USA	MNF-Che-36	NA	-86.1843	43.5251
1938	RegMap	USA	MNF-Che-41	NA	-86.1843	43.5251
1941	RegMap	USA	MNF-Che-45	NA	-86.1843	43.5251
1942	1001G	USA	MNF-Che-47	CS78980	-86.1843	43.5251
1943	1001G	USA	MNF-Che-49	CS78981	-86.1843	43.5251
1948	RegMap	USA	MNF-Che-58	NA	-86.1843	43.5251
1949	RegMap	USA	MNF-Jac-2	NA	-86.1739	43.5187
1952	RegMap	USA	MNF-Jac-9	NA	-86.1739	43.5187
1954	1001G	USA	MNF-Jac-12	CS77097	-86.1739	43.5187
1959	RegMap	USA	MNF-Jac-21	NA	-86.1739	43.5187
1960	RegMap	USA	MNF-Jac-22	NA	-86.1739	43.5187
1963	RegMap	USA	MNF-Jac-26	NA	-86.1739	43.5187
1965	RegMap	USA	MNF-Jac-30	NA	-86.1739	43.5187
1966	RegMap	USA	MNF-Jac-31	NA	-86.1739	43.5187
1967	RegMap	USA	MNF-Jac-32	NA	-86.1739	43.5187
1968	RegMap	USA	MNF-Jac-34	NA	-86.1739	43.5187
1981	RegMap	USA	MNF-Jac-68	NA	-86.1739	43.5187
1992	RegMap	USA	MNF-Pin-2	NA	-86.1788	43.5356
2011	RegMap	USA	MNF-Pin-31	NA	-86.1788	43.5356
2016	1001G_RegMap	USA	MNF-Pin-39	CS77098	-86.1788	43.5356
2017	1001G	USA	MNF-Pin-40	CS78982	-86.1788	43.5356
2019	RegMap	USA	MNF-Pin-43	NA	-86.1788	43.5356
2020	RegMap	USA	MNF-Pin-44	NA	-86.1788	43.5356
2031	1001G	USA	Map-8	CS78983	-86.412	42.166
2053	1001G	USA	Map-35	CS78984	-86.412	42.166
2057	1001G_RegMap	USA	Map-42	CS77732	-86.412	42.166
2081	1001G	USA	MuskSP-68	CS78985	-86.3368	43.2483
2091	1001G	USA	MuskSP-83	CS78986	-86.3368	43.2483
2106	1001G	USA	MSGA-10	CS78987	-86.0891	43.2749
2108	1001G	USA	MSGA-12	CS78988	-86.0891	43.2749
2141	1001G	USA	MSGA-61	CS78989	-86.0891	43.2749
2148	RegMap	USA	Paw-1	NA	-86.431	42.148
2150	RegMap	USA	Paw-3	NA	-86.431	42.148
2151	RegMap	USA	Paw-4	NA	-86.431	42.148
2157	RegMap	USA	Paw-11	NA	-86.431	42.148
2159	1001G	USA	Paw-13	CS78990	-86.431	42.148
2160	RegMap	USA	Paw-14	NA	-86.431	42.148
2166	1001G	USA	Paw-20	CS78991	-86.431	42.148
2171	1001G_RegMap	USA	Paw-26	CS77164	-86.431	42.148
2175	RegMap	USA	Paw-31	NA	-86.431	42.148
2180	RegMap	USA	Paw-40	NA	-86.431	42.148
2187	RegMap	USA	Pent-1	NA	-86.3929	43.7623
2191	1001G	USA	Pent-7	CS78992	-86.3929	43.7623
2201	RegMap	USA	Pent-22	NA	-86.3929	43.7623
2202	1001G	USA	Pent-23	CS77168	-86.3929	43.7623
2204	RegMap	USA	Pent-30	NA	-86.3929	43.7623
2212	1001G	USA	Pent-46	CS78993	-86.3929	43.7623
2214	RegMap	USA	Pent-49	NA	-86.3929	43.7623
2239	1001G	USA	Riv-25	CS78994	-86.382	42.184
2240	1001G	USA	Riv-26	CS78995	-86.382	42.184
2274	RegMap	USA	SLSP-30	NA	-86.496	43.665
2276	1001G	USA	SLSP-31	CS77254	-86.496	43.665
2278	1001G	USA	SLSP-35	CS77255	-86.496	43.665
2280	RegMap	USA	SLSP-58	NA	-86.496	43.665
2283	RegMap	USA	SLSP-72	NA	-86.496	43.665
2285	1001G	USA	SLSP-69	CS78996	-86.496	43.665
2286	1001G	USA	SLSP-67	CS78997	-86.496	43.665
2290	RegMap	USA	Ste-3	NA	-86.514	42.03
2292	RegMap	USA	Ste-6	NA	-86.514	42.03
2294	RegMap	USA	Ste-9	NA	-86.514	42.03
2300	RegMap	USA	Ste-15	NA	-86.514	42.03
2316	RegMap	USA	Ste-37	NA	-86.514	42.03
2317	1001G	USA	Ste-40	CS77278	-86.514	42.03
2320	RegMap	USA	Wilcox-4	NA	-89.46	43.48
2327	RegMap	USA	Wilcox-16	NA	-89.46	43.48
2338	RegMap	USA	Wilcox-41	NA	-89.46	43.48
2370	1001G	USA	Yng-4	CS78998	-86.646	41.865
2412	1001G	USA	Yng-53	CS78999	-86.646	41.865
4632	RegMap	UK	UKSW06-025	NA	-4.7	50.4
4675	RegMap	UK	UKSW06-070	NA	-4.7	50.4
4757	RegMap	UK	UKSW06-157	NA	-4.7	50.4
4758	RegMap	UK	UKSW06-158	NA	-4.7	50.4
4779	1001G	UK	UKSW06-179	CS78808	-4.9	50.4
4802	RegMap	UK	UKSW06-202	NA	-4.9	50.4
4807	1001G	UK	UKSW06-207	CS78809	-4.9	50.4
4820	RegMap	UK	UKSW06-220	NA	-4.9	50.4
4826	1001G	UK	UKSW06-226	CS78810	-4.9	50.4
4827	RegMap	UK	UKSW06-227	NA	-4.9	50.4
4840	1001G	UK	UKSW06-240	CS79000	-4.9	50.4
4857	1001G	UK	UKSW06-257	CS79001	-4.9	50.3
4862	RegMap	UK	UKSW06-262	NA	-4.9	50.3
4879	RegMap	UK	UKSW06-280	NA	-4.9	50.3
4884	1001G	UK	UKSW06-285	CS78811	-4.9	50.3
4900	1001G	UK	UKSW06-302	CS78812	-4.8	50.3
4927	RegMap	UK	UKSW06-329	NA	-4.8	50.3
4935	RegMap	UK	UKSW06-337	NA	-4.6	50.3
4939	1001G	UK	UKSW06-341	CS79002	-4.7	50.4
4958	1001G	UK	UKSW06-360	CS78814	-4.5	50.5
4980	RegMap	UK	UKSE06-032	NA	0.5	51.3
4997	RegMap	UK	UKSE06-062	NA	0.5	51.3
5023	1001G	UK	UKSE06-118	CS78799	0.5	51.3
5056	RegMap	UK	UKSE06-192	NA	0.5	51.3
5104	1001G	UK	UKSE06-252	CS78800	0.5	51.3
5106	RegMap	UK	UKSE06-254	NA	0.5	51.3
5116	RegMap	UK	UKSE06-272	NA	0.4	51.3
5122	RegMap	UK	UKSE06-278	NA	0.4	51.3
5133	RegMap	UK	UKSE06-302	NA	-1.7	52.2
5141	RegMap	UK	UKSE06-311	NA	-1.7	52.2
5145	RegMap	UK	UKSE06-315	NA	-1.7	52.2
5146	RegMap	UK	UKSE06-316	NA	-1.7	52.2
5151	1001G	UK	UKSE06-325	CS78801	-1.7	52.2
5158	RegMap	UK	UKSE06-349	NA	0.4	51.3
5159	RegMap	UK	UKSE06-350	NA	0.4	51.3
5160	RegMap	UK	UKSE06-351	NA	0.4	51.3
5165	1001G	UK	UKSE06-362	CS78802	0.4	51.3
5175	RegMap	UK	UKSE06-373	NA	0.4	51.3
5202	RegMap	UK	UKSE06-414	NA	0.4	51.3
5207	RegMap	UK	UKSE06-429	NA	0.4	51.3
5210	1001G	UK	UKSE06-432	CS78803	0.3	51.2
5232	RegMap	UK	UKSE06-466	NA	0.4	51.2
5236	1001G	UK	UKSE06-470	CS78804	0.4	51.2
5245	RegMap	UK	UKSE06-482	NA	0.6	51.2
5249	1001G	UK	UKSE06-491	CS79003	0.3	51.2
5253	1001G	UK	UKSE06-500	CS78805	0.6	51.1
5264	RegMap	UK	UKSE06-520	NA	1.1	51.3
5276	1001G	UK	UKSE06-533	CS78806	1.1	51.3
5279	1001G	UK	UKSE06-541	CS79004	1.1	51.3
5282	RegMap	UK	UKSE06-544	NA	1.1	51.3
5285	RegMap	UK	UKSE06-547	NA	1.1	51.3
5292	RegMap	UK	UKSE06-556	NA	1.1	51.3
5299	RegMap	UK	UKSE06-565	NA	1.1	51.3
5310	RegMap	UK	UKSE06-581	NA	1.1	51.3
5322	RegMap	UK	UKSE06-597	NA	1.1	51.3
5331	RegMap	UK	UKSE06-618	NA	0.4	51.1
5335	RegMap	UK	UKSE06-622	NA	0.4	51.1
5337	RegMap	UK	UKSE06-624	NA	0.4	51.1
5339	RegMap	UK	UKSE06-626	NA	0.4	51.1
5341	RegMap	UK	UKSE06-628	NA	0.4	51.1
5349	1001G	UK	UKSE06-639	CS78807	0.4	51.1
5350	RegMap	UK	UKSE06-640	NA	0.4	51.1
5353	1001G	UK	UKNW06-003	CS78792	-3	54.5
5364	RegMap	UK	UKNW06-019	NA	-3	54.4
5373	RegMap	UK	UKNW06-040	NA	-3	54.4
5377	RegMap	UK	UKNW06-050	NA	-3	54.4
5380	RegMap	UK	UKNW06-059	NA	-3	54.4
5381	RegMap	UK	UKNW06-060	NA	-3	54.4
5385	RegMap	UK	UKNW06-078	NA	-3	54.4
5386	RegMap	UK	UKNW06-079	NA	-3	54.4
5394	RegMap	UK	UKNW06-101	NA	-3	54.4
5395	1001G	UK	UKNW06-102	CS79005	-3	54.4
5398	RegMap	UK	UKNW06-105	NA	-3	54.4
5444	RegMap	UK	UKNW06-170	NA	-3.1	54.6
5450	RegMap	UK	UKNW06-178	NA	-3	54.4
5461	RegMap	UK	UKNW06-197	NA	-3	54.4
5466	RegMap	UK	UKNW06-202	NA	-3	54.4
5469	RegMap	UK	UKNW06-210	NA	-3	54.4
5486	1001G	UK	UKNW06-233	CS78794	-3.3	54.6
5494	RegMap	UK	UKNW06-259	NA	-3.3	54.6
5517	RegMap	UK	UKNW06-306	NA	-3.1	54.6
5536	RegMap	UK	UKNW06-355	NA	-3.1	54.6
5565	RegMap	UK	UKNW06-386	NA	-3.1	54.6
5577	1001G	UK	UKNW06-403	CS78797	-3.4	54.7
5582	RegMap	UK	UKNW06-410	NA	-3.4	54.7
5590	RegMap	UK	UKNW06-418	NA	-3.4	54.7
5596	RegMap	UK	UKNW06-425	NA	-3.4	54.7
5606	RegMap	UK	UKNW06-436	NA	-3.4	54.7
5628	RegMap	UK	UKNW06-460	NA	-3.4	54.7
5644	1001G	UK	UKNW06-481	CS78798	-2.9	54.4
5645	RegMap	UK	UKNW06-482	NA	-2.9	54.4
5651	1001G	UK	UKNW06-488	CS79006	-2.9	54.4
5670	RegMap	UK	UKNW99-010	NA	-3.1	54.6
5678	RegMap	UK	UKNW99-025	NA	-3.1	54.6
5708	RegMap	UK	UKID1	NA	-3.9	56.8
5709	RegMap	UK	UKID2	NA	-2.6	54.6
5710	RegMap	UK	UKID3	NA	-3	54.4
5711	RegMap	UK	Asp-1	NA	-3.3	54.8
5712	RegMap	UK	UKID5	NA	-4.1	53.2
5713	RegMap	UK	Bea-1	NA	0.5	51.3
5715	RegMap	UK	Bid-1	NA	0.6	51.1
5716	RegMap	UK	UKID9	NA	-3.5	55.6
5717	1001G_RegMap	UK	Bra-1	CS79007	-3.2	54.6
5718	1001G	UK	UKID11	CS79008	-3.4	57
5719	RegMap	IRL	Bur-0	NA	-6.2	54.1
5720	1001G_RegMap	UK	Cal-2	CS78781	-1.6	53.3
5721	RegMap	UK	UKID14	NA	-2	55.2
5722	RegMap	UK	UKID15	NA	1	51.2
5723	RegMap	UK	Chr-1	NA	1	51.3
5724	RegMap	UK	UKID17	NA	0.1	51.4
5726	1001G	UK	Cnt-1	CS78782	1.1	51.3
5727	RegMap	UK	UKID20	NA	1.1	51.3
5728	RegMap	UK	UKID21	NA	1.1	51.3
5729	RegMap	UK	Coc-1	NA	-3.4	54.7
5730	RegMap	UK	UKID23	NA	-1.8	55.3
5731	RegMap	UK	Crl-1	NA	-2.9	54.9
5732	RegMap	UK	UKID25	NA	-2.9	54.9
5733	RegMap	UK	Cul-1	NA	-2.6	54.7
5735	RegMap	UK	UKID28	NA	-1.7	52.3
5736	RegMap	UK	Ema-1	NA	0.5	51.3
5737	RegMap	UK	UKID32	NA	0.1	51.3
5738	RegMap	UK	UKID33	NA	-1.6	54.1
5739	RegMap	UK	UKID34	NA	1.4	52.2
5740	RegMap	UK	UKID35	NA	0.9	51.3
5741	1001G_RegMap	UK	For-2	CS78783	-4.1	56.6
5742	RegMap	UK	Frd-1	NA	1.1	51.3
5744	RegMap	UK	UKID39	NA	-2.8	55.4
5745	RegMap	UK	Hil-1	NA	-1.5	51
5746	RegMap	UK	Igt-1	NA	0.3	51.3
5748	1001G	UK	Kil-0	CS78784	-4.4	56
5749	RegMap	UK	Ksk-1	NA	-3.1	54.6
5750	RegMap	UK	Ksk-2	NA	-3.1	54.6
5751	RegMap	UK	Kyl-1	NA	-5.7	57.3
5752	RegMap	UK	Lan-1	NA	-3.8	55.7
5753	RegMap	UK	UKID48	NA	-2.7	54.7
5755	RegMap	UK	Lha-1	NA	1.1	51.3
5756	RegMap	UK	UKID51	NA	0.8	52.2
5757	1001G	UK	Mc-1	CS78785	-2.3	54.6
5758	RegMap	UK	UKID53	NA	-5.2	50.3
5759	RegMap	UK	UKID54	NA	1.3	52.6
5760	RegMap	UK	UKID55	NA	-1.1	53
5762	RegMap	UK	UKID58	NA	-3.2	55.6
5763	RegMap	UK	UKID57	NA	0.4	51.2
5767	RegMap	UK	Poo-1	NA	-2.8	54.6
5768	1001G	UK	UKID63	CS78786	-1.5	54.1
5769	RegMap	UK	UKID64	NA	1	51.3
5770	RegMap	UK	UKID65	NA	-1.9	55.3
5772	1001G_RegMap	UK	Set-1	CS78787	-2.3	54.1
5774	RegMap	UK	Sis-1	NA	0.6	51.1
5776	1001G	UK	UKID71	CS79009	-1.3	52.9
5777	RegMap	UK	UKID72	NA	0.7	51.1
5779	1001G	UK	UKID74	CS78789	-3.1	51
5780	RegMap	UK	UKID75	NA	-1	53.1
5781	RegMap	UK	UKID76	NA	-2.8	54.3
5782	RegMap	UK	Su-1	NA	-3	53.7
5784	1001G_RegMap	UK	Ty-1	CS78790	-5.2	56.4
5785	RegMap	UK	UKID80	NA	-2.9	54.7
5787	RegMap	UK	UKID82	NA	-3.2	54.8
5788	RegMap	UK	UKID83	NA	-2	50.8
5789	RegMap	UK	Wis-1	NA	-0.5	51.3
5792	RegMap	UK	UKID87	NA	-0.7	50.8
5793	RegMap	UK	UKID88	NA	0.6	51.3
5795	RegMap	UK	UKID90	NA	-1.7	53.2
5798	1001G_RegMap	UK	UKID93	CS79010	-3.3	53.1
5799	RegMap	UK	UKID95	NA	-3.4	56
5800	1001G	UK	UKID96	CS78791	-5.5	57.4
5802	RegMap	UK	UKID98	NA	-1.6	52.3
5803	RegMap	UK	UKID99	NA	-4.7	51.7
5804	RegMap	UK	UKID100	NA	-1.1	50.8
5805	RegMap	UK	UKID101	NA	-1.4	53.2
5807	RegMap	UK	UKID103	NA	-0.5	51.8
5811	1001G	UK	UKID107	CS78778	-3.1	52.9
5812	RegMap	UK	UKID108	NA	-2.3	52.1
5813	RegMap	UK	UKID109	NA	-2.4	52
5816	RegMap	UK	UKID112	NA	-1.7	52
5817	RegMap	UK	UKID113	NA	-1.5	52.3
5819	RegMap	UK	Edi-1	NA	-3.2	55.9
5820	RegMap	UK	Edi-2	NA	-3.3	55.9
5821	RegMap	UK	UKID115	NA	-5.98333	56.7333
5822	1001G	UK	UKID116	CS78780	-5.98333	56.7333
5826	RegMap	UK	UKID120	NA	-5.98333	56.7333
5829	RegMap	SWE	Ale1-2	NA	14.0612	55.3838
5830	1001G_RegMap	SWE	App1-12	CS76667	15.9667	56.3333
5831	1001G_RegMap	SWE	App1-14	CS76668	15.9667	56.3333
5832	1001G_RegMap	SWE	App1-16	CS76669	15.9667	56.3333
5835	RegMap	SWE	Bil-3	NA	18.484	63.324
5836	1001G_RegMap	SWE	Boo2-3	CS77906	13.51	55.86
5837	1001G_RegMap	CZE	Bor-1	CS76453_CS22590	16.2326	49.4013
5838	RegMap	CZE	Bor-2	NA	16.2326	49.4013
5841	RegMap	CZE	Bor-9	NA	16.2326	49.4013
5846	RegMap	CZE	Bor-15	NA	16.2326	49.4013
5848	RegMap	CZE	Bor-17	NA	16.2326	49.4013
5856	1001G_RegMap	SWE	Dör-10	CS76806	17.4914	63.0167
5860	1001G_RegMap	SWE	Dra-3	CS77913	18.0165	62.6814
5865	1001G_RegMap	SWE	Dra1-4	CS76809	14.12	55.76
5867	1001G_RegMap	SWE	Dra2-1	CS76810	14.12	55.76
5870	RegMap	SWE	Dra3-9	NA	14.12	55.76
5871	RegMap	CZE	DraII-2	NA	16.2815	49.4112
5872	RegMap	CZE	DraII-3	NA	16.2815	49.4112
5873	RegMap	CZE	DraII-4	NA	16.2815	49.4112
5874	1001G_RegMap	CZE	DraII-6	CS76814	16.2815	49.4112
5875	RegMap	CZE	DraII-7	NA	16.2815	49.4112
5878	RegMap	CZE	DraII-17	NA	16.2815	49.4112
5883	RegMap	CZE	DraIII-17	NA	16.2815	49.4112
5884	RegMap	CZE	DraIV 1-1	NA	16.2815	49.4112
5887	RegMap	CZE	DraIV 1-5	NA	16.2815	49.4112
5888	RegMap	CZE	DraIV 1-6	NA	16.2815	49.4112
5890	1001G	CZE	DraIV 1-8	CS76817	16.2815	49.4112
5891	RegMap	CZE	DraIV 1-9	NA	16.2815	49.4112
5893	1001G_RegMap	CZE	DraIV 1-11	CS76816	16.2815	49.4112
5894	RegMap	CZE	DraIV 1-12	NA	16.2815	49.4112
5895	RegMap	CZE	DraIV 1-13	NA	16.2815	49.4112
5896	RegMap	CZE	DraIV 1-14	NA	16.2815	49.4112
5898	RegMap	CZE	DraIV 1-16	NA	16.2815	49.4112
5899	RegMap	CZE	DraIV 2-1	NA	16.2815	49.4112
5900	RegMap	CZE	DraIV 2-2	NA	16.2815	49.4112
5901	RegMap	CZE	DraIV 2-3	NA	16.2815	49.4112
5902	RegMap	CZE	DraIV 2-4	NA	16.2815	49.4112
5904	RegMap	CZE	DraIV 2-6	NA	16.2815	49.4112
5905	RegMap	CZE	DraIV 2-7	NA	16.2815	49.4112
5906	RegMap	CZE	DraIV 2-8	NA	16.2815	49.4112
5907	1001G	CZE	DraIV 2-9	CS76818	16.2815	49.4112
5908	RegMap	CZE	DraIV 2-10	NA	16.2815	49.4112
5910	RegMap	CZE	DraIV 2-12	NA	16.2815	49.4112
5911	RegMap	CZE	DraIV 2-13	NA	16.2815	49.4112
5913	RegMap	CZE	DraIV 2-16	NA	16.2815	49.4112
5914	RegMap	CZE	DraIV 2-17	NA	16.2815	49.4112
5915	RegMap	CZE	DraIV 3-1	NA	16.2815	49.4112
5916	RegMap	CZE	DraIV 3-2	NA	16.2815	49.4112
5919	RegMap	CZE	DraIV 3-5	NA	16.2815	49.4112
5920	RegMap	CZE	DraIV 3-6	NA	16.2815	49.4112
5921	1001G_RegMap	CZE	DraIV 3-7	CS76819	16.2815	49.4112
5922	RegMap	CZE	DraIV 3-8	NA	16.2815	49.4112
5923	RegMap	CZE	DraIV 3-9	NA	16.2815	49.4112
5924	RegMap	CZE	DraIV 3-10	NA	16.2815	49.4112
5926	RegMap	CZE	DraIV 3-12	NA	16.2815	49.4112
5927	RegMap	CZE	DraIV 3-13	NA	16.2815	49.4112
5932	RegMap	CZE	DraIV 4-1	NA	16.2815	49.4112
5933	RegMap	CZE	DraIV 4-2	NA	16.2815	49.4112
5934	RegMap	CZE	DraIV 4-3	NA	16.2815	49.4112
5935	RegMap	CZE	DraIV 4-5	NA	16.2815	49.4112
5938	RegMap	CZE	DraIV 4-8	NA	16.2815	49.4112
5939	RegMap	CZE	DraIV 4-9	NA	16.2815	49.4112
5940	RegMap	CZE	DraIV 5-1	NA	16.2815	49.4112
5942	RegMap	CZE	DraIV 5-3	NA	16.2815	49.4112
5943	RegMap	CZE	DraIV 5-4	NA	16.2815	49.4112
5945	RegMap	CZE	DraIV 5-7	NA	16.2815	49.4112
5946	RegMap	CZE	DraIV 5-8	NA	16.2815	49.4112
5948	RegMap	CZE	DraIV 5-10	NA	16.2815	49.4112
5950	1001G	CZE	DraIV 5-12	CS76820	16.2815	49.4112
5953	RegMap	CZE	DraIV 5-16	NA	16.2815	49.4112
5955	RegMap	CZE	DraIV 5-18	NA	16.2815	49.4112
5956	RegMap	CZE	DraIV 5-19	NA	16.2815	49.4112
5959	RegMap	CZE	DraIV 5-22	NA	16.2815	49.4112
5961	RegMap	CZE	DraIV 5-24	NA	16.2815	49.4112
5963	RegMap	CZE	DraIV 5-27	NA	16.2815	49.4112
5966	RegMap	CZE	DraIV 5-30	NA	16.2815	49.4112
5968	RegMap	CZE	DraIV 5-32	NA	16.2815	49.4112
5969	RegMap	CZE	DraIV 5-33	NA	16.2815	49.4112
5970	RegMap	CZE	DraIV 5-35	NA	16.2815	49.4112
5972	RegMap	CZE	DraIV 6-1	NA	16.2815	49.4112
5975	RegMap	CZE	DraIV 6-4	NA	16.2815	49.4112
5979	RegMap	CZE	DraIV 6-8	NA	16.2815	49.4112
5982	RegMap	CZE	DraIV 6-11	NA	16.2815	49.4112
5983	RegMap	CZE	DraIV 6-12	NA	16.2815	49.4112
5984	1001G_RegMap	CZE	DraIV 6-13	CS76822	16.2815	49.4112
5987	RegMap	CZE	DraIV 6-16	NA	16.2815	49.4112
5988	RegMap	CZE	DraIV 6-17	NA	16.2815	49.4112
5990	RegMap	CZE	DraIV 6-19	NA	16.2815	49.4112
5991	RegMap	CZE	DraIV 6-20	NA	16.2815	49.4112
5992	RegMap	CZE	DraIV 6-21	NA	16.2815	49.4112
5993	1001G_RegMap	CZE	DraIV 6-22	CS76823	16.2815	49.4112
5994	RegMap	CZE	DraIV 6-24	NA	16.2815	49.4112
5996	RegMap	CZE	DraIV 6-26	NA	16.2815	49.4112
5997	RegMap	CZE	DraIV 6-27	NA	16.2815	49.4112
5998	RegMap	CZE	DraIV 6-28	NA	16.2815	49.4112
5999	RegMap	CZE	DraIV 6-29	NA	16.2815	49.4112
6003	RegMap	CZE	DraIV 6-33	NA	16.2815	49.4112
6004	RegMap	CZE	DraIV 6-34	NA	16.2815	49.4112
6005	RegMap	CZE	DraIV 6-35	NA	16.2815	49.4112
6007	RegMap	CZE	DraIV 6-37	NA	16.2815	49.4112
6008	1001G_RegMap	CZE	Duk	CS76824	16.2	49.1
6009	1001G_RegMap	SWE	Eden-1	CS76826_CS22572	18.177	62.877
6010	1001G_RegMap	SWE	Eden-5	CS78000	18.177	62.877
6011	1001G_RegMap	SWE	Eden-6	CS76828	18.177	62.877
6012	1001G_RegMap	SWE	Eden-7	CS76829	18.177	62.877
6013	1001G_RegMap	SWE	Eden-9	CS76830	18.177	62.877
6016	1001G_RegMap	SWE	Eds-1	CS76834	18.4	62.9
6017	1001G_RegMap	SWE	Eds-9	CS76835	18.4	62.9
6019	1001G_RegMap	SWE	Fjä1-2	CS76860	14.29	56.06
6020	1001G_RegMap	SWE	Fjä1-5	CS76861	14.29	56.06
6021	1001G_RegMap	SWE	Fjä2-4	CS76862	14.29	56.06
6022	1001G_RegMap	SWE	Fjä2-6	CS78009	14.29	56.06
6023	1001G_RegMap	SWE	Fly2-1	CS76863	13.3712	55.7509
6024	1001G_RegMap	SWE	Fly2-2	CS76864	13.3712	55.7509
6025	1001G_RegMap	SWE	Gro-3	CS76889	17.7339	62.6437
6030	1001G_RegMap	SWE	Grön-5	CS76893	18.1896	62.806
6034	1001G_RegMap	SWE	Hov1-7	CS76932	13.74	56.1
6035	1001G_RegMap	SWE	Hov1-10	CS76931	13.74	56.1
6036	1001G_RegMap	SWE	Hov3-2	CS76934	13.74	56.1
6038	1001G_RegMap	SWE	Hov3-5	CS76935	13.74	56.1
6039	1001G_RegMap	SWE	Hovdala-2	CS76937	13.74	56.1
6040	1001G_RegMap	SWE	Kni-1	CS76970	13.4	55.66
6041	1001G_RegMap	SWE	Lis-3	CS77044	14.775	56.0328
6042	1001G_RegMap	SWE	Lom1-1	CS77048	13.9	56.09
6043	1001G_RegMap	SWE	Löv-1	CS77049_CS22574	18.079	62.801
6046	1001G_RegMap	SWE	Löv-5	CS77050_CS22575	18.079	62.801
6064	1001G_RegMap	SWE	Nyl-2	CS77136	18.2763	62.9513
6069	1001G_RegMap	SWE	Nyl-7	CS77137	18.2763	62.9513
6070	1001G	SWE	Omn-1	CS77145	18.3448	62.9308
6071	1001G_RegMap	SWE	Omn-5	CS77146	18.3448	62.9308
6073	1001G_RegMap	SWE	ÖMö1-7	CS77147	15.8155	56.1481
6074	1001G_RegMap	SWE	Ör-1	CS77150	16.1408	56.4573
6076	1001G_RegMap	SWE	Rev-2	CS77215	13.4504	55.6942
6077	1001G_RegMap	SWE	Rev-3	CS78030	13.4504	55.6942
6085	1001G_RegMap	SWE	Sparta-1	CS77260	13.2145	55.7097
6086	1001G_RegMap	SWE	Sr:3	CS77267	11.2	58.9
6087	1001G_RegMap	SWE	Stu-2	CS78033	16.1284	56.4666
6088	1001G	SWE	Stu1-1	CS77285	16.1284	56.4666
6090	1001G_RegMap	SWE	T1000	CS77288	13.2197	55.6525
6091	1001G_RegMap	SWE	T1010	CS78035	13.215	55.6525
6092	1001G_RegMap	SWE	T1020	CS77289	13.2233	55.6514
6093	RegMap	SWE	T1030	NA	13.2203	55.6497
6094	1001G_RegMap	SWE	T1040	CS77290	13.2147	55.6494
6095	1001G_RegMap	SWE	T1050	CS78039	13.2161	55.6486
6096	1001G_RegMap	SWE	T1060	CS78040	13.2225	55.6472
6097	1001G_RegMap	SWE	T1070	CS77291	13.2264	55.6481
6098	1001G_RegMap	SWE	T1080	CS77292	13.2178	55.6561
6099	1001G_RegMap	SWE	T1090	CS77293	13.2386	55.6575
6100	1001G_RegMap	SWE	T1110	CS77294	13.2	55.6
6101	1001G_RegMap	SWE	T1120	CS78045	13.2	55.6
6102	1001G_RegMap	SWE	T1130	CS77295	13.2	55.6
6103	RegMap	SWE	T1150	NA	13.2	55.7
6104	1001G_RegMap	SWE	T1160	CS77296	13.2	55.7
6105	1001G	SWE	T450	CS77297	13.1211	55.7967
6106	1001G_RegMap	SWE	T460	CS77298	13.1186	55.7931
6107	1001G_RegMap	SWE	T470	CS77299	13.1222	55.7942
6108	1001G_RegMap	SWE	T480	CS77300	13.1206	55.7989
6109	1001G_RegMap	SWE	T510	CS77301	13.1233	55.7936
6110	RegMap	SWE	T520	NA	13.1217	55.7958
6111	1001G_RegMap	SWE	T530	CS77302	13.1219	55.7989
6112	1001G_RegMap	SWE	T540	CS77303	13.1044	55.7967
6113	1001G	SWE	T550	CS77304	13.1028	55.8078
6114	1001G_RegMap	SWE	T570	CS77305	13.1342	55.8097
6115	1001G_RegMap	SWE	T580	CS77306	13.1367	55.8
6116	RegMap	SWE	T590	NA	13.1369	55.8
6118	1001G_RegMap	SWE	T610	CS77307	13.2	55.7
6119	1001G_RegMap	SWE	T620	CS78060	13.2	55.7
6120	RegMap	SWE	T630	NA	13.2	55.7
6121	RegMap	SWE	T640	NA	13.3019	55.8422
6122	1001G_RegMap	SWE	T670	CS77308	13.3075	55.8364
6123	1001G_RegMap	SWE	T680	CS78064	13.3033	55.8369
6124	1001G_RegMap	SWE	T690	CS77309	13.3092	55.8378
6125	1001G_RegMap	SWE	T710	CS77310	13.3106	55.8403
6126	1001G_RegMap	SWE	T720	CS77311	13.3047	55.8411
6127	RegMap	SWE	T730	NA	13.3058	55.8428
6128	1001G_RegMap	SWE	T740	CS77313	13.2881	55.8397
6129	RegMap	SWE	T750	NA	13.2875	55.8544
6131	1001G_RegMap	SWE	T780	CS77315	13.3181	55.8369
6132	1001G_RegMap	SWE	T790	CS77316	13.3186	55.8386
6133	1001G_RegMap	SWE	T800	CS77317	13.2906	55.8364
6134	1001G_RegMap	SWE	T810	CS77318	13.2906	55.8383
6136	1001G_RegMap	SWE	T840	CS77319	13.5519	55.9336
6137	1001G_RegMap	SWE	T850	CS77320	13.5603	55.9419
6138	1001G_RegMap	SWE	T860	CS77321	13.5511	55.9403
6140	1001G_RegMap	SWE	T880	CS77322	13.5539	55.9392
6141	1001G_RegMap	SWE	T890	CS78079	13.5542	55.9414
6142	1001G_RegMap	SWE	T900	CS77323	13.5558	55.9428
6143	RegMap	SWE	T910	NA	13.5383	55.9406
6144	RegMap	SWE	T920	NA	13.5361	55.9506
6145	1001G_RegMap	SWE	T930	CS77324	13.5533	55.9497
6146	RegMap	SWE	T940	NA	13.5686	55.9575
6147	RegMap	SWE	T950	NA	13.5675	55.9425
6148	1001G_RegMap	SWE	T960	CS77325	13.5508	55.9319
6149	1001G_RegMap	SWE	T970	CS77326	13.5481	55.9281
6150	1001G_RegMap	SWE	T980	CS77327	13.5319	55.9261
6151	1001G_RegMap	SWE	T990	CS77328	13.2244	55.6528
6153	1001G	SWE	TAA 03	CS77329	17.7422	62.6425
6154	1001G_RegMap	SWE	TAA 04	CS77330	17.7406	62.6422
6163	1001G_RegMap	SWE	TAA 14	CS77331	17.7356	62.6425
6166	1001G_RegMap	SWE	TAA 17	CS77332	17.7372	62.6425
6169	1001G_RegMap	SWE	TÅD 01	CS77333	18.3447	62.8714
6170	RegMap	SWE	TÅD 02	NA	18.3442	62.8717
6171	RegMap	SWE	TÅD 03	NA	18.3444	62.8717
6172	1001G_RegMap	SWE	TÅD 04	CS77335	18.3436	62.8717
6173	1001G_RegMap	SWE	TÅD 05	CS77336	18.3419	62.8717
6174	1001G_RegMap	SWE	TÅD 06	CS77337	18.3422	62.8719
6177	1001G_RegMap	SWE	TÄL 03	CS77338	17.69	62.6322
6180	1001G_RegMap	SWE	TÄL 07	CS77339	17.6906	62.6322
6184	1001G_RegMap	SWE	TBÖ 01	CS77343	18.4522	62.8892
6188	1001G_RegMap	SWE	TDr-1	CS77345	14.1386	55.7683
6189	1001G_RegMap	SWE	TDr-2	CS77351	14.1383	55.7686
6190	RegMap	SWE	TDr-3	NA	14.1381	55.7686
6191	1001G_RegMap	SWE	TDr-4	CS77352	14.1375	55.7689
6192	1001G_RegMap	SWE	TDr-5	CS77353	14.1369	55.7692
6193	1001G_RegMap	SWE	TDr-7	CS77354	14.1347	55.7694
6194	1001G_RegMap	SWE	TDr-8	CS77355	14.1342	55.7706
6195	1001G_RegMap	SWE	TDr-9	CS77356	14.1342	55.7708
6197	RegMap	SWE	TDr-11	NA	14.1333	55.7714
6198	1001G_RegMap	SWE	TDr-13	CS77347	14.1331	55.7708
6199	RegMap	SWE	TDr-14	NA	14.1206	55.7711
6200	RegMap	SWE	TDr-15	NA	14.1214	55.7714
6201	1001G_RegMap	SWE	TDr-16	CS77348	14.1211	55.7719
6202	1001G_RegMap	SWE	TDr-17	CS77349	14.1206	55.7717
6203	1001G_RegMap	SWE	TDr-18	CS77350	14.1208	55.7714
6207	RegMap	SWE	TDr-22	NA	14.1217	55.7711
6209	1001G_RegMap	SWE	TEDEN 02	CS77358	18.1842	62.8836
6210	1001G_RegMap	SWE	TEDEN 03	CS77359	18.1836	62.8839
6212	RegMap	SWE	TFÄ 02	NA	18.3239	63.0175
6214	1001G_RegMap	SWE	TFÄ 04	CS78121	18.3281	63.0175
6215	RegMap	SWE	TFÄ 05	NA	18.3281	63.0172
6216	1001G_RegMap	SWE	TFÄ 06	CS77362	18.3283	63.0167
6217	1001G_RegMap	SWE	TFÄ 07	CS77363	18.3283	63.0169
6218	1001G_RegMap	SWE	TFÄ 08	CS77364	18.3283	63.0172
6220	1001G_RegMap	SWE	TGR 01	CS77365	18.1896	62.806
6221	1001G_RegMap	SWE	TGR 02	CS77366	18.1896	62.806
6226	RegMap	SWE	THÖ 08	NA	17.9033	62.7994
6231	1001G_RegMap	SWE	TNY 04	CS77368	18.2844	62.96
6235	1001G_RegMap	SWE	TOM 01	CS77372	18.3589	62.9611
6236	RegMap	SWE	TOM 02	NA	18.36	62.9617
6237	1001G_RegMap	SWE	TOM 03	CS77373	18.35	62.9619
6238	1001G_RegMap	SWE	TOM 04	CS77374	18.35	62.9619
6240	1001G_RegMap	SWE	TOM 06	CS77375	18.35	62.9622
6241	1001G_RegMap	SWE	TOM 07	CS77376	18.3608	62.9614
6242	1001G_RegMap	SWE	Tomegap-2	CS77377	13.2	55.7
6243	1001G_RegMap	SWE	Tottarp-2	CS77381	13.90045	56.27373
6244	1001G_RegMap	SWE	TRÄ 01	CS77384	18.4728	62.9169
6252	1001G_RegMap	SWE	TV-4	CS78771	14.3336	55.5796
6255	1001G_RegMap	SWE	TV-7	CS78772	14.3336	55.5796
6258	1001G_RegMap	SWE	TV-10	CS78767	14.3336	55.5796
6268	1001G_RegMap	SWE	TV-22	CS78768	14.3336	55.5796
6276	1001G_RegMap	SWE	TV-30	CS78769	14.3336	55.5796
6284	1001G_RegMap	SWE	TV-38	CS78770	14.3336	55.5796
6287	RegMap	CZE	Udu-9	NA	16.6314	49.2771
6296	1001G	CZE	UduI 1-11	CS78774	16.6314	49.2771
6309	RegMap	CZE	UduI 1-25	NA	16.6314	49.2771
6318	RegMap	CZE	UduI 1-34	NA	16.6314	49.2771
6390	1001G	CZE	UduI 3-36	CS78775	16.6314	49.2771
6396	1001G_RegMap	CZE	UduI 4-9	CS78776	16.6314	49.2771
6401	RegMap	CZE	UduI 4-16	NA	16.6314	49.2771
6402	RegMap	CZE	UduI 4-17	NA	16.6314	49.2771
6403	RegMap	CZE	UduI 4-18	NA	16.6314	49.2771
6411	RegMap	SWE	Ull1-10	NA	13.97	56.06
6412	RegMap	SWE	Ull2-7	NA	13.9707	56.0648
6413	1001G_RegMap	SWE	Ull3-4	CS78819	13.97	56.06
6416	RegMap	CZE	Zdr-13	NA	16.2544	49.3853
6417	RegMap	CZE	Zdr-16	NA	16.2544	49.3853
6418	RegMap	CZE	Zdr-19	NA	16.2544	49.3853
6421	RegMap	CZE	ZdrI 1-8	NA	16.2544	49.3853
6424	1001G	CZE	ZdrI 1-23	CS78875	16.2544	49.3853
6425	RegMap	CZE	ZdrI 1-24	NA	16.2544	49.3853
6427	RegMap	CZE	ZdrI 2-1	NA	16.2544	49.3853
6434	1001G	CZE	ZdrI 2-9	CS78877	16.2544	49.3853
6435	RegMap	CZE	ZdrI 2-10	NA	16.2544	49.3853
6436	RegMap	CZE	ZdrI 2-11	NA	16.2544	49.3853
6444	RegMap	CZE	ZdrI 2-20	NA	16.2544	49.3853
6445	1001G_RegMap	CZE	ZdrI 2-21	CS78876	16.2544	49.3853
6446	RegMap	CZE	ZdrI 2-22	NA	16.2544	49.3853
6448	RegMap	CZE	ZdrI 2-24	NA	16.2544	49.3853
6449	RegMap	CZE	ZdrI 2-25	NA	16.2544	49.3853
6451	RegMap	CZE	ZdrI 2-28	NA	16.2544	49.3853
6453	RegMap	CZE	ZdrI 2-30	NA	16.2544	49.3853
6455	RegMap	CZE	ZdrI 2-32	NA	16.2544	49.3853
6458	RegMap	CZE	ZdrI 2-36	NA	16.2544	49.3853
6680	1001G	GER	ANH-1	CS76437	6.4333	51.85
6709	RegMap	USA	Bg-2	CS22342	-122.305	47.6479
6727	RegMap	UK	CIBC-2	CS22221	-0.6383	51.4083
6729	RegMap	UK	CIBC-4	CS22223	-0.6383	51.4083
6730	RegMap	UK	CIBC-5	CS22224	-0.6383	51.4083
6739	1001G	USA	CSHL-15	CS79011	-73.4675	40.8585
6740	1001G	USA	CSHL-17	CS79012	-73.4675	40.8585
6744	1001G_RegMap	USA	CSHL-5	CS76779_CS22423	-73.4675	40.8585
6749	1001G	USA	FM-10	CS79013	-76.5072	42.4489
6750	1001G	USA	FM-11	CS79014	-76.5072	42.4489
6805	1001G	USA	HS-12	CS79015	-71.0627	42.373
6806	1001G	USA	HS-17	CS79016	-71.0627	42.373
6810	RegMap	USA	KNO-11	CS22411	-86.621	41.2816
6814	1001G	USA	KNO-15	CS79017	-86.621	41.2816
6830	1001G	KAZ	Kz-13	CS76994	73.1	49.5
6847	RegMap	UK	NFC-20	CS22201	-0.6383	51.4083
6897	1001G_RegMap	FRA	Ag-0	CS76430_CS22630	1.3	45
6898	1001G_RegMap	BEL	An-1	CS76435_CS22626	4.4	51.2167
6899	RegMap	GER	Bay-0	CS22633	11	49
6900	1001G_RegMap	SWE	Bil-5	CS76709_CS22578	18.484	63.324
6901	1001G_RegMap	SWE	Bil-7	CS76710_CS22579	18.484	63.324
6903	1001G_RegMap	CZE	Bor-4	CS76454_CS22591	16.2326	49.4013
6904	1001G_RegMap	CZE	Br-0	CS76455_CS22628	16.6166	49.2
6905	RegMap	IRL	Bur-0	CS22656	-6.2	54.1
6906	RegMap	POR	C24	CS22620	-8.42639	40.2077
6907	1001G_RegMap	UK	CIBC-17	CS76770_CS22603	-0.6383	51.4083
6908	1001G_RegMap	UK	CIBC-5	CS78894_CS22602	-0.6383	51.4083
6909	1001G_RegMap	USA	Col-0	CS76778_CS22625	-92.3	38.3
6910	RegMap	ITA	Ct-1	CS22639	15	37.3
6911	1001G_RegMap	CPV	Cvi-0	CS76789_CS22614	-23.6167	15.1111
6913	1001G_RegMap	SWE	Eden-2	CS76827_CS22573	18.177	62.877
6914	RegMap	UK	Edi-0	CS22657	-3.16028	55.9494
6915	1001G_RegMap	GER	Ei-2	CS76478_CS22616	6.3	50.3
6916	RegMap	RUS	Est-1	CS22629	25.3	58.3
6917	1001G_RegMap	SWE	Fäb-2	CS76850_CS22576	18.3174	63.0165
6918	1001G_RegMap	SWE	Fäb-4	CS76851_CS22577	18.3174	63.0165
6919	1001G_RegMap	GER	Ga-0	CS76490_CS22634	8	50.3
6920	1001G_RegMap	GER	Got-22	CS76884_CS22609	9.9355	51.5338
6921	RegMap	GER	Got-7	CS22608	9.9355	51.5338
6922	1001G_RegMap	GER	Gu-0	CS76498_CS22617	8	50.3
6923	1001G_RegMap	UK	HR-10	CS76940_CS22597	-0.6383	51.4083
6924	1001G_RegMap	UK	HR-5	CS76514_CS22596	-0.6383	51.4083
6926	1001G_RegMap	USA	Kin-0	CS76527_CS22654	-85.37	44.46
6927	1001G_RegMap	USA	KNO-10_Kno-10	CS76973_CS22566	-86.621	41.2816
6928	RegMap	USA	Kno-18	CS22567	-86.621	41.2816
6929	1001G_RegMap	TJK	Kondara	CS76532_CS22651	68.49	38.48
6930	RegMap	KAZ	Kz-1	CS22606	73.1	49.5
6931	1001G_RegMap	KAZ	Kz-9	CS76537_CS22607	73.1	49.5
6932	1001G_RegMap	GER	Ler-1	CS77021_CS22618	10.8719	47.984
6933	1001G_RegMap	ESP	LL-0	CS77047_CS22650	2.49	41.59
6936	RegMap	FRA	Lz-0	CS22615	3.3	46
6937	RegMap	GER	Mrk-0	CS22635	9.3	49
6938	1001G_RegMap	RUS	Ms-0	CS76555_CS22655	37.6322	55.7522
6939	RegMap	LIB	Mt-0	CS22642	22.46	32.34
6940	1001G_RegMap	GER	Mz-0	CS76557_CS22636	8.3	50.3
6942	RegMap	SUI	Nd-1	CS22619	10	50
6943	1001G_RegMap	UK	NFA-10	CS77126_CS22599	-0.6383	51.4083
6944	1001G_RegMap	UK	NFA-8	CS78913_CS22598	-0.6383	51.4083
6945	1001G_RegMap	NED	Nok-3	CS76562_CS22643	4.45	52.24
6946	RegMap	NOR	Oy-0	CS22658	6.13	60.23
6951	1001G_RegMap	CZE	Pu2-23	CS76579_CS22593	16.36	49.42
6953	RegMap	CZE	Pu2-24	CS22454	16.36	49.42
6956	1001G_RegMap	CZE	Pu2-7	CS76580_CS22592	16.36	49.42
6957	1001G_RegMap	CZE	Pu2-8	CS77192_CS22449	16.36	49.42
6958	1001G_RegMap	FRA	Ra-0	CS76582_CS22632	3.3	46
6959	1001G_RegMap	FRA	Rennes-1_Ren-1	CS77210_CS22610	-1.41	48.5
6960	1001G_RegMap	FRA	Rennes-11_Ren-11	CS77211_CS22611	-1.41	48.5
6961	1001G_RegMap	ESP	Se-0	CS76597_CS22646	-3.53333	38.3333
6962	RegMap	TJK	Shahdara	CS22652	68.48	38.35
6963	1001G_RegMap	TJK	Sorbo	CS78917_CS22653	68.48	38.35
6964	RegMap	SWE	Spr1-2	CS22582	16	56.3
6965	RegMap	SWE	Spr1-6	CS22583	14.1576	58.4173
6966	1001G_RegMap	UK	Sq-1	CS77266_CS22600	-0.6383	51.4083
6967	1001G_RegMap	UK	Sq-8	CS76604_CS22601	-0.6383	51.4083
6968	1001G_RegMap	FIN	Tamm-2	CS76610_CS22604	23.5	60
6969	1001G_RegMap	FIN	Tamm-27	CS77341_CS22605	23.5	60
6970	1001G_RegMap	ESP	Ts-1	CS76615_CS22647	2.93056	41.7194
6971	1001G_RegMap	ESP	Ts-5	CS77388_CS22648	2.93056	41.7194
6972	RegMap	JPN	Tsu-1	CS22641	136.31	34.43
6973	1001G_RegMap	SWE	Ull2-3	CS78817_CS22587	13.9707	56.0648
6974	1001G_RegMap	SWE	Ull2-5	CS78818_CS22586	13.9707	56.0648
6975	1001G_RegMap	AUT	Uod-1	CS76621_CS22612	14.45	48.3
6976	1001G_RegMap	AUT	Uod-7	CS78823_CS22613	14.45	48.3
6977	RegMap	CAN	Van-0	CS22627	-123	49.3
6978	RegMap	POL	Wa-1	CS22644	21	52.3
6979	1001G_RegMap	SUI	Wei-0	CS76628_CS22622	8.26	47.25
6980	RegMap	RUS	Ws-0	CS22623	30	52.3
6981	1001G_RegMap	RUS	Ws-2	CS78920_CS22659	30	52.3
6982	1001G_RegMap	GER	Wt-5	CS76632_CS22637	9.3	52.3
6983	RegMap	USA	Yo-0	CS22624	-119.35	37.45
6984	1001G_RegMap	CZE	Zdr-1	CS76635_CS22588	16.2544	49.3853
6985	RegMap	CZE	Zdr-6	CS22589	16.2544	49.3853
6986	1001G	UK	Abd-0	CS76429	-2.2207	57.1539
6987	1001G_RegMap	GER	Ak-1	CS76431_CS6602	7.62551	48.0683
6988	RegMap	ESP	Alc-0	CS1656	-3.22	40.31
6989	1001G_RegMap	UK	Alst-1	CS76432_CS22550	-2.4333	54.8
6990	1001G_RegMap	NED	Amel-1	CS76434_CS22526	5.73	53.448
6992	1001G_RegMap	BEL	Ang-0	CS76436_CS6605	5.3	50.3
6994	RegMap	FRA	Ann-1	CS22520	6.13028	45.9
6996	RegMap	BEL	An-2	CS6604	4.4	51.2167
6997	1001G	NED	Appt-1	CS76440	5.5833	51.8333
6998	RegMap	SWE	Arby-1	CS22547	16.7999	59.4308
7000	1001G_RegMap	GER	Aa-0	CS76428_CS6600	9.57073	50.9167
7002	1001G_RegMap	NED	Baa-1	CS76442_CS22529	6.1	51.3333
7003	1001G	SUI	Bs-1	CS78888	7.5	47.5
7004	RegMap	SUI	Bs-2	CS6628	7.5	47.5
7008	1001G_RegMap	NED	Benk-1	CS76447_CS22530	5.675	52
7011	RegMap	GER	Be-1	CS6614	8.6161	49.6803
7013	1001G_RegMap	GER	Bd-0	CS76445_CS6612	13.287	52.4584
7014	1001G_RegMap	UK	Ba-1	CS76441_CS6607	-4.79821	56.5459
7015	RegMap	ESP	Bla-1	CS6616	2.8	41.6833
7017	RegMap	ESP	Bla-11	CS6623	2.8	41.6833
7024	RegMap	ESP	Bla-6	CS6621	2.8	41.6833
7025	1001G	ITA	Bl-1	CS76450	11.3396	44.5041
7026	1001G_RegMap	UK	Boot-1	CS76452_CS22551	-3.2667	54.4
7028	1001G_RegMap	GER	Bch-1	CS76444_CS6609	9.3166	49.5166
7029	RegMap	GER	Bch-3	CS6610	9.3166	49.5166
7030	RegMap	GER	Bch-4	CS6611	9.3166	49.5166
7031	1001G_RegMap	GER	Bsch-0	CS76457_CS6630	8.6667	50.0167
7032	RegMap	GER	Bsch-2	CS6631	8.6667	50.0167
7033	1001G_RegMap	USA	Buckhorn Pass	CS76733_CS8067	-122.755	41.3599
7034	RegMap	CZE	Blh-1	CS6645	19	48
7035	RegMap	CZE	Blh-2	CS6657	19	48
7036	1001G	GER	Bu-0	CS78889	9.5	50.5
7058	1001G	IRL	Bur-0	CS76734	-6.2	54.1
7061	1001G	UK	Cal-0	CS76460	-1.64293	53.2699
7062	1001G_RegMap	GER	Ca-0	CS76459_CS6658	8.26607	50.2981
7063	1001G	ESP	Can-0	CS76740	-13.4811	29.2144
7064	1001G_RegMap	UK	Cnt-1	CS76467_CS6921	1.1	51.3
7067	1001G	ITA	Ct-1	CS76786	15	37.3
7068	1001G	ITA	Cerv-1	CS76462	12.1	42
7069	RegMap	SUI	Cha-0	CS6662	7.1167	46.0333
7071	1001G_RegMap	FRA	Chat-1	CS76463_CS22521	1.33867	48.0717
7072	1001G	RUS	Chi-0	CS76464	34.7361	53.7502
7073	RegMap	RUS	Chi-1	CS6665	34.7361	53.7502
7075	RegMap	FRA	Cit-0	CS1080	2.54038	43.3779
7077	1001G	POR	Co-1	CS76468	-8.25	40.12
7078	RegMap	POR	Co-2	CS6670	-8.25	40.12
7079	RegMap	POR	Co-3	CS6671	-8.25	40.12
7080	RegMap	POR	Co-4	CS6672	-8.25	40.12
7081	1001G_RegMap	POR	Co	CS78895_CS3180	-8.42639	40.2077
7092	1001G_RegMap	FRA	Com-1	CS76469_CS22522	2.823	49.416
7094	1001G_RegMap	GER	Da-0	CS76791_CS6676	8.65081	49.8724
7096	1001G	FRA	Di-G	CS76472	5.04278	47.3239
7098	RegMap	FRA	Di-1	CS6681	5	47
7100	RegMap	GER	Db-0	CS6677	8.324	50.3055
7102	1001G_RegMap	GER	Do-0	CS76474_CS6683	8.2372	50.7224
7103	1001G	CZE	Dra-0	CS76476	16.2667	49.4167
7104	RegMap	CZE	Dra-1	CS6686	16.2667	49.4167
7105	RegMap	CZE	Dra-2	CS6687	16.2667	49.4167
7106	1001G_RegMap	GER	Dr-0	CS78897_CS6684	13.7336	51.051
7107	1001G	UK	Durh-1	CS76477	-1.5733	54.7761
7109	1001G_RegMap	UK	Ema-1	CS76480_CS6923	0.5	51.3
7110	RegMap	NED	Ede-1	CS22532	5.66667	52.0333
7111	1001G	UK	Edi-0	CS76831	-3.16028	55.9494
7113	RegMap	GER	Ei-4	CS6690	6.3	50.3
7116	RegMap	GER	Eil-0	CS6693	12.6327	51.4599
7117	1001G_RegMap	GER	El-0	CS76479_CS6694	9.68253	51.5105
7119	1001G	GER	En-2	CS76481	8.5	50
7120	1001G	GER	En-D	CS76482	8.5	50
7121	RegMap	GER	En-T	CS6176	8.5	50
7123	RegMap	GER	Ep-0	CS6697	8.38912	50.1721
7125	1001G	GER	Er-0	CS78898	11.0087	49.5955
7126	1001G_RegMap	FIN	Es-0	CS76484_CS6699	24.5682	60.1997
7127	1001G	EST	Est	CS76485	24.9871	58.6656
7128	RegMap	RUS	Est-0	CS6700	25.3	58.3
7130	1001G	FRA	Et-0	CS76486	2.56481	44.6447
7133	1001G	GER	Fr-2	CS76489	8.6822	50.1102
7135	RegMap	GER	Fr-4	CS6710	8.6822	50.1102
7138	1001G	GER	Fi-0	CS76488	8.0167	50.5
7139	RegMap	GER	Fi-1	CS6705	8.0167	50.5
7141	RegMap	GER	Ga-2	CS6715	8	50.3
7143	1001G_RegMap	NED	Gel-1	CS76492_CS22533	5.86667	51.0167
7145	RegMap	SUI	Ge-1	CS6718	6.08	46.5
7147	1001G_RegMap	GER	Gie-0	CS76493_CS6720	8.67825	50.584
7149	RegMap	GER	Gu-0	CS6730	8	50.3
7150	RegMap	GER	Gu-1	CS6731	8	50.3
7151	RegMap	GER	Go-0	CS6721	9.9355	51.5338
7152	RegMap	GER	Go-2	CS6722	9.9355	51.5338
7158	1001G_RegMap	AUT	Gr-5	CS76885_CS6727	15.5	47
7160	1001G	USA	Gre-0	CS76497	-85.2532	43.178
7161	1001G	GER	Gd-1	CS76491	10.5	53.5
7162	1001G	GER	Hs-0	CS76515	9.44	52.24
7163	1001G_RegMap	GER	Ha-0	CS76500_CS6733	9.73569	52.3721
7164	1001G_RegMap	DEN	Hau-0	CS76915_CS6734	12.5686	55.675
7165	1001G_RegMap	GER	Hn-0	CS76513_CS6739	8.28844	51.3472
7166	RegMap	NED	Hey-1	CS22534	5.9	51.25
7168	RegMap	TJK	Hodja-Obi-Garm	CS6178	NA	NA
7169	1001G_RegMap	GER	Hh-0	CS76512_CS6735	9.88682	54.4175
7172	RegMap	GER	Hl-3	CS6904	9.37827	52.1444
7176	RegMap	GER	Is-1	CS6906	7.5	50.5
7177	1001G	CZE	Jm-0	CS76520	15	49
7178	RegMap	CZE	Jm-1	CS6749	15	49
7181	1001G_RegMap	GER	Je-0	CS76518_CS6742	11.587	50.927
7183	1001G	IND	Kas-1	CS79018	77	35
7186	1001G_RegMap	LTU	Kn-0	CS76969_CS6762	23.8924	54.8969
7188	RegMap	GER	Kelsterbach-2	CS6102	8.5333	50.0667
7192	1001G_RegMap	UK	Kil-0	CS76526_CS6754	-5.66364	55.6395
7194	RegMap	GER	Kl-0	CS6756	6.9666	50.95
7195	RegMap	GER	Kl-1	CS6757	6.9666	50.95
7199	1001G_RegMap	GER	Kl-5	CS76528_CS6761	6.9666	50.95
7201	RegMap	GER	Kr-0	CS6764	6.55934	51.3317
7202	1001G	GER	Kb-0	CS76524	8.50861	50.1797
7203	1001G	GER	Krot-0	CS76534	11.5722	49.631
7205	RegMap	GER	Krot-2	CS3888	11.5722	49.631
7206	RegMap	GER	Kro-0	CS6766	8.96617	50.0742
7207	1001G	JPN	Kyoto	CS76535	135.752	35.0085
7208	1001G	UK	Lan-0	CS76539	-3.78181	55.6739
7209	1001G	POL	La-0	CS76538	15.2333	52.7333
7210	RegMap	POL	La-1	CS6767	15.2333	52.7333
7213	1001G	GER	Ler-0	CS77020	10.8719	47.984
7217	1001G	FRA	Lm-2	CS76545	0.5	48
7218	1001G	NED	Le-0	CS76540	4.49015	52.1611
7223	1001G_RegMap	GER	Li-2:1	CS76541_CS6772	8.0666	50.3833
7224	RegMap	GER	Li-3	CS1316	8.0666	50.3833
7227	RegMap	GER	Li-5:2	CS6909	8.0666	50.3833
7228	RegMap	GER	Li-5:3	CS6776	8.0666	50.3833
7229	RegMap	GER	Li-6	CS6777	8.0666	50.3833
7231	1001G_RegMap	GER	Li-7	CS77035_CS6778	8.0666	50.3833
7236	1001G	LTU	Litva	CS76543	NA	NA
7238	RegMap	ESP	Ll-1	CS6782	2.49	41.59
7239	RegMap	ESP	Ll-2	CS6783	2.49	41.59
7242	RegMap	GER	Lo-2	CS6786	7.6666	47.6166
7244	1001G_RegMap	GER	Mnz-0	CS76552_CS6794	8.26664	50.001
7245	RegMap	GER	Ma-0	CS6789	8.7667	50.8167
7246	RegMap	GER	Ma-2	CS6790	8.7667	50.8167
7248	1001G	USA	Mv-0	CS76556	-70.6652	41.3923
7250	1001G_RegMap	GER	Me-0	CS76549_CS1364	10.1138	51.9183
7252	RegMap	UK	Mc-0	CS1362	-2.3	54.6167
7255	1001G_RegMap	GER	Mh-0	CS76550_CS6792	7.5	50.95
7256	RegMap	POL	Mh-1	CS6793	7.5	50.95
7258	1001G_RegMap	GER	Nw-0	CS76564_CS6811	8.5	50.5
7260	RegMap	GER	Nw-2	CS6813	8.5	50.5
7262	RegMap	GER	Nw-4	CS6815	8.5	50.5
7263	RegMap	NZL	Nz1	CS22661	175.283	-37.7871
7265	RegMap	SUI	Nd-0	CS6803	10	50
7268	1001G_RegMap	GER	Np-0	CS76563_CS6806	10.981	52.6969
7270	RegMap	NED	Nok-1	CS6808	4.45	52.24
7273	1001G	GER	No-0	CS77128	13.2995	51.0581
7275	RegMap	GER	No-0	CS3081	13.2995	51.0581
7276	1001G_RegMap	GER	Ob-0	CS76566_CS6816	8.5833	50.2
7277	RegMap	GER	Ob-1	CS6817	8.5833	50.2
7280	1001G_RegMap	GER	Old-1	CS76567_CS6820	8.2	53.1667
7281	RegMap	GER	Old-2	CS6821	8.2	53.1667
7282	1001G_RegMap	GER	Or-0	CS76568_CS6822	8.01161	50.3827
7283	RegMap	ROU	Ors-1	CS22672	22.3955	44.7203
7284	RegMap	ROU	Ors-2	CS22673	22.3955	44.7203
7287	1001G_RegMap	GER	Ove-0	CS76569_CS6823	8.42255	53.3422
7288	1001G	NOR	Oy-0	CS77156	6.193019	60.385543
7291	RegMap	ITA	Pa-2	CS6826	13.22	38.07
7292	RegMap	ITA	Pa-3	CS6827	13.22	38.07
7296	1001G_RegMap	RUS	Petergof	CS77170_CS926	29	59
7297	RegMap	GER	Pf-0	CS6831	9.11033	48.5479
7298	1001G	AUT	Pi-0	CS76572	10.51	47.04
7299	RegMap	AUT	Pi-2	CS6833	10.51	47.04
7300	RegMap	ESP	Pla-0	CS6834	2.25	41.5
7301	RegMap	ESP	Pla-1	CS6835	2.25	41.5
7303	RegMap	ESP	Pla-3	CS6836	2.25	41.5
7305	1001G_RegMap	GER	Pt-0	CS78915_CS6843	10.6065	53.476
7306	1001G_RegMap	CAN	Pog-0	CS76576_CS6842	-123.206	49.2655
7307	1001G_RegMap	FRA	Pn-0	CS77182_CS6838	-2.96591	48.0653
7309	RegMap	GER	Po-1	CS6840	7.1	50.7167
7310	RegMap	GER	Pr-0	CS6841	8.60706	50.1448
7314	1001G	UK	Ragl-1	CS76583	-3.41697	54.3512
7316	1001G_RegMap	NED	Rhen-1	CS78916_CS22536	5.56667	51.9667
7317	RegMap	CAN	Ri-0	CS6849	-123.137	49.1632
7319	1001G	ITA	Rome-1	CS76590	12.1	42
7320	1001G_RegMap	FRA	Rou-0	CS76591_CS6847	1.09849	49.4424
7322	1001G	RUS	Rsch-4	CS77222	34	56.3
7323	1001G_RegMap	UKR	Rubezhnoe-1	CS76594_CS927	38.28	49
7327	1001G	ESP	Sf-1	CS77246	3.03333	41.7833
7328	1001G_RegMap	ESP	Sf-2	CS77247_CS6857	3.03333	41.7833
7330	RegMap	JPN	Sapporo-0	CS22456	141.346	43.0553
7331	RegMap	GER	Sh-0	CS6860	10.2144	51.6832
7332	1001G	USA	Seattle-0	CS76598	-122.2	47
7333	1001G_RegMap	ITA	Sei-0	CS76599_CS6853	11.5614	46.5438
7337	1001G_RegMap	GER	Si-0	CS76601_CS6861	8.02341	50.8738
7340	RegMap	CZE	Sav-0	CS6856	15.8833	49.1833
7342	1001G	UK	Su-0	CS76606	-3.00733	53.6473
7343	1001G_RegMap	GER	Sp-0	CS76603_CS6862	13.181	52.5339
7344	1001G_RegMap	GER	Sg-1	CS76600_CS6858	9.5	47.6667
7346	1001G_RegMap	GER	Sten-0_Ste-0	CS77277_CS6864	11.8558	52.6058
7347	1001G	RUS	Stw-0	CS76605	36	52
7349	1001G	CZE	Ta-0	CS76608	14.5	49.5
7350	1001G	USA	Tac-0	CS76609	-122.459	47.2413
7351	RegMap	UK	Ty-0	CS6878	-5.23439	56.4278
7352	RegMap	FIN	Te-0	CS6918	23.2982	60.0585
7353	1001G_RegMap	NED	Tha-1	CS76611_CS22537	4.3	52.08
7354	1001G_RegMap	SWE	Ting-1	CS76612_CS22549	14.9	56.5
7355	RegMap	ITA	Tiv-1	CS22525	12.8	41.96
7356	1001G	USA	Tol-0	CS76614	-83.5553	41.6639
7358	1001G	USA	Tol-2	CS79019	-83.5553	41.6639
7359	1001G	USA	Tol-3	CS79020	-83.5553	41.6639
7372	1001G_RegMap	AUT	Tscha-1	CS76616_CS22518	9.9042	47.0748
7373	1001G_RegMap	JPN	Tsu-0	CS77389_CS6874	136.31	34.43
7376	RegMap	ITA	Tu-1	CS6876	7.5	45
7377	1001G	USA	Tul-0	CS76618	-85.2563	43.2708
7378	1001G_RegMap	GER	Uk-1	CS76620_CS6879	7.7667	48.0333
7379	RegMap	GER	Uk-2	CS6881	7.7667	48.0333
7381	RegMap	GER	Uk-4	CS6882	7.7667	48.0333
7382	1001G_RegMap	NED	Utrecht	CS76622_CS6150	5.1145	52.0918
7383	1001G	CAN	Van-0	CS76623	-123.206	49.2655
7384	1001G_RegMap	NED	Ven-1	CS76624_CS22538	5.55	52.0333
7386	RegMap	GER	Vi-0	CS6883	8.74639	50.1946
7387	1001G	UK	Vind-1	CS76625	-2.3671	54.9902
7390	RegMap	NED	Wag-3	CS22542	5.6666	51.9666
7391	RegMap	NED	Wag-4	CS22543	5.6666	51.9666
7392	RegMap	NED	Wag-5	CS22544	5.6666	51.9666
7394	1001G_RegMap	POL	Wa-1	CS76626_CS6885	21	52.3
7396	1001G	RUS	Ws-0.2	CS78857	30	52.3
7397	RegMap	RUS	Ws	CS915	30	52.3
7403	RegMap	SUI	Wei-1	CS6925	8.26	47.25
7404	1001G_RegMap	GER	Wc-1	CS76627_CS6886	10.0667	52.6
7405	RegMap	GER	Wc-2	CS6887	10.0667	52.6
7406	RegMap	GER	Wt-1	CS6892	9.3	52.3
7408	RegMap	GER	Wt-3	CS6894	9.3	52.3
7411	1001G_RegMap	GER	Wl-0	CS76630_CS6920	10.8134	47.9299
7413	1001G_RegMap	LTU	Wil-2	CS78856_CS6889	25.3167	54.6833
7415	1001G	GER	Wu-0	CS78858	9.9361	49.7878
7416	1001G	USA	Yo-0	CS76633	-119.35	37.45
7417	1001G	SUI	Zu-0	CS78880	8.55	47.3667
7418	1001G_RegMap	SUI	Zu-1	CS78881_CS6903	8.55	47.3667
7419	1001G	GER	Db-1	CS76471	8.32213	50.3058
7423	RegMap	CZE	Jl-2	CS6744	16.6166	49.2
7424	1001G_RegMap	CZE	Jl-3	CS76519_CS6745	16.6166	49.2
7425	RegMap	CZE	Jl-4	CS6746	16.6166	49.2
7427	1001G	DEN	Ko-2	CS76531	NA	NA
7430	1001G_RegMap	FRA	Nc-1	CS76559_CS6802	6.25	48.6167
7438	RegMap	RUS	N13	CS22491	34.15	61.36
7446	RegMap	RUS	N4	CS22482	34.15	61.36
7449	RegMap	RUS	N7	CS22485	34.15	61.36
7457	RegMap	RUS	Rld-2	CS6927	34.3167	56.25
7460	1001G_RegMap	CZE	Da(1)-12	CS76470_CS917	NA	NA
7461	1001G_RegMap	CZE	H55	CS76897_CS923	15	49
7462	RegMap	CZE	Je54	CS924	15	49
7463	RegMap	UNK	Sn(5)-1	CS6181	NA	NA
7471	1001G	UNK	RLD-1	CS76588	NA	NA
7472	RegMap	UNK	S96	CS914	NA	NA
7475	1001G	USA	KEN	CS79021	-72.677	41.767
7477	1001G_RegMap	USA	WAR	CS78853_CS8143	-71.2825	41.7302
7479	RegMap	UK	PHW-10	CS6055	0.0565	51.2878
7482	RegMap	UK	PHW-13	CS6060	0.0565	51.2878
7483	RegMap	UK	PHW-14	CS6061	0.0565	51.2878
7490	RegMap	UK	PHW-20	CS6071	0.0565	51.2878
7492	RegMap	UK	PHW-22	CS6075	-1.7167	51.4167
7496	RegMap	UK	PHW-26	CS6081	-3.8404	50.6728
7498	RegMap	UK	PHW-28	CS6083	-3.5833	50.35
7502	RegMap	UK	PHW-31	CS6088	-3.2	51.4666
7504	RegMap	NED	PHW-33	CS6092	4.5667	52.25
7506	RegMap	FRA	PHW-35	CS6096	2.3086	48.6103
7507	RegMap	FRA	PHW-36	CS6098	2.3086	48.6103
7508	RegMap	FRA	PHW-37	CS6099	2.3086	48.6103
7514	1001G_RegMap	USA	RRS-7	CS76593_CS22564	-86.4251	41.5609
7515	1001G_RegMap	USA	RRS-10	CS76592_CS22565	-86.4251	41.5609
7516	1001G_RegMap	SWE	Vår2-1	CS78830_CS22580	14.334	55.58
7517	1001G_RegMap	SWE	Vår2-6	CS78831_CS22581	14.334	55.58
7518	RegMap	SWE	ÖMö2-1	CS22584	15.7735	56.1509
7519	RegMap	SWE	ÖMö2-3	CS22585	15.7735	56.1509
7520	1001G_RegMap	CZE	Lp2-2	CS76546_CS22594	16.81	49.38
7521	1001G_RegMap	CZE	Lp2-6	CS77052_CS22595	16.81	49.38
7522	RegMap	ITA	Mr-0	CS22640	9.65	44.15
7523	1001G_RegMap	USA	Pna-17	CS76575_CS22570	-86.3253	42.0945
7524	RegMap	USA	Rmx-A02	CS22568	-86.511	42.036
7525	1001G_RegMap	USA	Rmx-A180	CS77218_CS22569	-86.511	42.036
7526	RegMap	USA	Pna-10	CS22571	-86.3253	42.0945
7529	1001G	USA	627RMX-1MN4	CS79022	-86.5128	42.0333
7530	1001G	USA	627RMX-1MN5	CS79023	-86.5128	42.0333
7566	1001G_RegMap	USA	627ME-13Y1	CS78367	-86.359	42.093
7568	1001G	USA	627ME-1MI1	CS79024	-86.359	42.093
7570	RegMap	USA	627ME-4MI1	NA	-86.359	42.093
7578	RegMap	USA	627PNA-1Y1	NA	-86.3253	42.0945
7580	RegMap	USA	627PNA-2B3	NA	-86.3253	42.0945
7584	RegMap	USA	627PNA-3M4	NA	-86.3253	42.0945
7717	1001G_RegMap	USA	KNO1.37	CS76972	-86.625	41.273
7757	1001G	USA	KNO2.41	CS79025	-86.625	41.273
7767	1001G	USA	KNO2.54	CS79026	-86.625	41.273
7787	RegMap	USA	KNO2.77	NA	-86.625	41.273
7837	RegMap	USA	ME3.41	NA	-86.359	42.093
7847	RegMap	USA	ME3.51	NA	-86.359	42.093
7867	RegMap	USA	ME4.20	NA	-86.359	42.093
7917	1001G	USA	PNA3.10	CS77183	-86.3253	42.0945
7947	1001G	USA	PNA3.40	CS77184	-86.3253	42.0945
8037	1001G	USA	PT1.52	CS79027	-86.7368	41.3423
8057	1001G	USA	PT1.85	CS79028	-86.7368	41.3423
8077	1001G_RegMap	USA	PT2.21	CS77191	-86.7368	41.3423
8122	RegMap	USA	RMX3.11	NA	-86.511	42.036
8132	1001G	USA	RMX3.22	CS77219	-86.511	42.036
8171	1001G	USA	RMX4.118	CS79029	-86.511	42.036
8213	RegMap	ESP	Pro-0	CS22649	-6	43.25
8214	1001G_RegMap	FRA	Gy-0	CS78901_CS22631	2	49
8215	RegMap	POR	Fei-0	CS22645	-8.32	40.5
8218	RegMap	SWE	Eden-4	NA	18.177	62.877
8222	1001G_RegMap	SWE	Lis-2	CS77043	14.775	56.0328
8225	RegMap	SWE	T760	NA	13.3103	55.86
8227	1001G_RegMap	SWE	THÖ 03	CS77367	17.9103	62.7989
8230	1001G_RegMap	SWE	Algutsrum	CS76657	16.5	56.68
8231	1001G_RegMap	SWE	Brö1-6	CS76726	16	56.3
8233	1001G_RegMap	USA	Dem-4	CS76794	-87.1923	41.1876
8234	1001G	SWE	Gul1-2	CS76896	15.8127	56.4606
8235	1001G_RegMap	CZE	Hod	CS76924	17.1	48.8
8236	1001G_RegMap	CZE	HSm	CS76941	15.76	49.33
8237	1001G_RegMap	SWE	Kävlinge-1	CS76964	13.1	55.8
8238	1001G_RegMap	UK	Kent	CS76967	0.4	51.15
8239	1001G_RegMap	GER	PHW-3_Köln	CS76976_CS6003	7	51
8240	1001G_RegMap	SWE	Kulturen-1	CS76987	13.196	55.705
8241	1001G_RegMap	SWE	Liarum	CS77038	13.821	55.9473
8242	1001G_RegMap	SWE	Lillö-1	CS77039	15.7884	56.1494
8243	1001G_RegMap	ITA	PHW-2	CS77173_CS6002	11.2547	43.7703
8244	1001G	FRA	PHW-34	CS77174	2.3086	48.6103
8245	RegMap	USA	Seattle-0	CS6187	-122.2	47
8246	1001G	USA	NC-6	CS77124	-79.18	35
8247	1001G_RegMap	SWE	San-2	CS77233	13.74	56.07
8249	1001G_RegMap	SWE	Vimmerby	CS78845	15.8	57.7
8254	RegMap	BEL	Ang-0	CS949	5.3	50.3
8256	1001G_RegMap	SWE	Bå1-2	CS76676	12.9	56.4
8258	1001G_RegMap	SWE	Bå4-1	CS76677	12.9	56.4
8259	1001G_RegMap	SWE	Bå5-1	CS76678	12.9	56.4
8264	1001G_RegMap	ESP	Bla-1	CS76451_CS971	2.8	41.6833
8265	RegMap	CZE	Blh-1	CS1031	19	48
8266	RegMap	SWE	Boo2-1	NA	13.51	55.86
8270	RegMap	SUI	Bs-1	CS997	7.5	47.5
8271	RegMap	GER	Bu-0	CS1007	9.5	50.5
8274	RegMap	ESP	Can-0	CS1065	-13.4811	29.2144
8275	RegMap	FRA	Cen-0	CS1067	0.5	49
8283	1001G_RegMap	SWE	Dra3-1	CS76811	14.12	55.76
8284	1001G_RegMap	CZE	DraII-1	CS76813	16.2815	49.4112
8285	1001G_RegMap	CZE	DraIII-1	CS76815	16.2815	49.4112
8290	1001G_RegMap	GER	En-1	CS76841_CS1137	8.5	50
8296	RegMap	GER	Gd-1	CS1185	10.5	53.5
8297	1001G_RegMap	SUI	Ge-0	CS76875_CS1187	6.08	46.5
8300	RegMap	AUT	Gr-1	CS1199	15.5	47
8304	RegMap	NED	Hi-0	CS1227	5	52
8306	1001G_RegMap	SWE	Hov4-1	CS76936	13.74	56.1
8307	1001G_RegMap	SWE	Hovdala-6	CS76938	13.74	56.1
8310	RegMap	GER	Hs-0	CS1237	9.44	52.24
8311	1001G_RegMap	AUT	In-0	CS78903_CS1239	11.5	47.5
8312	1001G_RegMap	GER	Is-0	CS78904_CS1241	7.5	50.5
8313	RegMap	CZE	Jm-0	CS1259	15	49
8314	RegMap	AUT	Ka-0	CS1267	14	47
8323	RegMap	UK	Lc-0	CS1307	-4	57
8325	RegMap	POL	Lip-0	CS1337	19.3	50
8326	1001G_RegMap	SWE	Lis-1	CS77042	14.775	56.0328
8329	RegMap	FRA	Lm-2	CS1345	0.5	48
8334	1001G_RegMap	SWE	Lu-1	CS77056_CS1353	13.2	55.71
8335	1001G_RegMap	SWE	Lund	CS77060	13.2	55.71
8337	1001G_RegMap	ITA	Mir-0	CS76551_CS1379	12.37	44
8343	1001G_RegMap	FRA	Na-1	CS76558_CS1385	1.5	47.5
8348	RegMap	GER	Nw-0	CS1409	8.5	50.5
8351	1001G_RegMap	SWE	Ost-0	CS77154_CS1431	18.37	60.25
8353	RegMap	ITA	Pa-1	CS1439	13.22	38.07
8354	1001G_RegMap	RUS	Per-1	CS76571_CS1445	56.3167	58
8357	1001G_RegMap	ESP	Pla-0	CS76573_CS1459	2.25	41.5
8365	1001G_RegMap	CZE	Rak-2	CS77201_CS1485	16	49
8366	1001G_RegMap	GER	Rd-0	CS76584_CS1482	8.5	50.5
8369	1001G_RegMap	SWE	Rev-1	CS77214	13.4504	55.6942
8374	RegMap	RUS	Rsch-4	CS1494	34	56.3
8376	1001G_RegMap	SWE	Sanna-2	CS77234	18	62.69
8378	RegMap	CZE	Sap-0	CS1507	14.24	49.49
8386	1001G_RegMap	SWE	Sr:5	CS77268	11.2	58.9
8387	1001G_RegMap	SWE	St-0	CS77270_CS1535	18	59
8388	RegMap	RUS	Stw-0	CS1539	36	52
8389	RegMap	CZE	Ta-0	CS1549	14.5	49.5
8395	RegMap	ITA	Tu-0	CS1567	7.5	45
8411	RegMap	GER	Rd-0	CS1483	8.5	50.5
8412	RegMap	CZE	Sav-0	CS1515	15.8833	49.1833
8419	1001G	LTU	Wil-1	CS78855	25.3167	54.6833
8420	1001G_RegMap	GER	Kelsterbach-4	CS76525_CS6041	8.5333	50.0667
8422	1001G_RegMap	SWE	Fjä1-1	CS76859	14.29	56.06
8423	RegMap	SWE	Hov2-1	NA	13.74	56.1
8424	1001G_RegMap	IND	Kas-2	CS78905_CS6751	77	35
8426	1001G_RegMap	SWE	Ull1-1	CS78816	13.97	56.06
8427	1001G_RegMap	SWE	Ull2-13	CS78552	13.9707	56.0648
8428	RegMap	AUT	Uod-2	NA	14.45	48.3
8430	RegMap	NED	Lisse	CS6033	4.5667	52.25
8464	1001G	USA	LP3413.31	CS79030	-86.8513	41.6862
8483	1001G	USA	LP3413.53	CS79031	-86.8513	41.6862
8534	RegMap	USA	328ME007	NA	-86.359	42.093
8557	RegMap	USA	328ME032	NA	-86.359	42.093
8608	RegMap	USA	11ME1.23	NA	-86.359	42.093
8610	RegMap	USA	11ME1.32	NA	-86.359	42.093
8612	RegMap	USA	11ME1.34	NA	-86.359	42.093
8616	RegMap	USA	11ME1.41	NA	-86.359	42.093
8617	RegMap	USA	11ME1.42	NA	-86.359	42.093
8619	RegMap	USA	11ME1.44	NA	-86.359	42.093
8629	RegMap	USA	11ME2.10	NA	-86.359	42.093
8631	RegMap	USA	11ME2.12	NA	-86.359	42.093
8640	RegMap	USA	11ME2.5	NA	-86.359	42.093
8673	RegMap	USA	328PNA032	NA	-86.3253	42.0945
8687	RegMap	USA	328PNA047	NA	-86.3253	42.0945
8690	RegMap	USA	328PNA051	NA	-86.3253	42.0945
8692	RegMap	USA	328PNA054	NA	-86.3253	42.0945
8695	RegMap	USA	328PNA057	NA	-86.3253	42.0945
8699	1001G	USA	328PNA062	CS79032	-86.3253	42.0945
8701	RegMap	USA	328PNA064	NA	-86.3253	42.0945
8719	RegMap	USA	1130PNA1.10	NA	-86.3253	42.0945
8723	1001G	USA	11PNA1.14	CS79033	-86.3253	42.0945
8724	RegMap	USA	11PNA1.15	NA	-86.3253	42.0945
8725	RegMap	USA	11PNA1.4	NA	-86.3253	42.0945
8727	RegMap	USA	11PNA1.6	NA	-86.3253	42.0945
8730	RegMap	USA	11PNA1.9	NA	-86.3253	42.0945
8759	RegMap	USA	11PNA3.18	NA	-86.3253	42.0945
8760	RegMap	USA	11PNA3.19	NA	-86.3253	42.0945
8768	RegMap	USA	11PNA3.63	NA	-86.3253	42.0945
8770	RegMap	USA	11PNA3.65	NA	-86.3253	42.0945
8774	RegMap	USA	11PNA3.71	NA	-86.3253	42.0945
8777	RegMap	USA	11PNA3.75	NA	-86.3253	42.0945
8787	RegMap	USA	11PNA3.86	NA	-86.3253	42.0945
8791	RegMap	USA	11PNA3.90	NA	-86.3253	42.0945
8796	RegMap	USA	11PNA4.101	NA	-86.3253	42.0945
8805	RegMap	USA	11PNA4.110	NA	-86.3253	42.0945
8811	RegMap	USA	11PNA4.116	NA	-86.3253	42.0945
8824	RegMap	USA	11PNA4.129	NA	-86.3253	42.0945
8954	RegMap	USA	RMX413.1	NA	-86.511	42.036
8957	RegMap	USA	RMX413.12	NA	-86.511	42.036
8961	RegMap	USA	RMX413.16	NA	-86.511	42.036
8962	RegMap	USA	RMX413.17	NA	-86.511	42.036
8965	RegMap	USA	RMX413.2	NA	-86.511	42.036
8966	RegMap	USA	RMX413.20	NA	-86.511	42.036
8967	RegMap	USA	RMX413.21	NA	-86.511	42.036
8969	RegMap	USA	RMX413.24	NA	-86.511	42.036
8970	RegMap	USA	RMX413.25	NA	-86.511	42.036
8973	RegMap	USA	RMX413.29	NA	-86.511	42.036
8975	RegMap	USA	RMX413.30	NA	-86.511	42.036
8976	RegMap	USA	RMX413.31	NA	-86.511	42.036
8977	RegMap	USA	RMX413.32	NA	-86.511	42.036
8985	RegMap	USA	RMX413.4	NA	-86.511	42.036
8992	RegMap	USA	RMX413.48	NA	-86.511	42.036
8996	RegMap	USA	RMX413.51	NA	-86.511	42.036
9001	RegMap	USA	RMX413.57	NA	-86.511	42.036
9004	RegMap	USA	RMX413.6	NA	-86.511	42.036
9006	RegMap	USA	RMX413.62	NA	-86.511	42.036
9007	RegMap	USA	RMX413.63	NA	-86.511	42.036
9008	RegMap	USA	RMX413.66	NA	-86.511	42.036
9011	RegMap	USA	RMX413.69	NA	-86.511	42.036
9012	RegMap	USA	RMX413.7	NA	-86.511	42.036
9027	1001G	USA	RMX413.85	CS79034	-86.511	42.036
9041	RegMap	USA	RMXF413.10	NA	-86.5154	42.039
9045	RegMap	USA	RMXF413.15	NA	-86.5154	42.039
9053	RegMap	USA	RMXF413.6	NA	-86.5154	42.039
9057	1001G_RegMap	SWE	Vinslöv	CS78847	13.9167	56.1
9058	1001G_RegMap	SWE	Västervik	CS78834	16.6333	57.75
9067	1001G	AZE	Xan-3	CS78860	48.7992	38.6536
9069	1001G	AZE	Xan-5	CS78861	48.7992	38.6536
9070	1001G	AZE	Xan-6	CS78862	48.7992	38.6536
9075	1001G	AZE	Lerik1-4	CS77023	48.6131	38.7406
9077	RegMap	AZE	Lerik1-6	CS22715	48.6131	38.7406
9078	1001G	AZE	Lerik1-7	CS77024	48.6131	38.7406
9079	1001G	AZE	Lerik2-1	CS77025	48.5517	38.7833
9081	1001G	AZE	Lerik2-3	CS77026	48.5517	38.7833
9084	1001G	AZE	Lerik2-6	CS77028	48.5517	38.7833
9085	1001G	AZE	Lerik2-7	CS77029	48.5517	38.7833
9089	1001G	AZE	Nar-3	CS77119	48.925	38.9522
9091	1001G	AZE	Nar-5	CS77121	48.925	38.9522
9095	1001G	AZE	Istisu-5	CS76950	48.5594	38.9786
9099	1001G	AZE	Istisu-9	CS76953	48.5594	38.9786
9100	1001G	GEO	Lag1-2	CS76998	46.2831	41.8296
9102	1001G	GEO	Lag1-4	CS76999	46.2831	41.8296
9103	1001G	GEO	Lag1-5	CS77000	46.2831	41.8296
9104	1001G_RegMap	GEO	Lag1-6	CS77001_CS22742	46.2831	41.8296
9105	1001G	GEO	Lag1-7	CS77002	46.2831	41.8296
9106	1001G	GEO	Lag1-8	CS77003	46.2831	41.8296
9111	1001G	GEO	Lag2-4	CS77005	46.2831	41.8296
9113	1001G	GEO	Lag2-6	CS77006	46.2831	41.8296
9114	1001G	GEO	Lag2-7	CS77007	46.2831	41.8296
9115	1001G	GEO	Lag2-10	CS77004	46.2831	41.8296
9121	1001G	GEO	Bak-5	CS76685	43.4767	41.7942
9125	1001G	ARM	Geg-14	CS76876	44.8203	40.1408
9128	1001G	ARM	Yeg-2	CS78864	45.3622	39.8692
9130	1001G	ARM	Yeg-4	CS78865	45.3622	39.8692
9131	1001G	ARM	Yeg-5	CS78866	45.3622	39.8692
9133	1001G	ARM	Yeg-7	CS78867	45.3622	39.8692
9134	1001G	ARM	Yeg-8	CS78868	45.3622	39.8692
9137	RegMap	ESP	Puent-4	CS22775	-3.0497	42.7489
9143	RegMap	ESP	Navajo-5	CS22781	-3.4242	39.3092
9151	RegMap	ESP	Cala-7	CS22789	-4.125	38.8158
9152	RegMap	ESP	Cala-8	CS22790	-4.125	38.8158
9153	RegMap	ESP	San Martin-1	CS22791	-4.3919	40.3939
9165	RegMap	UKR	Truk-5	CS22803	30.5411	50.4625
9179	RegMap	UKR	Ayu-Dag-3	CS22817	34.3217	44.5656
9201	RegMap	ESP	Cant-8	CS28861	-3.3828	41.2417
9298	1001G	UK	Edi-1	CS76832	-3.21833	55.9681
9302	RegMap	UK	Edinburgh-5	CS28962	-3.21833	55.9681
9305	RegMap	UK	Edinburgh-8	CS28965	-3.21833	55.9681
9308	RegMap	UK	Ullapool-3	CS28968	-5.1525	57.9
9309	RegMap	UK	Ullapool-4	CS28969	-5.1525	57.9
9312	1001G	UK	Ullapool-8	CS78821	-5.1525	57.9
9314	1001G	UK	Gol-2	CS76883	-3.96722	57.9672
9321	1001G_RegMap	SWE	Ådal 1	CS76643	18.336	62.8622
9323	1001G_RegMap	SWE	Ådal 3	CS76644	18.336	62.8622
9332	1001G_RegMap	SWE	Bar 1	CS76688	18.381	62.8698
9336	1001G_RegMap	SWE	Bön 1	CS76715	18.4473	62.8794
9339	1001G_RegMap	SWE	Böt 1	CS76720	15.0689	57.7133
9342	RegMap	SWE	Böt 4	NA	15.0689	57.7133
9343	1001G_RegMap	SWE	Dju-1_Dja 1	CS78896	18.1512	57.3089
9344	RegMap	SWE	Dja 2	NA	18.1512	57.3089
9349	RegMap	SWE	Djk 3	NA	15.1265	58.2896
9351	RegMap	SWE	Död 1	NA	16.3675	57.2608
9352	1001G_RegMap	SWE	Död 2	CS76797	16.3675	57.2608
9353	1001G_RegMap	SWE	Död 3	CS76798	16.3675	57.2608
9354	RegMap	SWE	Eden 15	NA	18.1746	62.8762
9355	RegMap	SWE	Eden 16	NA	18.1746	62.8762
9356	RegMap	SWE	Eden 17	NA	18.1746	62.8762
9363	1001G_RegMap	SWE	EdJ 2	CS76833	18.4045	62.9147
9367	RegMap	SWE	EkN 3	NA	14.9981	57.6787
9369	1001G_RegMap	SWE	EkS 2	CS76837	14.9986	57.6781
9370	1001G	SWE	EkS 3	CS79035	14.9986	57.6781
9371	1001G_RegMap	SWE	FäL 1	CS76852	18.3175	63.016
9378	RegMap	SWE	FäU 4	NA	18.3174	63.0165
9380	1001G_RegMap	SWE	FlyA 3	CS76865	13.3742	55.7488
9381	1001G_RegMap	SWE	Fri 1	CS76868	14.2091	55.8106
9382	1001G_RegMap	SWE	Fri 2	CS76869	14.2091	55.8106
9383	1001G_RegMap	SWE	Fri 3	CS76870	14.2091	55.8106
9384	RegMap	SWE	Frö 1	NA	15.5743	57.4104
9385	RegMap	SWE	Frö 3	NA	15.5743	57.4104
9386	1001G_RegMap	SWE	Grön 12	CS76891	18.1896	62.806
9388	1001G_RegMap	SWE	Grön 14	CS76892	18.1896	62.806
9390	1001G_RegMap	SWE	Hadd-1_Had 1	CS78659	15.8979	57.3263
9391	1001G_RegMap	SWE	Hadd-2_Had 2	CS76905	15.8979	57.3263
9392	1001G_RegMap	SWE	Hadd-3_Had 3	CS76906	15.8979	57.3263
9394	1001G	SWE	Hag-2	CS76907	16.4063	56.5804
9395	1001G	SWE	Hal-1	CS76908	15.0105	57.5089
9399	1001G_RegMap	SWE	Hamm-1_Ham 1	CS76910	13.9905	55.4234
9402	1001G_RegMap	SWE	Hel-3_Hel 3	CS76918	14.8549	57.8765
9404	1001G_RegMap	SWE	HolA-1 1_HolA1 1	CS76926	13.399	55.7491
9405	1001G_RegMap	SWE	HolA-1 2_HolA1 2	CS76927	13.399	55.7491
9407	1001G_RegMap	SWE	HolA-2 2_HolA2 2	CS76928	13.399	55.7491
9408	1001G_RegMap	SWE	Kal 1	CS76959	13.9519	56.047
9409	1001G_RegMap	SWE	Kia 1	CS76968	14.302	56.0573
9410	RegMap	SWE	Kor 1	NA	16.1494	57.2746
9411	RegMap	SWE	Kor 2	NA	16.1494	57.2746
9412	1001G_RegMap	SWE	Kor 3	CS76981	16.1494	57.2746
9413	1001G_RegMap	SWE	Kor 4	CS76982	16.1494	57.2746
9416	1001G_RegMap	SWE	Kru-3_Kru 3	CS76986	18.3837	57.7215
9418	RegMap	SWE	Kva 2	NA	18.154	57.2164
9419	RegMap	SWE	Lag 1	NA	15.0062	58.1834
9421	1001G_RegMap	SWE	Lan 1	CS77009	14.3997	55.9745
9427	1001G_RegMap	SWE	Näs 2	CS77122	18.4055	62.8815
9433	1001G_RegMap	SWE	Nyl 13	CS77135	18.2763	62.9513
9434	RegMap	SWE	Öde 2	NA	18.3659	62.8959
9436	1001G_RegMap	SWE	Puk-1_Puk 1	CS77194	14.6806	56.1633
9437	1001G_RegMap	SWE	Puk-2_Puk 2	CS77195	14.6806	56.1633
9442	1001G_RegMap	SWE	Sim-1_Sim 1	CS77250	14.3398	55.5678
9443	RegMap	SWE	Sim 2	NA	14.3398	55.5678
9446	RegMap	SWE	Sim 5	NA	14.3398	55.5678
9450	1001G_RegMap	SWE	Spro 1	CS77263	18.2109	57.2545
9451	1001G_RegMap	SWE	Spro 2	CS77264	18.2109	57.2545
9452	1001G_RegMap	SWE	Spro 3	CS77265	18.2109	57.2545
9453	1001G_RegMap	SWE	Stenk-2_Ste 2	CS77274	18.5162	57.8009
9454	1001G_RegMap	SWE	Stenk-3_Ste 3	CS77275	18.5162	57.8009
9455	1001G_RegMap	SWE	Stenk-4_Ste 4	CS77276	18.5162	57.8009
9469	RegMap	SWE	Tur 3	NA	14.8043	57.6511
9470	1001G_RegMap	SWE	Tur-4_Tur 4	CS77399	14.8043	57.6511
9471	1001G_RegMap	SWE	Ull-A-1_UllA 1	CS78820	13.9707	56.0648
9472	RegMap	SWE	UllA 2	NA	13.9707	56.0648
9476	1001G_RegMap	SWE	VårA 1	CS78832	14.3336	55.5796
9481	1001G_RegMap	SWE	Yst-1_Yst 1	CS78869	13.8484	55.4242
9482	RegMap	SWE	Yst 2	NA	13.8484	55.4242
9490	RegMap	UK	02B6	NA	-3.17108	55.9218
9496	RegMap	UK	09A3	NA	-3.17857	55.9212
9499	RegMap	UK	13B5	NA	-3.16015	55.8858
9503	1001G	UK	11C1	CS76640	-3.21072	55.8877
9504	RegMap	UK	12A1	NA	-3.16377	55.8877
9506	1001G	POR	IP-Alo-0	CS76662	-7.47	40.11
9507	1001G	POR	IP-Coa-0	CS76775	-7.5	38.45
9508	1001G	POR	IP-Mos-1	CS77108	-7.11	40.04
9509	1001G	POR	IP-Reg-0	CS77207	-7.4	39.29
9510	1001G	POR	IP-Rei-0	CS77208	-7.59	38.75
9511	1001G	POR	IP-Vav-0	CS78835	-8.02	38.53
9512	1001G	POR	IP-Vid-1	CS78842	-7.84	38.22
9513	1001G	ESP	IP-Adc-5	CS76646	-4.07	38.77
9514	1001G	ESP	IP-Adm-0	CS76647	-4.54	39.15
9515	1001G	ESP	IP-Ala-0	CS76650	-6.89	39.72
9517	1001G	ESP	IP-All-0	CS76659	-7.8	42.19
9518	1001G	ESP	IP-Alm-0	CS76660	-0.36	39.88
9519	1001G	ESP	IP-Ang-0	CS78886	2.64	41.94
9520	1001G	ESP	IP-Ara-4	CS76670	-3.68	41.7
9521	1001G	ESP	IP-Bar-1	CS76689	2.13	41.43
9522	1001G	ESP	IP-Bea-0	CS76695	-5.27	36.52
9523	1001G	ESP	IP-Ben-0	CS76700	-2.66	38.37
9524	1001G	ESP	IP-Ber-0	CS78887	-0.56	42.52
9525	1001G	ESP	IP-Bis-0	CS76711	0.54	42.49
9526	1001G	ESP	IP-Cab-3	CS76738	2.39	41.54
9527	1001G	ESP	IP-Cad-0	CS76739	-5.74	40.37
9528	1001G	ESP	IP-Cal-0	CS78890	-1.37	40.94
9529	1001G	ESP	IP-Cap-1	CS76741	-3.36	36.97
9530	1001G	ESP	IP-Car-1	CS76742	-4.32	38.25
9531	1001G	ESP	IP-Cdc-3	CS76761	-4.54	41.21
9532	1001G	ESP	IP-Cdo-0	CS76762	-4.64	42.23
9533	1001G	ESP	IP-Cem-0	CS76763	-4.32	41.15
9534	1001G	ESP	IP-Cmo-3	CS76774	-4.65	40.05
9535	1001G	ESP	IP-Coc-1	CS76776	3.19	42.31
9536	1001G	ESP	IP-Cor-0	CS76782	-2	40.83
9537	1001G	ESP	IP-Cum-1	CS76787	-6.66	38.07
9539	1001G	ESP	IP-Deh-1	CS76793	-6.67	40.29
9540	1001G	ESP	IP-Elb-0	CS76838	2.34	41.81
9541	1001G	ESP	IP-Fue-2	CS76871	-5.42	38.26
9542	1001G	ESP	IP-Fun-0	CS76872	-4.05	40.79
9543	1001G	ESP	IP-Gra-0	CS76886	-5.39	36.77
9544	1001G	ESP	IP-Gua-1	CS76894	-5.33	39.4
9545	1001G	ESP	IP-Her-12	CS76920	-5.78	39.4
9546	1001G	ESP	IP-Hom-4	CS76929	-1.68	40.82
9547	1001G	ESP	IP-Hor-0	CS76930	2.62	41.67
9548	1001G	ESP	IP-Hoy-0	CS76939	-5	40.4
9549	1001G	ESP	IP-Hum-2	CS76943	-3.69	42.23
9550	1001G	ESP	IP-Iso-4	CS76946	-5.37	43.05
9551	1001G	ESP	IP-Jim-1	CS76955	-5.92	42.28
9552	1001G	ESP	IP-Lab-7	CS76995	-4.5	40.87
9553	1001G	ESP	IP-Ldd-0	CS77012	-4.71	41.58
9554	1001G	ESP	IP-Lso-0	CS77055	-3.16	38.86
9555	1001G	ESP	IP-Mar-1	CS77068	-3.93	39.58
9556	1001G	ESP	IP-Men-2	CS77081	-4.34	39.66
9557	1001G	ESP	IP-Moa-0	CS77102	0.7	42.46
9558	1001G	ESP	IP-Moc-11	CS77103	-5.64	41.57
9559	1001G	ESP	IP-Mon-5	CS77107	-4.38	38.06
9560	1001G	ESP	IP-Mot-0	CS77109	-6.24	38.19
9561	1001G	ESP	IP-Mun-0	CS77114	-5.04	40.71
9562	1001G	ESP	IP-Mur-0	CS77115	2	41.67
9564	1001G	ESP	IP-Nog-17	CS77129	-1.6	40.45
9565	1001G	ESP	IP-Orb-10	CS77152	-1.23	42.97
9567	1001G	ESP	IP-Pal-0	CS77159	1.3	42.34
9568	1001G	ESP	IP-Pan-0	CS77160	-0.23	42.76
9569	1001G	ESP	IP-Pds-1	CS77166	-6.45	42.87
9571	1001G	ESP	IP-Pro-0	CS78914	-6.01	43.28
9573	1001G	ESP	IP-Rds-0	CS77206	2.99	41.86
9574	1001G	ESP	IP-Rel-0	CS77209	-2.7	38.6
9576	1001G	ESP	IP-Rev-0	CS77213	-4.11	40.86
9577	1001G	ESP	IP-Ria-0	CS77216	2.17	42.34
9578	1001G	ESP	IP-Sac-0	CS77229	-6.7	42.13
9579	1001G	ESP	IP-San-10	CS77232	-3.51	38.33
9581	1001G	ESP	IP-Sdv-3	CS77242	-5.12	42.84
9582	1001G	ESP	IP-Ses-0	CS77244	-1.63	41.48
9583	1001G	ESP	IP-Sne-0	CS77258	-3.38	37.09
9584	1001G	ESP	IP-Stp-0	CS77283	-3.58	41.19
9585	1001G	ESP	IP-Svi-0	CS77287	-7.39	43.4
9586	1001G	ESP	IP-Tam-0	CS77340	-3.27	41.03
9587	1001G	ESP	IP-Tdc-0	CS77344	-1.88	41.5
9588	1001G	ESP	IP-Tol-7	CS77371	0.6	42.11
9589	1001G	ESP	IP-Tor-1	CS77378	-2.83	41.6
9590	1001G	ESP	IP-Trs-0	CS77387	-5.49	43.37
9591	1001G	ESP	IP-Vad-0	CS78826	-3.59	42.86
9592	1001G	ESP	IP-Vae-2	CS78827	-5.44	42.1
9593	1001G	ESP	IP-Vaz-0	CS78836	-2.99	42.26
9594	1001G	ESP	IP-Vdm-0	CS78837	1.01	42.04
9595	1001G	ESP	IP-Vdt-0	CS78838	-5.5	40.89
9596	1001G	ESP	IP-Ver-5	CS78841	-7.45	41.95
9597	1001G	ESP	IP-Vig-1	CS78843	-2.53	42.31
9598	1001G	ESP	IP-Vim-0	CS78844	-6.51	41.88
9599	1001G	ESP	IP-Vin-0	CS78846	-5.77	42.8
9600	1001G	ESP	IP-Vis-0	CS78848	-6.04	39.85
9601	1001G	ESP	IP-Voz-0	CS78849	-1.88	41.85
9602	1001G	ESP	IP-Vpa-1	CS78850	-3.96	40.5
9606	1001G	MAR	Aitba-1	CS76649	-7.45	31.48
9607	1001G	RUS	Panik-1	CS77161	52.15	53.05
9608	1001G	RUS	Karag-2	CS76961	59.44	51.37
9609	1001G	RUS	Adam-1	CS76645	59.98	51.41
9610	1001G	RUS	Lesno-4	CS77034	51.96	53.04
9611	1001G	RUS	Lesno-1	CS77032	51.9	53.04
9612	1001G	RUS	Lesno-2	CS77033	51.94	53.04
9613	1001G	RUS	Balan-1	CS76687	61.41	55.36
9615	1001G	RUS	Parti-1	CS77163	52.16	52.99
9616	1001G	RUS	Krazo-1	CS76984	51.96	53.06
9617	1001G	RUS	Karag-1	CS76960	59.44	51.37
9619	1001G	RUS	Basta-1	CS76691	79.48	51.84
9620	1001G	RUS	Basta-2	CS76692	79.48	51.82
9621	1001G	RUS	Basta-3	CS76693	79.46	51.84
9622	1001G	RUS	Bijisk-4	CS76707	85.27	52.52
9624	1001G	RUS	Chaba-2	CS76767	79.37	53.6
9625	1001G	RUS	Kolyv-2	CS76977	82.59	51.31
9626	1001G	RUS	Kolyv-3	CS76978	82.59	51.36
9627	1001G	RUS	Kolyv-5	CS76979	82.55	51.32
9628	1001G	RUS	Kolyv-6	CS76980	82.54	51.33
9629	1001G	RUS	K-oze-1	CS76957	82.18	51.35
9630	1001G	RUS	K-oze-3	CS76958	82.16	51.34
9631	1001G	RUS	Lebja-1	CS77015	80.79	51.65
9632	1001G	RUS	Lebja-2	CS77016	80.82	51.67
9633	1001G	RUS	Lebja-4	CS77017	80.83	51.63
9634	1001G	RUS	Masl-1	CS77073	81.31	54.13
9635	1001G	RUS	Nosov-1	CS77130	80.6	51.87
9636	1001G	RUS	Noveg-1	CS77131	80.82	51.75
9637	1001G	RUS	Noveg-2	CS77132	80.85	51.77
9638	1001G	RUS	Noveg-3	CS77133	80.86	51.73
9639	1001G	RUS	Panke-1	CS77162	80.31	53.82
9640	1001G	RUS	Rakit-1	CS77202	80.06	51.87
9641	1001G	RUS	Rakit-2	CS77203	80.06	51.9
9642	1001G	RUS	Rakit-3	CS77204	80.06	51.84
9643	1001G	RUS	Sever-1	CS77245	79.31	52.1
9644	1001G	CRO	Zupan-1	CS78882	18.72	45.07
9645	1001G	CRO	Gradi-1	CS76887	18.7	45.17
9646	1001G	NA	Aiell-1	CS76648	NA	NA
9647	1001G	ITA	Basen-1	CS76690	16.77	40.37
9648	1001G	ITA	Bisig-1	CS76712	16.28	39.48
9649	1001G	ITA	Bivio-1	CS76713	16.17	39.13
9651	1001G	ITA	Filet-1	CS76858	14.87	40.68
9653	1001G	ITA	Giffo-1	CS76878	16.13	38.44
9655	1001G	ITA	Marce-1	CS77071	16.47	38.92
9656	1001G	ITA	Marti-1	CS77072	17.31	40.64
9657	1001G	ITA	Melic-1	CS77078	16.04	38.45
9658	1001G	ITA	Nicas-1	CS77127	16.34	38.97
9659	1001G	ITA	Pigna-1	CS77177	14.18	41.18
9660	1001G	ITA	Sarno-1	CS77236	14.57	40.84
9661	1001G	ITA	Cimin-1	CS76771	16.21	39.58
9663	1001G	ITA	Teano-1	CS77357	14.09	41.33
9664	1001G	ITA	Mitterberg-1-179	CS78907	11.28	46.36
9665	1001G	ITA	Mitterberg-1-180	CS78908	11.28	46.36
9666	1001G	ITA	Mitterberg-1-182	CS78909	11.28	46.36
9667	1001G	ITA	Mitterberg-1-183	CS78910	11.28	46.36
9668	1001G	ITA	Mitterberg-2-184	CS77085	11.28	46.37
9669	1001G	ITA	Mitterberg-2-185	CS77086	11.28	46.37
9670	1001G	ITA	Mitterberg-2-186	CS77087	11.28	46.37
9671	1001G	ITA	Mitterberg-3-187	CS77088	11.28	46.37
9672	1001G	ITA	Mitterberg-3-188	CS77089	11.28	46.37
9673	1001G	ITA	Mitterberg-3-189	CS77090	11.28	46.37
9676	1001G	ITA	Mitterberg-4-192	CS77093	11.29	46.37
9677	1001G	ITA	Mitterberg-4-193	CS77094	11.29	46.37
9678	1001G	ITA	Mitterberg-4-194	CS77095	11.29	46.37
9679	1001G	ITA	Castelfed-1-195	CS76744	11.29	46.34
9680	1001G	ITA	Castelfed-1-196	CS76745	11.29	46.34
9681	1001G	ITA	Castelfed-1-197	CS76746	11.29	46.34
9682	1001G	ITA	Castelfed-1-198	CS76747	11.29	46.34
9683	1001G	ITA	Castelfed-1-199	CS76748	11.29	46.34
9684	1001G	ITA	Castelfed-2-200	CS76749	11.29	46.34
9685	1001G	ITA	Castelfed-2-201	CS76750	11.29	46.34
9686	1001G	ITA	Castelfed-2-202	CS76751	11.29	46.34
9687	1001G	ITA	Castelfed-2-203	CS76752	11.29	46.34
9689	1001G	ITA	Castelfed-3-205	CS76754	11.29	46.34
9690	1001G	ITA	Castelfed-3-206	CS76755	11.29	46.34
9691	1001G	ITA	Castelfed-3-207	CS76756	11.29	46.34
9692	1001G	ITA	Castelfed-3-208	CS76757	11.29	46.34
9693	1001G	ITA	Castelfed-3-209	CS76758	11.29	46.34
9694	1001G	ITA	Castelfed-4-210	CS78891	11.29	46.34
9695	1001G	ITA	Castelfed-4-211	CS78892	11.29	46.34
9696	1001G	ITA	Castelfed-4-214	CS78893	11.29	46.34
9697	1001G	BUL	Dolen-1	CS76802	23.94	41.62
9698	1001G	BUL	Goced-1	CS76882	23.85	41.57
9699	1001G	BUL	Kolar-1	CS76974	23.14	41.37
9700	1001G	BUL	Dolna-1-10	CS76803	23.1	42.32
9701	1001G	BUL	Ivano-1	CS76954	25.91	43.7
9703	1001G	BUL	Melni-1	CS77079	23.39	41.53
9704	1001G	BUL	Melni-2	CS77080	23.39	41.53
9705	1001G	BUL	Choto-1	CS76769	23.33	41.5
9706	1001G	BUL	Dospa-1	CS76807	24.18	41.64
9707	1001G	BUL	Podvi-1	CS77187	24.84	41.57
9708	1001G	BUL	Kardz-1	CS76962	25.35	41.62
9709	1001G	BUL	Zerev-1-34	CS78878	23.13	41.85
9710	1001G	BUL	Zerev-1-35	CS78879	23.13	41.85
9711	1001G	BUL	Dolna-1-39	CS76804	23.1	42.32
9712	1001G	BUL	Dolna-1-40	CS76805	23.1	42.32
9713	1001G	BUL	Stara-1	CS77271	25.61	42.49
9714	1001G	BUL	Grivo-1	CS76888	25.75	41.84
9716	1001G	BUL	Leska-1-44	CS77030	24.98	41.54
9717	1001G	BUL	Kardz-2	CS76963	25.47	41.66
9718	1001G	BUL	Smolj-1	CS77256	24.75	41.55
9719	1001G	BUL	Koren-1	CS76983	25.69	41.83
9720	1001G	BUL	Malak-1	CS77064	25.68	41.77
9721	1001G	BUL	Schip-1	CS77239	25.33	42.72
9722	1001G	BUL	Groch-1	CS76890	24.41	41.71
9723	1001G	BUL	Slavi-2	CS77252	23.67	41.42
9725	1001G	GRC	Epidauros-1	CS76844	23.08	37.6
9726	1001G	GRC	Faneronemi-3	CS76853	22.04	37.07
9727	1001G	GRC	Olympia-2	CS77144	21.62	37.63
9728	1001G	SVK	Stiav-1	CS77279	18.9	48.46
9729	1001G	SVK	Stiav-2	CS77280	18.9	48.46
9730	1001G	SVK	Bela-1	CS76696	18.94	48.47
9731	1001G	SVK	Stiav-3	CS77281	18.9	48.46
9732	1001G	SVK	Halca-1	CS76909	18.96	48.47
9733	1001G	SVK	Bela-2	CS76697	18.94	48.47
9735	1001G	SVK	Bela-4	CS76699	18.94	48.47
9736	1001G	ROU	Teiu-2	CS77361	25.17	44.69
9737	1001G	ROU	Ulies-1	CS78815	22.62	45.95
9738	1001G	ROU	Bran-1	CS76722	25.42	45.57
9739	1001G	ROU	Toc-1	CS77370	22.33	46.01
9741	1001G	ROU	Orast-1	CS77151	23.16	45.84
9743	1001G	ROU	Furni-1	CS76873	25	45.14
9744	1001G	ROU	Iasi-1	CS76944	27.59	47.16
9745	1001G	UZB	Sij 1/96	CS77249	70.05	41.45
9747	1001G	SRB	Zabar-1	CS78870	21.22	44.38
9748	1001G	SRB	Zagub-1	CS78871	21.71	44.23
9749	1001G	SRB	Knjas-1	CS76971	22.29	43.54
9754	1001G	SRB	Sredn-1	CS77269	21.37	44.66
9755	1001G	SRB	Vajug-1	CS78828	22.56	44.56
9756	1001G	SRB	Staro-2	CS77273	21.08	44.3
9757	1001G	SRB	Staro-1	CS77272	21.08	44.3
9758	1001G	CHN	Altai-5	CS76433	88.4	47.75
9759	1001G	IRN	Anz-0	CS76439	49.47	37.47
9761	1001G	LBN	Bik-1	CS76449	35.7	33.92
9762	1001G	ITA	Etna-2	CS76487	14.98	37.69
9764	1001G	LBN	Qar-8a	CS76581	35.84	34.1
9766	1001G	KGZ	Westkar-4	CS76629	74.16	42.26
9768	1001G	GER	Rü4-16	CS77225	9.16	48.57
9769	1001G	GER	HE-1	CS76916	8.99	48.55
9770	1001G	GER	KBG2-13	CS76966	9.01	48.53
9771	1001G	GER	Pfn-N2.2-6	CS77172	9.11	48.56
9772	1001G	GER	Höf-1	CS76925	8.85	48.41
9774	1001G	GER	Alt-1	CS76663	9.22	48.59
9775	1001G	GER	Berg-1	CS76701	8.79	48.41
9776	1001G	GER	Fell3-7	CS76857	8.79	48.43
9777	1001G	GER	Gn-1	CS76880	9.17	48.57
9778	1001G	GER	Bach-7	CS76679	8.84	48.41
9779	1001G	GER	Bai-10	CS76682	8.78	48.5
9780	1001G	GER	Fell2-4	CS76856	8.79	48.43
9781	1001G	GER	Kus2-2	CS76990	9.11	48.52
9782	1001G	GER	Lu3-30	CS77057	9.09	48.53
9783	1001G	GER	Tü-PK-7	CS77396	9.05	48.52
9784	1001G	GER	Erg2-6	CS76845	8.8	48.5
9785	1001G	GER	Ha-HBT1-2	CS76898	9.02	48.54
9786	1001G	GER	Ha-P-13	CS76901	9.01	48.54
9787	1001G	GER	HI-4	CS76922	9	48.5
9788	1001G	GER	KBG1-14	CS76965	9.01	48.53
9789	1001G	GER	Obh-13	CS77140	8.96	48.39
9790	1001G	GER	Gn2-3	CS76881	9.18	48.58
9791	1001G	GER	Haes-1	CS76914	9.2	48.6
9792	1001G	GER	Lu4-2	CS77058	9.09	48.54
9793	1001G	GER	Rü-N2	CS77224	9.16	48.57
9794	1001G	GER	Tü-B1-2	CS77391	9.08	48.52
9795	1001G	GER	Wank-2	CS78852	9.11	48.5
9796	1001G	GER	Bach2-1	CS76680	8.84	48.41
9797	1001G	GER	Ha-HBT2-10	CS76899	9.02	48.54
9798	1001G	GER	Ha-P2-1	CS76902	9.01	48.54
9799	1001G	GER	Hart-2	CS76913	8.85	48.39
9800	1001G	GER	Ha-S-B	CS76903	9.01	48.54
9801	1001G	GER	Ha-SP-2	CS76904	9.01	48.54
9802	1001G	GER	Kus3-1	CS76991	9.11	48.51
9803	1001G	GER	Müh-2	CS77113	8.76	48.42
9804	1001G	GER	Obe1-15	CS77139	8.87	48.45
9805	1001G	GER	Pfn-10	CS77171	9.09	48.54
9806	1001G	GER	Rü-2	CS77223	9.16	48.56
9807	1001G	GER	Schl-7	CS77240	9.22	48.6
9808	1001G	GER	Tü-B2-3	CS77392	9.08	48.52
9809	1001G	GER	Tü-KB-6	CS77393	9.05	48.52
9810	1001G	GER	Tü-KS-7	CS77394	9.07	48.53
9811	1001G	GER	Tü-NK-12	CS77395	9.05	48.52
9812	1001G	GER	Tü-W1	CS77397	9.03	48.52
9813	1001G	GER	BI-4	CS76706	8.77	48.4
9814	1001G	GER	Fell1-10	CS76855	8.79	48.42
9815	1001G	GER	Ha-HBT3-11	CS76900	9.02	48.54
9816	1001G	GER	Tü-WH	CS77398	9.06	48.55
9817	1001G	ESP	Ace-0	CS76642	-6.6	39.84
9819	1001G	ESP	Amu-0	CS76664	-3.03	42.35
9820	1001G	ESP	Are-0	CS76671	-4.71	41
9821	1001G	ESP	Aru-0	CS76674	2.49	41.81
9822	1001G	ESP	Aul-0	CS76675	-4.02	40.52
9823	1001G	ESP	Bae-0	CS76681	-5.84	43.34
9824	1001G	ESP	Bes-5	CS76702	-4.91	42.91
9825	1001G	ESP	Boa-0	CS76714	-3.88	40.4
9826	1001G	ESP	Bor-0	CS76717	-6.71	42.49
9827	1001G	ESP	Bos-0	CS76719	0.69	42.78
9828	1001G	ESP	Bra-0	CS76721	-6.15	42.5
9830	1001G	ESP	IP-Bus-0	CS76736	-3.28	36.97
9831	1001G	ESP	Cas-0	CS76743	-3.39	38.54
9832	1001G	ESP	Cat-0	CS76759	-3.69	40.54
9833	1001G	ESP	IP-Cha-0	CS76764	-4.21	40.38
9834	1001G	ESP	Cho-0	CS76768	-3.9	40.51
9835	1001G	ESP	Cir-0	CS76772	-6.57	40.61
9836	1001G	ESP	Cod-0	CS76777	-1.32	41.25
9837	1001G	ESP	Con-0	CS76780	-5.6	37.94
9838	1001G	ESP	Cot-0	CS76784	-5.38	41.83
9839	1001G	ESP	Coy-0	CS76785	-4.27	40.44
9840	1001G	ESP	Dar-0	CS76792	-1.43	41.13
9841	1001G	ESP	Ees-0	CS76836	-4.15	40.59
9843	1001G	ESP	Elp-0	CS76840	-3.92	40.53
9844	1001G	ESP	Esn-2	CS76846	0.19	42.27
9845	1001G	ESP	Evs-0	CS76848	-3.96	40.48
9846	1001G	ESP	Ezc-2	CS76849	-3.02	42.31
9847	1001G	ESP	Fel-2	CS76854	-5.7	43.31
9848	1001G	ESP	Glo-1	CS76879	-5.77	40.11
9849	1001G	ESP	Gud-3	CS76895	-4.11	40.65
9850	1001G	ESP	Hec-0	CS76917	-0.7	42.86
9851	1001G	ESP	Hue-3	CS76942	-6.1	42.96
9852	1001G	ESP	Ini-0	CS76945	-3.75	40.46
9853	1001G	ESP	Lac-0	CS76996	-5.91	43.33
9854	1001G	ESP	Laf-1	CS76997	-5.88	43.36
9855	1001G	ESP	Lam-0	CS77008	-3.89	40.57
9856	1001G	ESP	Lch-0	CS77010	-4	40.51
9857	1001G	ESP	Leg-0	CS77019	-3.8	40.33
9858	1001G	ESP	Loz-0	CS77051	-3.8	40.98
9859	1001G	ESP	Lro-0	CS77054	-3.88	40.5
9860	1001G	ESP	Lum-0	CS77059	-2.62	42.24
9861	1001G	ESP	Mac-0	CS77061	-3.21	40.72
9862	1001G	ESP	Mad-0	CS77062	-3.67	40.45
9864	1001G	ESP	Mat-0	CS77074	2.69	41.76
9866	1001G	ESP	Mdd-0	CS77076	-2.79	41.89
9867	1001G	ESP	Mie-1	CS77083	-3.22	40.94
9868	1001G	ESP	Moe-0	CS77104	2.37	41.78
9869	1001G	ESP	Moj-0	CS77105	-5.28	36.76
9870	1001G	ESP	Moz-0	CS77111	0.17	41.91
9871	1001G	ESP	Nac-0	CS77117	-3.99	40.75
9873	1001G	ESP	Ndc-0	CS77125	-5.45	37.94
9874	1001G	ESP	Oja-0	CS77143	-3	42.34
9875	1001G	ESP	Ovi-1	CS77155	-5.87	43.38
9876	1001G	ESP	Pad-0	CS77158	0.99	41.34
9877	1001G	ESP	Pdl-0	CS77165	-5.6	43.02
9878	1001G	ESP	Pee-0	CS77167	-3.62	40.78
9879	1001G	ESP	Per-0	CS77169	-1.12	37.6
9880	1001G	ESP	Pib-1	CS77175	-3.44	42.72
9881	1001G	ESP	Pie-0	CS77176	-5.32	40.46
9882	1001G	ESP	Pil-0	CS77178	-4.26	40.46
9883	1001G	ESP	Piq-0	CS77179	-2.56	42.1
9885	1001G	ESP	Prd-0	CS77189	-3.68	41.14
9886	1001G	ESP	Pru-0	CS77190	1.73	42.38
9887	1001G	ESP	Pun-0	CS77196	-4.77	40.4
9888	1001G	ESP	Pva-1	CS77197	-3.31	40.93
9890	1001G	ESP	Rib-1	CS77217	-5.07	43.16
9891	1001G	ESP	Sal-0	CS77230	2.92	41.93
9892	1001G	ESP	Sam-0	CS77231	-6.96	42.68
9894	1001G	ESP	Sen-0	CS77243	0.76	42.59
9895	1001G	ESP	Sfb-6	CS77248	2.57	41.78
9897	1001G	ESP	Smt-1	CS77257	-5.63	40.95
9898	1001G	ESP	Som-0	CS77259	-3.58	41.14
9899	1001G	ESP	Tau-0	CS77342	0.84	42.54
9900	1001G	ESP	Tri-0	CS77386	-6.01	37.38
9901	1001G	ESP	Urd-1	CS78824	-2.98	42.27
9902	1001G	ESP	Usa-0	CS78825	-3.24	40.71
9903	1001G	ESP	Val-0	CS78829	-3.1	42.31
9904	1001G	ESP	Vas-0	CS78833	-3.31	40.95
9905	1001G	ESP	Ven-0	CS78840	-4.01	40.76
9906	1001G	ESP	Mah-6	CS77063	4.25	40
9908	1001G	FRA	ESP-1-11	CS76847	3.47	50.72
9909	1001G	FRA	GEN-8	CS76877	3.3	50.59
9910	1001G	FRA	BRI-2	CS76725	3.52	50.68
9911	1001G	FRA	ARGE-1-15	CS76672	4.28	47.16
9912	1001G	FRA	CIRY-13	CS76773	4.55	46.67
9914	1001G	FRA	IST-29	CS76948	5.33	47.58
9915	1001G	FRA	MAR-4-16	CS77069	3.94	47.45
9917	1001G	FRA	RAD-21	CS77200	4.34	46.69
9918	1001G	FRA	SAUL-24	CS77237	5.21	47.43
9920	1001G	FRA	DIR-9	CS76796	4.32	48.54
9921	1001G	FRA	FOR-23	CS76867	4.41	48.57
9924	1001G	FRA	PLY-20	CS77181	4.24	48.59
9925	1001G	FRA	RUM-20	CS77226	4.52	48.91
9926	1001G	FRA	TRE-1	CS77385	4.1	48.86
9927	1001G	FRA	ARR-17	CS76673	3.69	44.05
9928	1001G	FRA	BEZ-9	CS76703	3.77	44.12
9929	1001G	FRA	ISS-20	CS76947	3.71	43.92
9930	1001G	FRA	LEC-25	CS77018	4.14	43.91
9932	1001G	FRA	NOZ-6	CS77134	4.33	44.12
9933	1001G	FRA	VED-10	CS78839	3.89	43.74
9935	1001G	FRA	BAU-15	CS76694	2.93	50.6
9937	1001G	FRA	CATS-6	CS76760	2.69	50.79
9938	1001G	FRA	WAV-8	CS78854	2.99	50.65
9939	1001G	MAR	Aitba-2	CS76347	-7.45	31.48
9941	1001G	POR	Fei-0	CS76412	-8.54	40.92
9942	1001G	ESP	Agu-1	CS76409	-1.34	41.32
9943	1001G	ESP	Cdm-0	CS76410	-5.74	39.73
9944	1001G	ESP	Don-0	CS76411	-6.36	36.83
9945	1001G	ESP	Leo-1	CS76413	-3.11	41.8
9946	1001G	ESP	Mer-6	CS76414	-6.34	38.92
9947	1001G	ESP	Ped-0	CS76415	-3.9	40.74
9948	1001G	ESP	Pra-6	CS76416	-3.54	41.05
9949	1001G	ESP	Qui-0	CS76417	-6.93	42.69
9950	1001G	ESP	Vie-0	CS76418	0.76	42.63
9951	1001G	RUS	Kly-1	CS76385	82.5667	51.3333
9952	1001G	RUS	Kly-4	CS76384	82.55	51.32
9953	1001G	RUS	Koz-2	CS76383	82.19	51.33
9955	1001G	RUS	Stepn-2	CS76377	60.46	54.09
9956	1001G	RUS	Stepn-1	CS76378	60.48	54.06
9957	1001G	RUS	Borsk-2	CS76421	51.75	53.04
9958	1001G	RUS	Shigu-1	CS76375	49.48	53.33
9959	1001G	RUS	Shigu-2	CS76374	49.48	53.33
9960	1001G	RUS	Kidr-1	CS76376	57.56	51.31
9962	1001G	ITA	Galdo-1	CS76423	15.32	40.57
9963	1001G	ITA	Lago-1	CS76367	16.26	39.18
9964	1001G	ITA	Mammo-1	CS76365	16.23	38.36
9965	1001G	ITA	Mammo-2	CS76364	16.22	38.38
9966	1001G	ITA	Monte-1	CS76361	15.65	40.28
9968	1001G	ITA	Timpo-1	CS76424	16.27	39.27
9969	1001G	ITA	Valsi-1	CS76425	16.45	40.18
9970	1001G	ITA	Altenb-2	CS76353	11.24	46.37
9971	1001G	ITA	Bozen-1.1	CS76357	11.33	46.51
9972	1001G	ITA	Bozen-1.2	CS76358	11.33	46.51
9973	1001G	ITA	Mitterberg-1-181	CS76354	11.28	46.36
9974	1001G	ITA	Castelfed-4-212	CS76355	11.29	46.34
9975	1001G	ITA	Castelfed-4-213	CS76356	11.29	46.34
9976	1001G	ITA	Rovero-1	CS76351	11.17	46.25
9978	1001G	ITA	Vezzano-2.2	CS76350	10.82	46.63
9979	1001G	ITA	Voeran-1	CS76352	11.23	46.36
9980	1001G	ITA	Angel-1	CS76362	16.17	38.62
9981	1001G	ITA	Angit-1	CS76366	16.24	38.76
9982	1001G	ITA	Apost-1	CS76368	16.47	39.01
9983	1001G	ITA	Ciste-1	CS76359	12.87	41.62
9984	1001G	ITA	Ciste-2	CS76360	12.87	41.62
9985	1001G	BUL	Slavi-1	CS76419	23.65	41.43
9986	1001G	BUL	Jablo-1	CS76372	25.2	41.59
9987	1001G	BUL	Lecho-1	CS76371	23.5	41.43
9988	1001G	GEO	Bak-2	CS76392	43.4767	41.7942
9990	1001G	GEO	Lag2-2	CS76390	46.2831	41.8296
9991	1001G	GEO	Vash-1	CS76391	46.3728	41.2381
9993	1001G	TUR	Nemrut-1	CS76398	42.2394	38.6425
9995	1001G	GER	HKT2.4	CS76404	9.4	48.14
9996	1001G	GER	Nie1-2	CS76402	8.8	48.52
9997	1001G	GER	Rue3.1-31	CS76406	9.16	48.56
9998	1001G	GER	Star-8	CS76400	8.82	48.43
9999	1001G	GER	TueSB30-3	CS76403	9.06	48.53
10001	1001G	GER	TueV-13	CS76407	9.05	48.52
10002	1001G	GER	TueWal-2	CS76405	9.04	48.53
10004	1001G	ROU	Bolin-1	CS76373	25.74	44.46
10005	1001G	ROU	Copac-1	CS76420	21.95	46.11
10006	1001G	UKR	Kastel-1	CS76395	34.3814	44.6419
10008	1001G	UZB	Sij-1	CS76379	70.05	41.45
10009	1001G	UZB	Sij-2	CS76380	70.05	41.45
10010	1001G	UZB	Sij-4	CS76381	70.05	41.45
10011	1001G	ARM	Yeg-1	CS76394	45.3622	39.8692
10012	1001G	AZE	Istisu-1	CS76389	48.5594	38.9786
10013	1001G	AZE	Lerik1-3	CS76388	48.6131	38.7406
10014	1001G	AZE	Xan-1	CS76387	48.7992	38.6536
10015	1001G	AFG	Ara-1	CS76382	71.3	37.29
10017	1001G	SRB	Petro-1	CS76370	21.46	44.34
10018	1001G	SRB	Dobra-1	CS76369	20.16	44.84
10020	1001G	CZE	Jl-2	CS76956	16.5	49.17
10022	1001G	GER	Uk-3	CS78777	7.7667	48.0333
10023	1001G	NA	Strand-1	CS77284	NA	NA
10027	1001G	GER	Uk-6	CS78938	7.765567	48.02838
14312	1001G	RUS	Kos-1	CS78923	34.12	62.02
14313	1001G	RUS	Kos-2	CS78924	34.12	62.02
14314	1001G	RUS	Radk-1	CS78927	35.11	61.59
14315	1001G	RUS	Radk-2	CS78928	35.11	61.59
14318	1001G	RUS	Shu-1	CS78930	34.24	61.94
14319	1001G	RUS	Shu-2	CS78931	34.24	61.94
15560	1001G	RUS	Valm	CS78932	61.37	61.37
15591	1001G	AUT	OOE1-1	CS78939	14.72665	48.3315333
15592	1001G	AUT	OOE3-1	CS78940	14.7158667	48.3314667
15593	1001G	AUT	OOE3-2	CS78941	14.7158667	48.3314667
18694	1001G	RUS	Pien	CS78926	32.09	60.4
18696	1001G	RUS	Samm	CS78929	30.63	61.57
19949	1001G	AUT	OOE2-1	CS79036	14.7181667	48.3268333
19950	1001G	AUT	OOE2-2	CS79037	14.7181667	48.3268333
19951	1001G	AUT	OOE23	CS79038	14.7181667	48.3268333
100000	RegMap	LTU	Wil-1-Dean-Lab	NA	NA	NA
