,name,id,name_noext,ext,folder_name,p_folder_name,sensor_type,site,plot,devicenum,date,year
0,01-03-40C20B21-20210607.csv,1Uj2l_9villlKqXo42usUmzxuRYUP0fuE,01-03-40C20B21-20210607,csv,Site 1 Niek Scheepens 2020-2021 DATA,DATA 2020-2021,temp,1,03,40C20B21,2021-06-07,2021
1,01-03-40C89021-20180809.csv,1-mQzUB-xFhWed8UuRGotuonif84tWMjw,01-03-40C89021-20180809,csv,Site 1 Niek Scheepens 2017-2018 data,DATA 2017-2018,temp,1,03,40C89021,2018-08-09,2018
2,01-03-40C89021-20200619.csv,1nsuHd5OFXA7ZYXVtJpzw3JNRELeNE61g,01-03-40C89021-20200619,csv,Site 1 Niek Scheepens 2019-2020 data,DATA 2019-2020,temp,1,03,40C89021,2020-06-19,2020
3,01-10-40C20B21-20200619.csv,1JS9QbOZ_79yHiazZnp3ErPMvXfgedre9,01-10-40C20B21-20200619,csv,Site 1 Niek Scheepens 2019-2020 data,DATA 2019-2020,temp,1,10,40C20B21,2020-06-19,2020
4,01-10-40C20B21-20210607.csv,1HEgGWURZG2OKGnuYmnZpHetHJ6eCW8IW,01-10-40C20B21-20210607,csv,Site 1 Niek Scheepens 2020-2021 DATA,DATA 2020-2021,temp,1,10,40C20B21,2021-06-07,2021
9,02-06-40A5F521-20180716.csv,1RwdcpqHodqwu_8VtkbvV3APpNh_xCwzc,02-06-40A5F521-20180716,csv,Site 2 Francois Vasseur 2017-2018 data,DATA 2017-2018,temp,2,06,40A5F521,2018-07-16,2018
10,02-12-40CADA21-20180716.csv,1eRsFhj1TXvtY2oKtnjYUwwAectjHpUJg,02-12-40CADA21-20180716,csv,Site 2 Francois Vasseur 2017-2018 data,DATA 2017-2018,temp,2,12,40CADA21,2018-07-16,2018
15,04-04-40BEBB21-20180808.csv,1fod-F0ff27t6uV-EL6GM4n-VaZB-AguC,04-04-40BEBB21-20180808,csv,Site 4 Xavier Pico 2017-2018 data,DATA 2017-2018,temp,4,04,40BEBB21,2018-08-08,2018
16,04-04-40BEBB21-20190619.xlsx,1ynQmeWt5420zoA-xYT7y4t-fFRdtvANA,04-04-40BEBB21-20190619,xlsx,Site 4 Xavier Pico 2018-2019 data,DATA 2018-2019,temp,4,04,40BEBB21,2019-06-19,2019
17,04-04-40BEBB21-20201009.xlsx,1OmKEcxflxiXYsxgiHJwsJBOOK-tAbCI3,04-04-40BEBB21-20201009,xlsx,Site 4 Xavi,DATA 2019-2020,temp,4,04,40BEBB21,2020-10-09,2020
18,04-04-40BEBB21-20210729.xlsx,1UT83AP94m2DFAoe9nOHdCkCDVkAupfIA,04-04-40BEBB21-20210729,xlsx,site 4 - Xavier Pico 2020-2021 DATA,DATA 2020-2021,temp,4,04,40BEBB21,2021-07-29,2021
19,04-08-40BEBB21-20180808.csv,15W2gM2rvZI0oKkgXBfdn4u3lVTUZhOr8,04-08-40BEBB21-20180808,csv,Site 4 Xavier Pico 2017-2018 data,DATA 2017-2018,temp,4,08,40BEBB21,2018-08-08,2018
20,04-08-40BEBB21-20190619.xlsx,1KSEcVxxwzV_EuaSSYHfLK69PDtKZvFKF,04-08-40BEBB21-20190619,xlsx,Site 4 Xavier Pico 2018-2019 data,DATA 2018-2019,temp,4,08,40BEBB21,2019-06-19,2019
21,04-08-40BEBB21-20200311.xlsx,1L6dDQEtqPzRj2CI9voopD7vin0PUDUTg,04-08-40BEBB21-20200311,xlsx,site 4 - Xavier Pico 2020-2021 DATA,DATA 2020-2021,temp,4,08,40BEBB21,2020-03-11,2020
22,04-08-40BEBB21-20201009.xlsx,1AO3vlXdum64OgEJvWlIKY-QfHVuAG-F7,04-08-40BEBB21-20201009,xlsx,Site 4 Xavi,DATA 2019-2020,temp,4,08,40BEBB21,2020-10-09,2020
23,05-03-40B1D421-20180711.csv,1LEsyTSgiE2e4d10Cn-nzQBfS6QPWSiq0,05-03-40B1D421-20180711,csv,Site 5 Carlos Alonso-Blanco,DATA 2017-2018,temp,5,03,40B1D421,2018-07-11,2018
24,05-03-40B1D421-20190618.csv,1eSYw7bm5IkQghILpVf-_yT5NecvqJB4Q,05-03-40B1D421-20190618,csv,Site 5 Carlos Alonso-Blanco 2018-2019 data,DATA 2018-2019,temp,5,03,40B1D421,2019-06-18,2019
25,05-03-40B1D421-20200630.csv,14yukeGpoFUM3dP4lyXE7aYsxm4X65EbJ,05-03-40B1D421-20200630,csv,Site 5 Carlos Alonso-Blanco 2019-2020 data,DATA 2019-2020,temp,5,03,40B1D421,2020-06-30,2020
26,05-03-40B1D421-20220603.csv,1Y9b0v-m4DidO-K7fc9z3PQsc-EcGJZYd,05-03-40B1D421-20220603,csv,Site 5 - Carlos Alonso-Blanco 2021-2022 DATA,DATA 2021-2022,temp,5,03,40B1D421,2022-06-03,2022
27,05-03-40B1D421_20210623.csv,1wnHLz14J9y2tLAKu-LgHR7pDELJbv3pW,05-03-40B1D421_20210623,csv,Site 5 - Carlos Alonso-Blanco 2020-2021 DATA,DATA 2020-2021,temp,5,03,40B1D421_20210623,,
28,05-10-408EFA21-20180711.csv,1aeGUv03Hr5fBwLRL0LarCQsgRiUBQ7Eo,05-10-408EFA21-20180711,csv,Site 5 Carlos Alonso-Blanco,DATA 2017-2018,temp,5,10,408EFA21,2018-07-11,2018
29,05-10-408EFA21-20190618.csv,1fiAN8VuRIPPvM2cQQSWStmq20hGZkYnQ,05-10-408EFA21-20190618,csv,Site 5 Carlos Alonso-Blanco 2018-2019 data,DATA 2018-2019,temp,5,10,408EFA21,2019-06-18,2019
30,05-10-408EFA21-20200630.csv,1B7relCnRPaKLDM71QNSxnpfRMTnsJuR8,05-10-408EFA21-20200630,csv,Site 5 Carlos Alonso-Blanco 2019-2020 data,DATA 2019-2020,temp,5,10,408EFA21,2020-06-30,2020
31,05-10-408EFA21_20210623.csv,1c7U4x0-ks9veYzUOlfqs8MnDgm-LvHJK,05-10-408EFA21_20210623,csv,Site 5 - Carlos Alonso-Blanco 2020-2021 DATA,DATA 2020-2021,temp,5,10,408EFA21_20210623,,
32,05-10-40B1D421-20220603.csv,13lGAZneMnpsn837Cap3KBqNv6tRVsfPZ,05-10-40B1D421-20220603,csv,Site 5 - Carlos Alonso-Blanco 2021-2022 DATA,DATA 2021-2022,temp,5,10,40B1D421,2022-06-03,2022
40,06-04-40CC4021-20180725.csv,1vhgvVb9FReGAe_l-jDpiKf_DTbA6wLCf,06-04-40CC4021-20180725,csv,Site 6 Arnald Marcer 2017-2018 data,DATA 2017-2018,temp,6,04,40CC4021,2018-07-25,2018
41,06-09-40C14D21-20180725.csv,1JplwnY-YnGlQ2wtxwjs7pcQBbgCCdKgX,06-09-40C14D21-20180725,csv,Site 6 Arnald Marcer 2017-2018 data,DATA 2017-2018,temp,6,09,40C14D21,2018-07-25,2018
42,06-09-40C14D21-20190730.csv,14-KDgtEEYV5wj3oBRSgq_0egOTJl7GOL,06-09-40C14D21-20190730,csv,Site 6 Arnald Marcer 2018-2019 data,DATA 2018-2019,temp,6,09,40C14D21,2019-07-30,2019
45,09-04-408CE821-20190702.csv,1dLDqFqRkZ8IQUwl7UVmNqb1yffEXQpQi,09-04-408CE821-20190702,csv,Site 9 Steve Franks 2018-2019 data,DATA 2018-2019,temp,9,04,408CE821,2019-07-02,2019
46,09-04-40BE4721-20180712.csv,1vqJQ_AhuCYl3qtsJuq-iYOiJ027x0s9m,09-04-40BE4721-20180712,csv,Site 9 Steve Franks 2017-2018 data,DATA 2017-2018,temp,9,04,40BE4721,2018-07-12,2018
47,09-04-40BE4721-20190702.csv,1iNUxek8P4bpSkty4OPe1MGvX0_EL6EVV,09-04-40BE4721-20190702,csv,Site 9 Steve Franks 2018-2019 data,DATA 2018-2019,temp,9,04,40BE4721,2019-07-02,2019
48,09-04-40BE4721-20200923.csv,1hhYjctOiiT7d12NAuF1oYmmZXzBb22aC,09-04-40BE4721-20200923,csv,Site 9 Steven Franks 2019-2020 data,DATA 2019-2020,temp,9,04,40BE4721,2020-09-23,2020
49,09-08-408CE821-20180712.csv,1AOdQONGeiil9INxJtt--cywXFmIAgDTk,09-08-408CE821-20180712,csv,Site 9 Steve Franks 2017-2018 data,DATA 2017-2018,temp,9,08,408CE821,2018-07-12,2018
54,10-02-409b2221-20200720.csv,1V5_2SWBI_PYNlIN5Yd5ocMs22li3iQFi,10-02-409b2221-20200720,csv,Site 10 Allison Hutt and Juenger 2019-2020 data,DATA 2019-2020,temp,10,02,409b2221,2020-07-20,2020
55,10-02-40c6cb21-20210128.csv,1b4eoWh1QryLGGf_R2E4cP3reZdc7j-aJ,10-02-40c6cb21-20210128,csv,Site 10 - disturbed - Allison Hutt and Juenger final data,DATA 2019-2020,temp,10,02,40c6cb21,2021-01-28,2021
56,10-03-40C2A421-20180730.csv,1y4ua-DwPEfWcl4aMxwPTF7G8bI-f-6OG,10-03-40C2A421-20180730,csv,Site 10 Juenger Alli Hutt 2017-2018 data,DATA 2017-2018,temp,10,03,40C2A421,2018-07-30,2018
57,10-10-409B2221-20180730.csv,1RWG-OiRr0hdFDcMW3gKCbaWMqTl3omiu,10-10-409B2221-20180730,csv,Site 10 Juenger Alli Hutt 2017-2018 data,DATA 2017-2018,temp,10,10,409B2221,2018-07-30,2018
58,10-10-409B2221-20190625.csv,1ADX1gFMk0h9bxSCeaynXJ8APvXbSZX2S,10-10-409B2221-20190625,csv,Site 10 Tom Juenger 2018-2019 data,DATA 2018-2019,temp,10,10,409B2221,2019-06-25,2019
59,10-10-409B2221-20210128.csv,1PQylZ_Cc7SU4iSS4hkcZwJjYiSclZYqN,10-10-409B2221-20210128,csv,Site 10 - disturbed - Allison Hutt and Juenger final data,DATA 2019-2020,temp,10,10,409B2221,2021-01-28,2021
60,10-10-40c6cb21-20200720.csv,1XxbSpyLmAFp6DFe2EWP8PUhLNU1KuXNH,10-10-40c6cb21-20200720,csv,Site 10 Allison Hutt and Juenger 2019-2020 data,DATA 2019-2020,temp,10,10,40c6cb21,2020-07-20,2020
67,11-03-40BB3A21-20180803.csv,1VuKQ50cZN8NmZqgjpUq8hl0Q8K4U_gv4,11-03-40BB3A21-20180803,csv,Site 11 Felix Fritschi Maria Murillo 2017-2018 data,DATA 2017-2018,temp,11,03,40BB3A21,2018-08-03,2018
68,11-10-40CE0721-20180803.csv,1cTzvk0_GkE5VBsT8lC0mYHRJIWr4_lI0,11-10-40CE0721-20180803,csv,Site 11 Felix Fritschi Maria Murillo 2017-2018 data,DATA 2017-2018,temp,11,10,40CE0721,2018-08-03,2018
73,12-02-40ADD821-20180810.csv,1SQOELkPesABeCC1TNEP5fBs4OgURsO7d,12-02-40ADD821-20180810,csv,Site 12 Steve Franks 2019-2019,DATA 2018-2019,temp,12,02,40ADD821,2018-08-10,2018
74,12-11-40AD2B21-20180810.csv,1Kuicz24wEUfGEdKchcJoKjt5GkQGttVv,12-11-40AD2B21-20180810,csv,Site 12 Steve Franks 2019-2019,DATA 2018-2019,temp,12,11,40AD2B21,2018-08-10,2018
79,13-02-40B56621-20180730.csv,1h0C58mZFmo2aW5bNN9SJkgKNfsqhHvMw,13-02-40B56621-20180730,csv,Site 13 Juenger Alli Hutt 2017-2018 data,DATA 2017-2018,temp,13,02,40B56621,2018-07-30,2018
80,13-02-40B56621-20190625.csv,1jrWFt0WR-C9InojF-DAP4bBI-wy7yTwb,13-02-40B56621-20190625,csv,Site 13 Tom Juenger 2018-2019 data,DATA 2018-2019,temp,13,02,40B56621,2019-06-25,2019
81,13-02-40B56621-20200727.csv,1x0tyHlT5naGvGHvPtBNWMQFXC5BkFYJ1,13-02-40B56621-20200727,csv,Site 13 Allison Hutt and Juenger 2019-2020 data,DATA 2019-2020,temp,13,02,40B56621,2020-07-27,2020
82,13-10-40BD5721-20200727.xlsx,1LXI2kvJ8xs0IxmWw2fCag51EzmbLoY1E,13-10-40BD5721-20200727,xlsx,Site 13 Allison Hutt and Juenger 2019-2020 data,DATA 2019-2020,temp,13,10,40BD5721,2020-07-27,2020
83,13-10-40bd5721-20200727.csv,19gESXW099RdR-e1Jg4u9yLKyjzTVos9L,13-10-40bd5721-20200727,csv,Site 32 Carlos Lara 2019-2020,DATA 2019-2020,temp,13,10,40bd5721,2020-07-27,2020
90,19-01-00AAAA00-20170000.txt,1tIX3soJMO6Qj7joGLg5clOQqI35Kn4wn,19-01-00AAAA00-20170000,txt,Site 19 Jasmin Joshi Dorit Siebert 2017-2018 data,DATA 2017-2018,temp,19,01,00AAAA00,2017-01-01,2017
91,19-03-00AAAA00-20170000.txt,19w-aC3NP6zFJacSisVnlWZI-xaEvDGRo,19-03-00AAAA00-20170000,txt,Site 19 Jasmin Joshi Dorit Siebert 2017-2018 data,DATA 2017-2018,temp,19,03,00AAAA00,2017-01-01,2017
94,23-04-40A6BA21-20180813.csv,1NjjbtqeKfduY4M3ZvOvyivEvaEuoHX10,23-04-40A6BA21-20180813,csv,Site 23 Tiffin 2017-2018,DATA 2017-2018,temp,23,04,40A6BA21,2018-08-13,2018
95,23-10-409E6021-20180813.csv,1Cmc0zznyqt5RN_7PukeTv71WHian2uPX,23-10-409E6021-20180813,csv,Site 23 Tiffin 2017-2018,DATA 2017-2018,temp,23,10,409E6021,2018-08-13,2018
98,24-00-00AAAA00-20170000.csv,1EcgKIt6h5CLJzpx5l8KWdT5Estcye8m1,24-00-00AAAA00-20170000,csv,Site 24 Remco 2017-2018,DATA 2017-2018,temp,24,00,00AAAA00,2017-01-01,2017
101,25-04-40AFF521-20180000.csv,1RJSe9sW2m6YeEyfBmeS8HugwBdUzXZrH,25-04-40AFF521-20180000,csv,Site 25 Remco 2017-2018,DATA 2017-2018,temp,25,04,40AFF521,2018-01-01,2018
102,25-09-4096C521-20180000.csv,1FWIubdweusI1g880FvLywWTParGj4bsl,25-09-4096C521-20180000,csv,Site 25 Remco 2017-2018,DATA 2017-2018,temp,25,09,4096C521,2018-01-01,2018
105,26-03-40C14C21-20180731.csv,1ps1Bj4s8BhTpzhtUbkJD_vxo4yO2JerQ,26-03-40C14C21-20180731,csv,Site 26 Merav Seifan 2017-2018 data,DATA 2017-2018,temp,26,03,40C14C21,2018-07-31,2018
106,26-07-40CC6821-20180731.csv,1V2IS2Xigc1HpMDYfxDTVhVFWRkq4p4Q1,26-07-40CC6821-20180731,csv,Site 26 Merav Seifan 2017-2018 data,DATA 2017-2018,temp,26,07,40CC6821,2018-07-31,2018
109,27-01-408BE821-20180811.csv,1QR4FKjRhnbU-P6shDL5sY785Zwl1kUFi,27-01-408BE821-20180811,csv,Site 27 Meelis Partel 2017-2018 data,DATA 2017-2018,temp,27,01,408BE821,2018-08-11,2018
110,27-01-40A2A421-20200527.csv,1EEY31IwPltH5NwhoBwmW321bpswQUTzw,27-01-40A2A421-20200527,csv,Site 27 Meelis Pärtel 2019-2020 data,DATA 2019-2020,temp,27,01,40A2A421,2020-05-27,2020
111,27-01-40A2A421-20210501.csv,16lAdyJ0MinDlJHfA4wN4p90usgYneviU,27-01-40A2A421-20210501,csv,Site 27 - Meelis Pärtel 2020-2021 DATA,DATA 2020-2021,temp,27,01,40A2A421,2021-05-01,2021
112,27-01-40A2A421_20220409.csv,1-cK5hJtAXvcMrrRXLLnD7Of222GQbrZz,27-01-40A2A421_20220409,csv,Site 27 - Meelis Pärtel 2021-2022 DATA,DATA 2021-2022,temp,27,01,40A2A421_20220409,,
113,27-01-40A2A421_20220821.csv,1EHHqJJKMe-XH1ZRvqu5NUj53IgcbYgUH,27-01-40A2A421_20220821,csv,Site 27 - Meelis Pärtel 2021-2022 DATA,DATA 2021-2022,temp,27,01,40A2A421_20220821,,
114,27-01-40C6BD21-20180811.csv,1BGM2u9gy94n9TSUVBh46ZcRxKVINWHpj,27-01-40C6BD21-20180811,csv,Site 27 Meelis Partel 2017-2018 data,DATA 2017-2018,temp,27,01,40C6BD21,2018-08-11,2018
115,27-12-40AFA621-20200527.csv,1ou9LW5qdhjXHkFhqYUFzq9nDWS8GSQLZ,27-12-40AFA621-20200527,csv,Site 27 Meelis Pärtel 2019-2020 data,DATA 2019-2020,temp,27,12,40AFA621,2020-05-27,2020
116,27-12-40AFA621-20210501.csv,14OgvuD0Q-5qV36VQwl2ct0HGA8RAxY7p,27-12-40AFA621-20210501,csv,Site 27 - Meelis Pärtel 2020-2021 DATA,DATA 2020-2021,temp,27,12,40AFA621,2021-05-01,2021
117,27-12-40AFA621_20220409.csv,1-hYO2LMPbS89LJRZGhjHF1zXLUQI9jk_,27-12-40AFA621_20220409,csv,Site 27 - Meelis Pärtel 2021-2022 DATA,DATA 2021-2022,temp,27,12,40AFA621_20220409,,
118,27-12-40AFA621_20220821.csv,1YgmtT6VrbPrGdLZ_9mAcVv42jTm6tI1I,27-12-40AFA621_20220821,csv,Site 27 - Meelis Pärtel 2021-2022 DATA,DATA 2021-2022,temp,27,12,40AFA621_20220821,,
128,28-05-36B22721-20190716.csv,1O-Aa0P7L9aP_wDOUZssSXYvD2-6E7QeE,28-05-36B22721-20190716,csv,Site 28 Donohue Quarles 2018-2019 data,DATA 2018-2019,temp,28,05,36B22721,2019-07-16,2019
129,28-06-409B0C21-20180808.csv,1AzCeQCzSxolRmUp10Zq0KuVMXFCPlZ1F,28-06-409B0C21-20180808,csv,Site 28 Kathleen Donohue 2017-2018 data,DATA 2017-2018,temp,28,06,409B0C21,2018-08-08,2018
130,28-06-53955D21-20200612.csv,12UeODiHkOiDi3Sybjkxw4hhgSluxdLol,28-06-53955D21-20200612,csv,Site 28 Brandie Quarles Kathleen Donohue 2019-2020 data,DATA 2019-2020,temp,28,06,53955D21,2020-06-12,2020
131,28-13-40A5F221-20180808.csv,1jiFY01ufXXS0JloWeDXFYRSV8t3Z_bfk,28-13-40A5F221-20180808,csv,Site 28 Kathleen Donohue 2017-2018 data,DATA 2017-2018,temp,28,13,40A5F221,2018-08-08,2018
132,28-13-40A5F221-20190719.csv,1SHYNWIBYOlZFgiK6zHGBxbW8yasibY11,28-13-40A5F221-20190719,csv,Site 28 Donohue Quarles 2018-2019 data,DATA 2018-2019,temp,28,13,40A5F221,2019-07-19,2019
133,28-13-40A5F221-20200612.csv,1bk2a8zYnM4JijufCX2QF4I0KBOcJItp5,28-13-40A5F221-20200612,csv,Site 28 Brandie Quarles Kathleen Donohue 2019-2020 data,DATA 2019-2020,temp,28,13,40A5F221,2020-06-12,2020
140,32-03-40C97821-20180801.csv,1W-kivXuZmSXrRAddEgKzCrKzJJwphqH4,32-03-40C97821-20180801,csv,Site 32 Carlos Lara-Romero 2017-2018 data,DATA 2017-2018,temp,32,03,40C97821,2018-08-01,2018
141,32-03-40C97821-20200702.csv,1euw2CHRIKdj88SwOgwZDT8gXkqUGSaqA,32-03-40C97821-20200702,csv,Site 32 Anna Traveset Lara-Romero 2019-2020 data,DATA 2019-2020,temp,32,03,40C97821,2020-07-02,2020
142,32-10-409E7B21-20180801.csv,1Yc6XPL1vD3yjuBjZrkhieM9R3uwmUIzj,32-10-409E7B21-20180801,csv,Site 32 Carlos Lara-Romero 2017-2018 data,DATA 2017-2018,temp,32,10,409E7B21,2018-08-01,2018
143,32-10-409E7B21-20200702.csv,1nSLI01gQv74jhRu6rLo5FXaM35_gSFlU,32-10-409E7B21-20200702,csv,Site 32 Anna Traveset Lara-Romero 2019-2020 data,DATA 2019-2020,temp,32,10,409E7B21,2020-07-02,2020
144,32-10-409E7B21-20200792.xlsx,1FRFL66u-5QIECNkQxeLS80wgPbixiXCn,32-10-409E7B21-20200792,xlsx,Site 32 Anna Traveset Lara-Romero 2019-2020 data,DATA 2019-2020,temp,32,10,409E7B21,2020-07-02,2020
149,33-02-40C90021-20190102.csv,1xPW--1Mg_9lvdAoKdrLDQyZwOUx4ExHg,33-02-40C90021-20190102,csv,Site 33 Jake Alexander Hanna Nomoto DATA 2018-2019,DATA 2018-2019,temp,33,02,40C90021,2019-01-02,2019
150,33-02-40C90021-20190819.csv,1BjbA8vpSZj-9kDarrI1zzTS2KXcbUZWb,33-02-40C90021-20190819,csv,Site 33 Jake Alexander Hanna Nomoto DATA 2018-2019,DATA 2018-2019,temp,33,02,40C90021,2019-08-19,2019
151,33-11-40BFF421-20190819.csv,1KCWQKwk9VzSabtVj-GqdguSfSIaDjkpd,33-11-40BFF421-20190819,csv,Site 33 Jake Alexander Hanna Nomoto DATA 2018-2019,DATA 2018-2019,temp,33,11,40BFF421,2019-08-19,2019
154,35-04-00AAAA00-20181206.csv,128IEa9fctdo9HaDhfZlcTRls6CHcg3Jy,35-04-00AAAA00-20181206,csv,Site 35 Paula Kover 2017-2018 data,DATA 2017-2018,temp,35,04,00AAAA00,2018-12-06,2018
155,35-08-00AAAA00-20181206.csv,1vHlaLbV9o_pFD2SvUO1nbYtvxgoFC815,35-08-00AAAA00-20181206,csv,Site 35 Paula Kover 2017-2018 data,DATA 2017-2018,temp,35,08,00AAAA00,2018-12-06,2018
162,42-02-40a3f021-20180714.csv,1R5XCeiYI4yWx1aBFrbs9A-yiJ-M5M4Bf,42-02-40a3f021-20180714,csv,Site 42 Maciek Wodkiewicz 2017-2018 data,DATA 2017-2018,temp,42,02,40a3f021,2018-07-14,2018
163,42-11-40971121-20180714.csv,1Csa57CDz954gLD4oudPv_8BzzHVQoOpl,42-11-40971121-20180714,csv,Site 42 Maciek Wodkiewicz 2017-2018 data,DATA 2017-2018,temp,42,11,40971121,2018-07-14,2018
164,42-11-40971121-20190619.xlsx,1uEItJKVT58LKL0g3pTBSvtVF8LfO-IPk,42-11-40971121-20190619,xlsx,Site 42 Maciej Wodkiewicz 2018-2019 data,DATA 2018-2019,temp,42,11,40971121,2019-06-19,2019
165,42-11-40971121-20200602.xlsx,1cro-Fco6-urtToP6IUhKSYQws4_n8FVH,42-11-40971121-20200602,xlsx,Site 42 Macjec 2019-2020,DATA 2019-2020,temp,42,11,40971121,2020-06-02,2020
172,43-05-00AAAA00-20210525.csv,1ezDsMwkoIRhF6LtEa_62PCt0f1ZOvqrv,43-05-00AAAA00-20210525,csv,Site 43 - Panayiotis Dimitrakopoulos 2020-2021 DATA,DATA 2020-2021,temp,43,05,00AAAA00,2021-05-25,2021
173,43-05-40BC6821-20180711.csv,1LSPlYhntXc5TM7TUnq-FiFZDFk3Nl9_s,43-05-40BC6821-20180711,csv,Site 43 Panayiotis Dimitrakopoulos 2018-2019 data,DATA 2018-2019,temp,43,05,40BC6821,2018-07-11,2018
174,43-05-40BEBB21-20180711.csv,1TXV3UtduXDR5RrKt7Yl_XSs4tGBjYUAc,43-05-40BEBB21-20180711,csv,Site 43 Panayiotis Dimitrakopoulos,DATA 2017-2018,temp,43,05,40BEBB21,2018-07-11,2018
175,43-09-00AAAA00-20210525.csv,1tMmUJ_m5cPAuZk3rXWW4GbvYXn24VZ5I,43-09-00AAAA00-20210525,csv,Site 43 - Panayiotis Dimitrakopoulos 2020-2021 DATA,DATA 2020-2021,temp,43,09,00AAAA00,2021-05-25,2021
176,43-09-40BDBC21-20180711.csv,1CPjY4RNnqtIVWWMfoVEY42HgphgDufsH,43-09-40BDBC21-20180711,csv,Site 43 Panayiotis Dimitrakopoulos 2018-2019 data,DATA 2018-2019,temp,43,09,40BDBC21,2018-07-11,2018
177,43-09-40BEBB21-20180711.csv,1BeefHD8gojXfWJFE675LXAjBjbm_ecKS,43-09-40BEBB21-20180711,csv,Site 43 Panayiotis Dimitrakopoulos,DATA 2017-2018,temp,43,09,40BEBB21,2018-07-11,2018
186,45-03-40AE9821-20180718.csv,1nI3MIUQVV5JFHnpJd-qotOeuZzz8JPzd,45-03-40AE9821-20180718,csv,Site 45 Txema Iriondo 2017-2018,DATA 2017-2018,temp,45,03,40AE9821,2018-07-18,2018
187,45-03-40AE9821-20200629.csv,11s8alHqX1W9Vmc2iti4O4MTGxr5REgaW,45-03-40AE9821-20200629,csv,Site 45 Alfredo García Fernández Jose Maria Iriondo 2019-2020 data,DATA 2019-2020,temp,45,03,40AE9821,2020-06-29,2020
188,45-03-40AE9821-20210726.csv,1c4PRfd6v--RiRbnDfpV-rYjap4zbQG6l,45-03-40AE9821-20210726,csv,Site 45 - Iriondo 2020-2021 DATA,DATA 2020-2021,temp,45,03,40AE9821,2021-07-26,2021
189,45-03-40C39921-20190719.csv,1D7_7pKATkuWf3lIgDHLsy_Xw6YPyndcI,45-03-40C39921-20190719,csv,Site 45 Jose Maria Iriondo 2018-2019 data,DATA 2018-2019,temp,45,03,40C39921,2019-07-19,2019
190,45-03-40C39921-20220728.csv,1wf1vef3qJS33gB8HhMtot2iwQcOSV7MZ,45-03-40C39921-20220728,csv,Site 45 - Txema Iriondo 2021-2022 DATA,DATA 2021-2022,temp,45,03,40C39921,2022-07-28,2022
191,45-10-40AE9821-20190719.csv,1o1r1YAKAqxKbjL6xsfi8JC6nFAXCt7tM,45-10-40AE9821-20190719,csv,Site 45 Jose Maria Iriondo 2018-2019 data,DATA 2018-2019,temp,45,10,40AE9821,2019-07-19,2019
192,45-10-40AE9821-20220728.csv,1-42JELbcHrj3S81L0PHpGx3oWP5Oc9t_,45-10-40AE9821-20220728,csv,Site 45 - Txema Iriondo 2021-2022 DATA,DATA 2021-2022,temp,45,10,40AE9821,2022-07-28,2022
193,45-10-40C39921-20180718.csv,1z0kgTvXl30pJpnR4DZXicTIupoJL_ZAR,45-10-40C39921-20180718,csv,Site 45 Txema Iriondo 2017-2018,DATA 2017-2018,temp,45,10,40C39921,2018-07-18,2018
194,45-10-40C39921-20200629.csv,1pqQXrq9x1XiBVcGck6odITMKRWpNQ-8K,45-10-40C39921-20200629,csv,Site 45 Alfredo García Fernández Jose Maria Iriondo 2019-2020 data,DATA 2019-2020,temp,45,10,40C39921,2020-06-29,2020
195,45-10-40C39921-20210726.csv,15_IRVcGMZXmSIIvcF37suJ7g7W_H_tqH,45-10-40C39921-20210726,csv,Site 45 - Iriondo 2020-2021 DATA,DATA 2020-2021,temp,45,10,40C39921,2021-07-26,2021
204,46-04-408C7C21-20180725.csv,1FAteiXs133AcXxcXaH1vHxATOYU9otKP,46-04-408C7C21-20180725,csv,Site 46 Daniel Maag 2017-2018 data,DATA 2017-2018,temp,46,04,408C7C21,2018-07-25,2018
205,46-04-408C7C21-20190625.csv,166-kbouzAu9dMB5IRTpNwoX1G3jbt_TQ,46-04-408C7C21-20190625,csv,Site 46 Daniel Maag 2018-2019 data,DATA 2018-2019,temp,46,04,408C7C21,2019-06-25,2019
206,46-04-408C7C21-20200630.csv,1xfv9JtKzEoUUm8wNa7V5WOLFebBCa8po,46-04-408C7C21-20200630,csv,Site 46 Daniel Maag 2019-2020 data,DATA 2019-2020,temp,46,04,408C7C21,2020-06-30,2020
207,46-04-408C7C21-20210825.xlsx,1Dp8d4a1q_w_GwP12XUk5fJA-bTpO8hWk,46-04-408C7C21-20210825,xlsx,Site 46 - Arthur Korte 2020-2021 DATA,DATA 2020-2021,temp,46,04,408C7C21,2021-08-25,2021
208,46-09-40C60821-20180725.csv,14lydWOa6fb2J8RpKqf1R5RLaQ99mdnFH,46-09-40C60821-20180725,csv,Site 46 Daniel Maag 2017-2018 data,DATA 2017-2018,temp,46,09,40C60821,2018-07-25,2018
209,46-09-40C60821-20190625.csv,12aENFSI3_TBYlfDmU8vkQVisWbXEWW22,46-09-40C60821-20190625,csv,Site 46 Daniel Maag 2018-2019 data,DATA 2018-2019,temp,46,09,40C60821,2019-06-25,2019
210,46-09-40C60821-20200630.csv,1HR2qljrhiVDQsr3RtqGPWXPRf39O69vm,46-09-40C60821-20200630,csv,Site 46 Daniel Maag 2019-2020 data,DATA 2019-2020,temp,46,09,40C60821,2020-06-30,2020
217,47-03-DS1921GA-20180808.csv,1SRWhsfE-CYPf8Lf-kXWwMmBJgXzx2CLX,47-03-DS1921GA-20180808,csv,Site 47 Karin Koehl 2017-2018 data,DATA 2017-2018,temp,47,03,DS1921GA,2018-08-08,2018
218,47-03-DS1921GA-20190702.csv,1LZE4YOLjXsqbkcpDOrNvFM_dhY_H7Ddz,47-03-DS1921GA-20190702,csv,Site 47 Karin Koehl 2018-2019 data,DATA 2018-2019,temp,47,03,DS1921GA,2019-07-02,2019
219,47-06-DS1921GA-20180809.csv,1gVZm0JZnbIJDbJQkLSVT-N8xqrchAHkp,47-06-DS1921GA-20180809,csv,Site 47 Karin Koehl 2017-2018 data,DATA 2017-2018,temp,47,06,DS1921GA,2018-08-09,2018
220,47-06-DS1921GA-20190702.csv,14bGcO_SePwpQHXaNAjN6sU2E6zEaknG4,47-06-DS1921GA-20190702,csv,Site 47 Karin Koehl 2018-2019 data,DATA 2018-2019,temp,47,06,DS1921GA,2019-07-02,2019
223,48-04-408FCE21-20180828.csv,1ArPDvTQcqzjC4xksbCpWMXpmf5nKFYbM,48-04-408FCE21-20180828,csv,Site 48 Steve Keller Sonia DeYoung 2017-2018 data,DATA 2017-2018,temp,48,04,408FCE21,2018-08-28,2018
224,48-04-408FCE21-20190801.csv,1Yscmptp7JPx32hZGItB58ZzZ72BkIfMj,48-04-408FCE21-20190801,csv,Site 48 Stephen Keller 2018-2019,DATA 2018-2019,temp,48,04,408FCE21,2019-08-01,2019
225,48-04-408FCE21-20200925.csv,1SBP_1lCqbELKiTaGOKZ9t9uiazh-kW0w,48-04-408FCE21-20200925,csv,Site 48 Keller,DATA 2019-2020,temp,48,04,408FCE21,2020-09-25,2020
226,48-08-3C5F5221-20200925.csv,1VHZ6OPHDhT9QO8IydsT0C5SmGgsPr2zN,48-08-3C5F5221-20200925,csv,Site 48 Keller,DATA 2019-2020,temp,48,08,3C5F5221,2020-09-25,2020
227,48-08-40CD9A21-20180828.csv,1uv1L1Lf0fD39WOTyMFx-ujwiX9Px7kjs,48-08-40CD9A21-20180828,csv,Site 48 Steve Keller Sonia DeYoung 2017-2018 data,DATA 2017-2018,temp,48,08,40CD9A21,2018-08-28,2018
230,49-03-40987721-20180829.csv,1lkGR52KUtY6JbWs90PNJ67p4EyLj9cHw,49-03-40987721-20180829,csv,Site 49 Marc Stift 2017-2018 data,DATA 2017-2018,temp,49,03,40987721,2018-08-29,2018
231,49-03-40987721-20190813.xlsx,1CtSqBTBlFGvS-lWtDRzTRLKqdKsz-_92,49-03-40987721-20190813,xlsx,Site 49 Marc Stift 2018-2019 data,DATA 2018-2019,temp,49,03,40987721,2019-08-13,2019
232,49-10-4094DC21-20180830.csv,1qmJ0cctReks-MDfNo56SlytX-NFlAqTf,49-10-4094DC21-20180830,csv,Site 49 Marc Stift 2017-2018 data,DATA 2017-2018,temp,49,10,4094DC21,2018-08-30,2018
233,52-05-40A32A21-20180806.csv,1yfGu6Z9V0dnSVFBfPGB3H-6Z0k_EyQkr,52-05-40A32A21-20180806,csv,Site 52 Walter Durka 2017-2018 data,DATA 2017-2018,temp,52,05,40A32A21,2018-08-06,2018
234,52-05-40A32A21-20200700.csv,14W0uVZ765gui-MbWSExQfLuycyDwzU8S,52-05-40A32A21-20200700,csv,Site 52 Walter Durka 2019-2020 data,DATA 2019-2020,temp,52,05,40A32A21,2020-07-01,2020
235,52-05-40A32A21-20210824.csv,1BhGUA6LCHVjz5G24yH6fwGwgIsxdK_ww,52-05-40A32A21-20210824,csv,Site 52 - Walter Durka 2020-2021 DATA,DATA 2020-2021,temp,52,05,40A32A21,2021-08-24,2021
236,52-05-40A32A21_20190619.csv,15IcCY76dpu69HTrq2Fe1tWFKVfuUlpbl,52-05-40A32A21_20190619,csv,Site 52 Walter durka 2018-2019,DATA 2018-2019,temp,52,05,40A32A21_20190619,,
237,52-11-40B4EF21-20200700.csv,1BJo8L6x-fAn7Ei83XJEp3wSJdKGZSban,52-11-40B4EF21-20200700,csv,Site 52 Walter Durka 2019-2020 data,DATA 2019-2020,temp,52,11,40B4EF21,2020-07-01,2020
238,52-11-40B4EF21-20210824.csv,1uaySGB6FH5KOKaTzloL1MkJFLjOE0n2j,52-11-40B4EF21-20210824,csv,Site 52 - Walter Durka 2020-2021 DATA,DATA 2020-2021,temp,52,11,40B4EF21,2021-08-24,2021
239,52-12-40A32A21-20180806.csv,1zKhnSfa8EkjKakJARtWptPjoK5FHUbnH,52-12-40A32A21-20180806,csv,Site 52 Walter Durka 2017-2018 data,DATA 2017-2018,temp,52,12,40A32A21,2018-08-06,2018
240,52-12-40B4EF21-20190619.csv,19xTiIHfWczw-fhHnl1KEWWlIWHPYv6la,52-12-40B4EF21-20190619,csv,Site 52 Walter durka 2018-2019,DATA 2018-2019,temp,52,12,40B4EF21,2019-06-19,2019
247,53-04-4098D821-20180807.csv,1hllAj2N3SrrJWgyftl9PWuOUmkVMrajv,53-04-4098D821-20180807,csv,Site 53 Marcel Quint 2017-2018 data,DATA 2017-2018,temp,53,04,4098D821,2018-08-07,2018
248,53-04-4098D821-20200623.csv,1kuvsrRcuZrKvArbtG8F2Mk7VbT-8tmxm,53-04-4098D821-20200623,csv,Site 53 Marcel Quint 2019-2020 data,DATA 2019-2020,temp,53,04,4098D821,2020-06-23,2020
249,53-04-4098D821_20190816.csv,1zb5_ILINZD94Es6iv_L5QdUZP3zqJfYY,53-04-4098D821_20190816,csv,Site 53 Marcel Quint 2018-2019 data,DATA 2018-2019,temp,53,04,4098D821_20190816,,
250,53-09-40C42121-20180807.csv,15fl7vXYGAkGGkUCq7GpQB_1qFlrhLM5X,53-09-40C42121-20180807,csv,Site 53 Marcel Quint 2017-2018 data,DATA 2017-2018,temp,53,09,40C42121,2018-08-07,2018
251,53-09-40C42121-20200623.csv,1il0O6hHW54CmUQrsKv_MHOQ6Z-SZ9SuT,53-09-40C42121-20200623,csv,Site 53 Marcel Quint 2019-2020 data,DATA 2019-2020,temp,53,09,40C42121,2020-06-23,2020
252,53-09-40C42121_20190816.csv,1uq51N9JKZ48vTdG72W1obkjZsscoV84h,53-09-40C42121_20190816,csv,Site 53 Marcel Quint 2018-2019 data,DATA 2018-2019,temp,53,09,40C42121_20190816,,
259,54-02-40AFE521-20180912.csv,18xlAFk9ModO3qZ-_dhfk7kdueUKlUgQg,54-02-40AFE521-20180912,csv,Site 54 Juliette de Meaux Gregor Schmitz 2017-2018 data,DATA 2017-2018,temp,54,02,40AFE521,2018-09-12,2018
260,54-11-40C26B21-20180912.csv,1vd2RuuPL6WV4lUWymPSDzL8v7FG4H5bg,54-11-40C26B21-20180912,csv,Site 54 Juliette de Meaux Gregor Schmitz 2017-2018 data,DATA 2017-2018,temp,54,11,40C26B21,2018-09-12,2018
263,55-06-40B36D21-20180920.csv,123zmT-5SUl_CSJ5xqcXh-w8lbNnlL8HT,55-06-40B36D21-20180920,csv,Site 55 Irene Till-Bottraud 2017-2018 data,DATA 2017-2018,temp,55,06,40B36D21,2018-09-20,2018
264,55-06-40B36D21-20200811.csv,18QX4hQlcu1ExpNAobKo7PyudgxixRmJW,55-06-40B36D21-20200811,csv,Site 55 Irene Till-Bottraud 2019-2020 data,DATA 2019-2020,temp,55,06,40B36D21,2020-08-11,2020
265,55-06_40B36D21-20190913.csv,1ZkeBde_v2hiMDTNFpEIYo_7uFH7IZ0ih,55-06_40B36D21-20190913,csv,Site 55 Irene Till-Bottraud 2018-2019 data,DATA 2018-2019,temp,55,06_40B36D21,20190913,,
266,55-07-29517D41-20200811.csv,1_U4pFu6xOzN2oJjHqJs5aBzPtj4QAy8o,55-07-29517D41-20200811,csv,Site 55 Irene Till-Bottraud 2019-2020 data,DATA 2019-2020,temp,55,07,29517D41,2020-08-11,2020
267,55-07_29517D41-20190913.csv,1BjuTkdttRCSDjVR8wd1Je_QCaFKkEoLA,55-07_29517D41-20190913,csv,Site 55 Irene Till-Bottraud 2018-2019 data,DATA 2018-2019,temp,55,07_29517D41,20190913,,
271,57-09-40B84621-20170000.xlsx,1e4-54KqW94i6qmutzL1FhFrQdzFHmP-T,57-09-40B84621-20170000,xlsx,Site 57 Martjin Zanten 2017-2018,DATA 2017-2018,temp,57,09,40B84621,2017-01-01,2017
272,57-10-4090ED21-20170000.xlsx,1RDWb_RNRe3OQ_XhC5xzoZHMir9OkxkRM,57-10-4090ED21-20170000,xlsx,Site 57 Martjin Zanten 2017-2018,DATA 2017-2018,temp,57,10,4090ED21,2017-01-01,2017
277,58-01-409D7221-20181024.csv,1FAgZFcUmxexJ6xi_qnz6wqRtqXMKx4Di,58-01-409D7221-20181024,csv,Site 58 Jean-Gabriel Valay 2018-2019 data,DATA 2018-2019,temp,58,01,409D7221,2018-10-24,2018
278,58-07-40B67321-20181024.csv,1XTZzXJuhvrNkxJtm8bht-Veh-fz6SVcE,58-07-40B67321-20181024,csv,Site 58 Jean-Gabriel Valay 2018-2019 data,DATA 2018-2019,temp,58,07,40B67321,2018-10-24,2018
279,58-07-40B67321-20200824.csv,1cuHyt9KY6qw3mDMkU3zQfIOtFud7olwd,58-07-40B67321-20200824,csv,Site 58 Jean-Gabriel Valay 2019-2020,DATA 2019-2020,temp,58,07,40B67321,2020-08-24,2020
282,60-03-00AAAA00-20180801.csv,10O-h_eiq6eUCOyV3A3g8CKW2i7GTyTgx,60-03-00AAAA00-20180801,csv,Site 60 Annie Schmitt 2017-2018 data,DATA 2017-2018,temp,60,03,00AAAA00,2018-08-01,2018
283,60-10-00AAAA00-20180801.csv,1uHv3VLnkXq-inbSTw-VzKwZw2ZuZEJIn,60-10-00AAAA00-20180801,csv,Site 60 Annie Schmitt 2017-2018 data,DATA 2017-2018,temp,60,10,00AAAA00,2018-08-01,2018
5,01-TH-H-20210607.csv,1xtrIdgWFsVEWUOAvIFbCRAQTpHnIDdfB,01-TH-H-20210607,csv,Site 1 Niek Scheepens 2020-2021 DATA,DATA 2020-2021,hum-tempH,1,,,2021-06-07,2021
6,01-TH-H-3F04EE41-20180809.csv,1ao2S-6qDwaInfF2ru4C7GjrPgxKto_tW,01-TH-H-3F04EE41-20180809,csv,Site 1 Niek Scheepens 2017-2018 data,DATA 2017-2018,hum-tempH,1,,,2018-08-09,2018
7,01-TH-T-20210607.csv,1zm_sMSdMwuH7jkdFwunnbR2PlEw5AZxu,01-TH-T-20210607,csv,Site 1 Niek Scheepens 2020-2021 DATA,DATA 2020-2021,hum-tempT,1,,,2021-06-07,2021
8,01-TH-T-3F04EE41-20180809.csv,1yC8XdiQCsAmPyLk5nizCd8ZEUbib2L3c,01-TH-T-3F04EE41-20180809,csv,Site 1 Niek Scheepens 2017-2018 data,DATA 2017-2018,hum-tempT,1,,,2018-08-09,2018
11,02-TH-H-20180716.csv,1KgAHVpwer55I0Kpb64CHM8YPsa67qZHx,02-TH-H-20180716,csv,Site 2 Francois Vasseur 2017-2018 data,DATA 2017-2018,hum-tempH,2,,,2018-07-16,2018
12,02-TH-H-50B63C41-20190924.csv,1-uVGjx_hb5T5afMs0uVkbX4V_QPDTT1I,02-TH-H-50B63C41-20190924,csv,Site 2 Francois Vasseur 2018-2019 data,DATA 2018-2019,hum-tempH,2,,,2019-09-24,2019
13,02-TH-T-20180716.csv,1nulegJht9U8oMQhIgJClMc-0VlzhVwap,02-TH-T-20180716,csv,Site 2 Francois Vasseur 2017-2018 data,DATA 2017-2018,hum-tempT,2,,,2018-07-16,2018
14,02-TH-T-50B63C41-20190924.csv,1TbdDGawEwf1uIqQzRR6u1bgBzkXTFZSE,02-TH-T-50B63C41-20190924,csv,Site 2 Francois Vasseur 2018-2019 data,DATA 2018-2019,hum-tempT,2,,,2019-09-24,2019
33,05-TH-H-20180711.csv,1OuuiAGCebjL0MQihQBwX1TA5FG6y8Z7j,05-TH-H-20180711,csv,Site 5 Carlos Alonso-Blanco,DATA 2017-2018,hum-tempH,5,,,2018-07-11,2018
34,05-TH-H-20190618.csv,1I3mvpYkK27_ZdcoormfnI6TkyOACf1mI,05-TH-H-20190618,csv,Site 5 Carlos Alonso-Blanco 2018-2019 data,DATA 2018-2019,hum-tempH,5,,,2019-06-18,2019
35,05-TH-H-3F181F41-20220603.csv,1KyP2FQZEQ_O-rYJuNLBQwtNkUCd_BPMJ,05-TH-H-3F181F41-20220603,csv,Site 5 - Carlos Alonso-Blanco 2021-2022 DATA,DATA 2021-2022,hum-tempH,5,,,2022-06-03,2022
36,05-TH-T-20180711.csv,1IvWCzw2RO4iQQQEudoAAcApWMpPl-CVv,05-TH-T-20180711,csv,Site 5 Carlos Alonso-Blanco,DATA 2017-2018,hum-tempT,5,,,2018-07-11,2018
37,05-TH-T-20190618.csv,1idpqk_GxlEz28WDTRu7wrghh1aw73mSp,05-TH-T-20190618,csv,Site 5 Carlos Alonso-Blanco 2018-2019 data,DATA 2018-2019,hum-tempT,5,,,2019-06-18,2019
38,05-TH-T-20200630.csv,1V9Vihdgux_bP1Dm6O7AejYuPQmrTz8mg,05-TH-T-20200630,csv,Site 5 Carlos Alonso-Blanco 2019-2020 data,DATA 2019-2020,hum-tempT,5,,,2020-06-30,2020
39,05-TH-T-3F181F41-20220603.csv,1zxZ7YfWY8la6T6DlFqworYrImziviZrI,05-TH-T-3F181F41-20220603,csv,Site 5 - Carlos Alonso-Blanco 2021-2022 DATA,DATA 2021-2022,hum-tempT,5,,,2022-06-03,2022
43,06-TH-H-50B29441-20180725.csv,1izW1FYmEglREPn_GbAhxXmQLxv7qAzFb,06-TH-H-50B29441-20180725,csv,Site 6 Arnald Marcer 2017-2018 data,DATA 2017-2018,hum-tempH,6,,,2018-07-25,2018
44,06-TH-T-50B29441-20180725.csv,1Ti_SjdrFhKFVgUgqWrVw20jGukNN0L2X,06-TH-T-50B29441-20180725,csv,Site 6 Arnald Marcer 2017-2018 data,DATA 2017-2018,hum-tempT,6,,,2018-07-25,2018
50,09-TH-H-20180712.csv,1-Qf7u3_JU-0fiex6rFKb7ZYUlmTD3eTp,09-TH-H-20180712,csv,Site 9 Steve Franks 2017-2018 data,DATA 2017-2018,hum-tempH,9,,,2018-07-12,2018
51,09-TH-H-20200923.csv,1dcsw9rLdPgwJ10n7NRyXj00onFwP4IvG,09-TH-H-20200923,csv,Site 9 Steven Franks 2019-2020 data,DATA 2019-2020,hum-tempH,9,,,2020-09-23,2020
52,09-TH-T-20180712.csv,1JwC70iUurwR_B8oEh6irpRKwdP98zxup,09-TH-T-20180712,csv,Site 9 Steve Franks 2017-2018 data,DATA 2017-2018,hum-tempT,9,,,2018-07-12,2018
53,09-TH-T-20200923.csv,1Ryc3qkiqjcgi2qMgNontKexeP7x94D4g,09-TH-T-20200923,csv,Site 9 Steven Franks 2019-2020 data,DATA 2019-2020,hum-tempT,9,,,2020-09-23,2020
61,10-TH-H-20180730.csv,1sq_YS5DOv9604Sykubf2vkJYcKQUjkav,10-TH-H-20180730,csv,Site 10 Juenger Alli Hutt 2017-2018 data,DATA 2017-2018,hum-tempH,10,,,2018-07-30,2018
62,10-TH-H-3F0C9841-20210128.csv,1cUgl_xgt31m_DqLNsg48_OLaLq6xUWWj,10-TH-H-3F0C9841-20210128,csv,Site 10 - disturbed - Allison Hutt and Juenger final data,DATA 2019-2020,hum-tempH,10,,,2021-01-28,2021
63,10-TH-H-3F16E441-20190625.csv,1aavN_42oK4gl3y60y8L1bpvFOGNK8CwO,10-TH-H-3F16E441-20190625,csv,Site 10 Tom Juenger 2018-2019 data,DATA 2018-2019,hum-tempH,10,,,2019-06-25,2019
64,10-TH-T-20180730.csv,1mW8HJflqzVXMBT8hYT-6U-U6lb1yD0nN,10-TH-T-20180730,csv,Site 10 Juenger Alli Hutt 2017-2018 data,DATA 2017-2018,hum-tempT,10,,,2018-07-30,2018
65,10-TH-T-3F0C9841-20210128.csv,1BxyliQWAMaTMH1ZgVsK6pfmf1Rk7BjkZ,10-TH-T-3F0C9841-20210128,csv,Site 10 - disturbed - Allison Hutt and Juenger final data,DATA 2019-2020,hum-tempT,10,,,2021-01-28,2021
66,10-TH-T-3F16E441-20190625.csv,1XTHTtztjrllvy8usgRCgiyRELgCatDNi,10-TH-T-3F16E441-20190625,csv,Site 10 Tom Juenger 2018-2019 data,DATA 2018-2019,hum-tempT,10,,,2019-06-25,2019
69,11-TH-H-20180803.csv,1JVdmCgDAH-k5VmqZM_KfTmMs9i82O_jY,11-TH-H-20180803,csv,Site 11 Felix Fritschi Maria Murillo 2017-2018 data,DATA 2017-2018,hum-tempH,11,,,2018-08-03,2018
70,11-TH-H-20190927.csv,1RJfI4mJb6Qmhs0RDv6kvFsXIlJRFRdRw,11-TH-H-20190927,csv,Site 11 Felix Fritschi Hannah Wilson 2018-2019 data,DATA 2018-2019,hum-tempH,11,,,2019-09-27,2019
71,11-TH-T-20180803.csv,1mK1Z2hzqJzL9YpntN24irmP5HV3U7maa,11-TH-T-20180803,csv,Site 11 Felix Fritschi Maria Murillo 2017-2018 data,DATA 2017-2018,hum-tempT,11,,,2018-08-03,2018
72,11-TH-T-20190927.csv,1xCEiwKZWtAy9xgPN8bfL2FODOuWfuGxF,11-TH-T-20190927,csv,Site 11 Felix Fritschi Hannah Wilson 2018-2019 data,DATA 2018-2019,hum-tempT,11,,,2019-09-27,2019
75,12-TH-H-20180810.csv,1eHPlo_uOaOcYINv_2CGryFZkT5k1yp0R,12-TH-H-20180810,csv,Site 12 Steve Franks 2019-2019,DATA 2018-2019,hum-tempH,12,,,2018-08-10,2018
76,12-TH-H-20200917.csv,1bE-hO48uBOg_0m6wuuiRtRt-QtD9SJNj,12-TH-H-20200917,csv,Site 12 Steven Franks 2019-2020 data,DATA 2019-2020,hum-tempH,12,,,2020-09-17,2020
77,12-TH-T-20180810.csv,11mwdQcq22T8PtwcBmuDLWIhrhzOOtqj8,12-TH-T-20180810,csv,Site 12 Steve Franks 2019-2019,DATA 2018-2019,hum-tempT,12,,,2018-08-10,2018
78,12-TH-T-20200917.csv,1pHHvLI8a6boUkFZ5G81Nz7iY7NxfTd5s,12-TH-T-20200917,csv,Site 12 Steven Franks 2019-2020 data,DATA 2019-2020,hum-tempT,12,,,2020-09-17,2020
84,13-TH-H-20200721.csv,1y1tNH2C5FQ3EgSDQVm7NzhBpaxYccDHs,13-TH-H-20200721,csv,Site 13 Allison Hutt and Juenger 2019-2020 data,DATA 2019-2020,hum-tempH,13,,,2020-07-21,2020
85,13-TH-H-3F1A1641-20190625.csv,1XIIEXUf00UgPCZc6zLxl3wDF0C3McoFN,13-TH-H-3F1A1641-20190625,csv,Site 13 Tom Juenger 2018-2019 data,DATA 2018-2019,hum-tempH,13,,,2019-06-25,2019
86,13-TH-H-ds1923-20210614.csv,1py1WhTbsb1WCoQ2zM4MCYeaC7MB4eICD,13-TH-H-ds1923-20210614,csv,Site 13 - Tom Juenger 2020-2021 DATA,DATA 2020-2021,hum-tempH,13,,,2021-06-14,2021
87,13-TH-T-20200721.csv,1oBCZmDpePuXeIYf-O1iJM7acGaR8v2Hl,13-TH-T-20200721,csv,Site 13 Allison Hutt and Juenger 2019-2020 data,DATA 2019-2020,hum-tempT,13,,,2020-07-21,2020
88,13-TH-T-3F1A1641-20190625.csv,16hdZMiGUTPgkOWcvBoQ9z6cSs1pW9xNW,13-TH-T-3F1A1641-20190625,csv,Site 13 Tom Juenger 2018-2019 data,DATA 2018-2019,hum-tempT,13,,,2019-06-25,2019
89,13-TH-T-ds1923-20210614.csv,1K82j5yVDoFY0BQSsfMmJUCchv62aFSs7,13-TH-T-ds1923-20210614,csv,Site 13 - Tom Juenger 2020-2021 DATA,DATA 2020-2021,hum-tempT,13,,,2021-06-14,2021
92,19-TH-H-20170000.xlsx,1SzJGsXP7KVef-7nVM7xXcxrXGjU6bG4G,19-TH-H-20170000,xlsx,Site 19 Jasmin Joshi Dorit Siebert 2017-2018 data,DATA 2017-2018,hum-tempH,19,,,2017-01-01,2017
93,19-TH-T-20170000.xlsx,1EhkSBJXjWIC3U5THCND-nQngYGAOVXfC,19-TH-T-20170000,xlsx,Site 19 Jasmin Joshi Dorit Siebert 2017-2018 data,DATA 2017-2018,hum-tempT,19,,,2017-01-01,2017
96,23-TH-H-20180813.csv,1Knxv9Ou_FDcysZQW-WRjmKLz3h_TI0L3,23-TH-H-20180813,csv,Site 23 Tiffin 2017-2018,DATA 2017-2018,hum-tempH,23,,,2018-08-13,2018
97,23-TH-T-20180813.csv,1V58pmazotH9iKvqQtoTiTC0n0RnXAR_u,23-TH-T-20180813,csv,Site 23 Tiffin 2017-2018,DATA 2017-2018,hum-tempT,23,,,2018-08-13,2018
99,24-TH-H-20170000.csv,1EdrDSnx1CY8gECQJuohsBicumDIx3uuJ,24-TH-H-20170000,csv,Site 24 Remco 2017-2018,DATA 2017-2018,hum-tempH,24,,,2017-01-01,2017
100,24-TH-T-20170000.csv,1PuH47To73c9R38yyrRzZMnL8wJNzql0f,24-TH-T-20170000,csv,Site 24 Remco 2017-2018,DATA 2017-2018,hum-tempT,24,,,2017-01-01,2017
103,25-TH-H-20180000.csv,1jLwSKF2BcC2VM9u6jDMhaVKBTIAxHCGG,25-TH-H-20180000,csv,Site 25 Remco 2017-2018,DATA 2017-2018,hum-tempH,25,,,2018-01-01,2018
104,25-TH-T-20180000.csv,1iDkmlAaXLBtFoc7tne3UnzuQ_DgFJ_op,25-TH-T-20180000,csv,Site 25 Remco 2017-2018,DATA 2017-2018,hum-tempT,25,,,2018-01-01,2018
107,26-TH-H-20180731.csv,17dyiFTcfJ-eAlVMTsqyvCY8uRLYL5lcr,26-TH-H-20180731,csv,Site 26 Merav Seifan 2017-2018 data,DATA 2017-2018,hum-tempH,26,,,2018-07-31,2018
108,26-TH-T-20180731.csv,1lTDJrCwBvkuyiDxXi6BeUrNiR6CmGWPd,26-TH-T-20180731,csv,Site 26 Merav Seifan 2017-2018 data,DATA 2017-2018,hum-tempT,26,,,2018-07-31,2018
119,27-TH-H-20200527.csv,10yu0MCEJ60VRWkVOsXnHg6wnl2cQJzR9,27-TH-H-20200527,csv,Site 27 Meelis Pärtel 2019-2020 data,DATA 2019-2020,hum-tempH,27,,,2020-05-27,2020
120,27-TH-H-20220409.csv,1-cktyRNnSVn0Xwj4kek3M8jBjsZu8oH7,27-TH-H-20220409,csv,Site 27 - Meelis Pärtel 2021-2022 DATA,DATA 2021-2022,hum-tempH,27,,,2022-04-09,2022
121,27-TH-H-50B65E41-20180811.csv,1oaYOYvLVQMKSv4evkjcr5zzSCXFFi7e4,27-TH-H-50B65E41-20180811,csv,Site 27 Meelis Partel 2017-2018 data,DATA 2017-2018,hum-tempH,27,,,2018-08-11,2018
122,27-TH-H-50B65E41-20190622.csv,1pC7vXwwR6X60tMsESYlmlnUT2akNo5JM,27-TH-H-50B65E41-20190622,csv,Site 27 Meelis Pärtel 2018-2019 data,DATA 2018-2019,hum-tempH,27,,,2019-06-22,2019
123,27-TH-T-20200527.csv,1WYa52KIHPLmLYlnkRSi_FixK5mikA8XN,27-TH-T-20200527,csv,Site 27 Meelis Pärtel 2019-2020 data,DATA 2019-2020,hum-tempT,27,,,2020-05-27,2020
124,27-TH-T-20220409.csv,102XI_f8f1iwTv_wfEWlkQtDEpB3ILisH,27-TH-T-20220409,csv,Site 27 - Meelis Pärtel 2021-2022 DATA,DATA 2021-2022,hum-tempT,27,,,2022-04-09,2022
125,27-TH-T-50B65E41-20180811.csv,1U4YChOflI9W6S_FxSsidINViVm-TKY-F,27-TH-T-50B65E41-20180811,csv,Site 27 Meelis Partel 2017-2018 data,DATA 2017-2018,hum-tempT,27,,,2018-08-11,2018
126,27-TH-T-50B65E41-20190622.csv,1vHmahMq5amwl8YETIIrkOau3Gdp64NNF,27-TH-T-50B65E41-20190622,csv,Site 27 Meelis Pärtel 2018-2019 data,DATA 2018-2019,hum-tempT,27,,,2019-06-22,2019
127,27-TH-T-69A6C941-20210529.csv,1MKM18nXAuY-PrBhetnjNFvv93GaSWzwL,27-TH-T-69A6C941-20210529,csv,Site 27 - Meelis Pärtel 2020-2021 DATA,DATA 2020-2021,hum-tempT,27,,,2021-05-29,2021
134,28-TH-H-20180808.csv,1r_S6tyj_lqwoRKsZBApTBYSe3AP9K3dw,28-TH-H-20180808,csv,Site 28 Kathleen Donohue 2017-2018 data,DATA 2017-2018,hum-tempH,28,,,2018-08-08,2018
135,28-TH-H-20190719.csv,1YjoDt5MgZ1Kwb0PZ8PtKCTLhngZLUxrd,28-TH-H-20190719,csv,Site 28 Donohue Quarles 2018-2019 data,DATA 2018-2019,hum-tempH,28,,,2019-07-19,2019
136,28-TH-H-20200612.csv,1tH0g50sittUu4sk_CbLPUTxDkMK0WN0O,28-TH-H-20200612,csv,Site 28 Brandie Quarles Kathleen Donohue 2019-2020 data,DATA 2019-2020,hum-tempH,28,,,2020-06-12,2020
137,28-TH-T-20180808.csv,1EiuvjNiWdOWi-eecsrUzF1il1GSlUBLX,28-TH-T-20180808,csv,Site 28 Kathleen Donohue 2017-2018 data,DATA 2017-2018,hum-tempT,28,,,2018-08-08,2018
138,28-TH-T-20190719.csv,1BYEvFm-gOq4z-yofFpQLAVzuutAMYokk,28-TH-T-20190719,csv,Site 28 Donohue Quarles 2018-2019 data,DATA 2018-2019,hum-tempT,28,,,2019-07-19,2019
139,28-TH-T-20200612.xlsx,1kIrUQe1b6wWjpXER6mvjHB79C5HsEEbh,28-TH-T-20200612,xlsx,Site 28 Brandie Quarles Kathleen Donohue 2019-2020 data,DATA 2019-2020,hum-tempT,28,,,2020-06-12,2020
145,32-TH-H-20200702.csv,1RWAdRCqm7aZQ_1P9qX3K4d9yrKvoh4Dz,32-TH-H-20200702,csv,Site 32 Anna Traveset Lara-Romero 2019-2020 data,DATA 2019-2020,hum-tempH,32,,,2020-07-02,2020
146,32-TH-H-50B4E541-20180801.csv,1tbO9FjuCLIGNGLks1IU-DW3JAoslA0Cd,32-TH-H-50B4E541-20180801,csv,Site 32 Carlos Lara-Romero 2017-2018 data,DATA 2017-2018,hum-tempH,32,,,2018-08-01,2018
147,32-TH-T-20200702.csv,1awul_pZ2SCbsjLAlqm5SK2h8v-Idd0a_,32-TH-T-20200702,csv,Site 32 Anna Traveset Lara-Romero 2019-2020 data,DATA 2019-2020,hum-tempT,32,,,2020-07-02,2020
148,32-TH-T-50B4E541-20180801.csv,1hYePaI-HQpLjorhlLvpdMXRI-ChI8v8c,32-TH-T-50B4E541-20180801,csv,Site 32 Carlos Lara-Romero 2017-2018 data,DATA 2017-2018,hum-tempT,32,,,2018-08-01,2018
152,33-TH-H-20190102.csv,1xFyJ5UlBVql4o2wSYsZCvz6lq4F69WzN,33-TH-H-20190102,csv,Site 33 Jake Alexander Hanna Nomoto DATA 2018-2019,DATA 2018-2019,hum-tempH,33,,,2019-01-02,2019
153,33-TH-T-20190102.csv,1yQVhHNH5iKJ6DfljcqEOeaKBpzHxkDH7,33-TH-T-20190102,csv,Site 33 Jake Alexander Hanna Nomoto DATA 2018-2019,DATA 2018-2019,hum-tempT,33,,,2019-01-02,2019
156,37-TH-H-50B4A941-20180822.csv,1HGHpvyFrXbRYka2onWCoWw_HLGWfxCHV,37-TH-H-50B4A941-20180822,csv,Site 37 Bodil Oma Vigdis Vandvik 2017-2018,DATA 2017-2018,hum-tempH,37,,,2018-08-22,2018
157,37-TH-T-50B4A941-20180822.csv,1N0hPIzPLBMBbChbW2UksDXQ35rCCDble,37-TH-T-50B4A941-20180822,csv,Site 37 Bodil Oma Vigdis Vandvik 2017-2018,DATA 2017-2018,hum-tempT,37,,,2018-08-22,2018
158,41-TH-H-20190300.csv,1H2sngXF2564S5WBiQOpaUkEvfBOLKwgU,41-TH-H-20190300,csv,Site 41 Zuzana Munzbergova 2018-2019,DATA 2018-2019,hum-tempH,41,,,2019-03-01,2019
159,41-TH-H-20191100.csv,1k8Y18FY1enVfxrCyszjlACz7yMWWNSm9,41-TH-H-20191100,csv,Site 41 Zuzana Munzbergova 2018-2019,DATA 2018-2019,hum-tempH,41,,,2019-11-01,2019
160,41-TH-T-20190300.csv,1kg7k_106T2k30ILYvc5qBkamUtHbvPEL,41-TH-T-20190300,csv,Site 41 Zuzana Munzbergova 2018-2019,DATA 2018-2019,hum-tempT,41,,,2019-03-01,2019
161,41-TH-T-20191100.csv,1qN5OBdXx7bE7izg17O7UUwWSaeJuDjc7,41-TH-T-20191100,csv,Site 41 Zuzana Munzbergova 2018-2019,DATA 2018-2019,hum-tempT,41,,,2019-11-01,2019
166,42-TH-H-20180714.csv,1H_tPQC-UmJxwnnS6MrIUgdDWud0V6tBM,42-TH-H-20180714,csv,Site 42 Maciek Wodkiewicz 2017-2018 data,DATA 2017-2018,hum-tempH,42,,,2018-07-14,2018
167,42-TH-H-20190619.xlsx,1IOMSjMXvicGAhqfnYae9ZRJZaLwTVEGL,42-TH-H-20190619,xlsx,Site 42 Maciej Wodkiewicz 2018-2019 data,DATA 2018-2019,hum-tempH,42,,,2019-06-19,2019
168,42-TH-H-20200602.xlsx,1b--RmWV1-8Oa_TRsWi6K9yFHUK-XSWEw,42-TH-H-20200602,xlsx,Site 42 Macjec 2019-2020,DATA 2019-2020,hum-tempH,42,,,2020-06-02,2020
169,42-TH-T-20180714.csv,15XaOAo4hq5BDDB9mFAmfX17UW4GP_Jh1,42-TH-T-20180714,csv,Site 42 Maciek Wodkiewicz 2017-2018 data,DATA 2017-2018,hum-tempT,42,,,2018-07-14,2018
170,42-TH-T-20190619.xlsx,1mF71sOcU4fwxW16NMA2SzU4jFmsdrMQN,42-TH-T-20190619,xlsx,Site 42 Maciej Wodkiewicz 2018-2019 data,DATA 2018-2019,hum-tempT,42,,,2019-06-19,2019
171,42-TH-T-20200602.xlsx,1iydH9m7nDaQmKCC5Jzau-mQZRTQA8cwg,42-TH-T-20200602,xlsx,Site 42 Macjec 2019-2020,DATA 2019-2020,hum-tempT,42,,,2020-06-02,2020
178,43-TH-H-20180711.csv,1YOKV6fqJkCam79iei8STB7uoOpK5RDT-,43-TH-H-20180711,csv,Site 43 Panayiotis Dimitrakopoulos 2018-2019 data,DATA 2018-2019,hum-tempH,43,,,2018-07-11,2018
179,43-TH-H-20200518.csv,1OT2AYdjMHl0ogQuC5BinkQU8Ej7R9ynu,43-TH-H-20200518,csv,Site 43 Panayiotis Dimitrakopoulos 2019-2020 data,DATA 2019-2020,hum-tempH,43,,,2020-05-18,2020
180,43-TH-H-20210525.csv,1CdmuzQXme8-fNVs08u8wMhneA0xrf91f,43-TH-H-20210525,csv,Site 43 - Panayiotis Dimitrakopoulos 2020-2021 DATA,DATA 2020-2021,hum-tempH,43,,,2021-05-25,2021
181,43-TH-T-20180711.csv,1rHvW3ilJ_5XJoYis3QYRvL8dmDWeQCAn,43-TH-T-20180711,csv,Site 43 Panayiotis Dimitrakopoulos 2018-2019 data,DATA 2018-2019,hum-tempT,43,,,2018-07-11,2018
182,43-TH-T-20200518.csv,1ra58OiUb73zxZnqmAUwGjaXBfJ3h5zn_,43-TH-T-20200518,csv,Site 43 Panayiotis Dimitrakopoulos 2019-2020 data,DATA 2019-2020,hum-tempT,43,,,2020-05-18,2020
183,43-TH-T-20210525.csv,1hkZK8rtiNukBvhe8Y1t2Fz0SOQzojfhc,43-TH-T-20210525,csv,Site 43 - Panayiotis Dimitrakopoulos 2020-2021 DATA,DATA 2020-2021,hum-tempT,43,,,2021-05-25,2021
184,43-TH-T-40BC6821-20200518.csv,1QCUr2HYYh1rzpr7x0JkjdTQpK-jhkKbm,43-TH-T-40BC6821-20200518,csv,Site 43 Panayiotis Dimitrakopoulos 2019-2020 data,DATA 2019-2020,hum-tempT,43,,,2020-05-18,2020
185,43-TH-T-40BDBC21-20200518.csv,1wjTNpWYDPEupKaWWmRvk7le-fgslXQb9,43-TH-T-40BDBC21-20200518,csv,Site 43 Panayiotis Dimitrakopoulos 2019-2020 data,DATA 2019-2020,hum-tempT,43,,,2020-05-18,2020
196,45-TH-H-20180718.csv,102enJDVNwYMJsicoFqWTbBEvebpfcHOC,45-TH-H-20180718,csv,Site 45 Txema Iriondo 2017-2018,DATA 2017-2018,hum-tempH,45,,,2018-07-18,2018
197,45-TH-H-20190719.csv,1O5VyVhihbLY5k7Bh8hDOrXv7drG6XmB8,45-TH-H-20190719,csv,Site 45 Jose Maria Iriondo 2018-2019 data,DATA 2018-2019,hum-tempH,45,,,2019-07-19,2019
198,45-TH-H-20200629.csv,10JS93mBlz1YI2XBrpfi0y6jpc7iUOw0L,45-TH-H-20200629,csv,Site 45 Alfredo García Fernández Jose Maria Iriondo 2019-2020 data,DATA 2019-2020,hum-tempH,45,,,2020-06-29,2020
199,45-TH-H-20220728.csv,1Dyt9kUcTB0-dP_iXTkHLUOyWIyGcsu8O,45-TH-H-20220728,csv,Site 45 - Txema Iriondo 2021-2022 DATA,DATA 2021-2022,hum-tempH,45,,,2022-07-28,2022
200,45-TH-T-20180718.csv,1OG4OjzsFoDuohnrWAydwMs44TKu94iPs,45-TH-T-20180718,csv,Site 45 Txema Iriondo 2017-2018,DATA 2017-2018,hum-tempT,45,,,2018-07-18,2018
201,45-TH-T-20190719.csv,1nMeYDqnG5zIphCAcqopXWYfyqdJBjPsE,45-TH-T-20190719,csv,Site 45 Jose Maria Iriondo 2018-2019 data,DATA 2018-2019,hum-tempT,45,,,2019-07-19,2019
202,45-TH-T-20200629.csv,1OUzccklH5YDqs3IrHLmPIf1158ze-XL5,45-TH-T-20200629,csv,Site 45 Alfredo García Fernández Jose Maria Iriondo 2019-2020 data,DATA 2019-2020,hum-tempT,45,,,2020-06-29,2020
203,45-TH-T-20220728.csv,1K49HsV717QBM9vE6otNUeNSOw_ONviOv,45-TH-T-20220728,csv,Site 45 - Txema Iriondo 2021-2022 DATA,DATA 2021-2022,hum-tempT,45,,,2022-07-28,2022
211,46-TH-H-20180725.csv,1HMapDlLCJud6HctjywyPWjvug6Hpapm0,46-TH-H-20180725,csv,Site 46 Daniel Maag 2017-2018 data,DATA 2017-2018,hum-tempH,46,,,2018-07-25,2018
212,46-TH-H-20190625.csv,1-_Zpd5pi7jHSCbEDEBokGH35OiAhlpPt,46-TH-H-20190625,csv,Site 46 Daniel Maag 2018-2019 data,DATA 2018-2019,hum-tempH,46,,,2019-06-25,2019
213,46-TH-H-20210825.xlsx,1vphYPOG1aMgBVxa_LDi0ThOuJwn_n6mi,46-TH-H-20210825,xlsx,Site 46 - Arthur Korte 2020-2021 DATA,DATA 2020-2021,hum-tempH,46,,,2021-08-25,2021
214,46-TH-T-20180725.csv,1FF0XuEuBrhWBii2YYtf24Pt2tlq_8jFN,46-TH-T-20180725,csv,Site 46 Daniel Maag 2017-2018 data,DATA 2017-2018,hum-tempT,46,,,2018-07-25,2018
215,46-TH-T-20190625.csv,1GESqzvkbZpiGRpUEFDQLzY-1Se3VaKKJ,46-TH-T-20190625,csv,Site 46 Daniel Maag 2018-2019 data,DATA 2018-2019,hum-tempT,46,,,2019-06-25,2019
216,46-TH-T-20210825.xlsx,18SnOWIDpdsClCuXWHu5Qst28kxr7MpAQ,46-TH-T-20210825,xlsx,Site 46 - Arthur Korte 2020-2021 DATA,DATA 2020-2021,hum-tempT,46,,,2021-08-25,2021
221,47-TH-H-20180808.csv,1DjYpRYjRPkX57WtlwT2U14KDbgKTK2ve,47-TH-H-20180808,csv,Site 47 Karin Koehl 2017-2018 data,DATA 2017-2018,hum-tempH,47,,,2018-08-08,2018
222,47-TH-T-20180808.csv,146-KMchUmqT56q-8SCYJrW5opqWQVBMO,47-TH-T-20180808,csv,Site 47 Karin Koehl 2017-2018 data,DATA 2017-2018,hum-tempT,47,,,2018-08-08,2018
228,48-TH-H-20180828.csv,1CIDUlfcm48dbjGT_-rMg5o8Mh3YQcZ5X,48-TH-H-20180828,csv,Site 48 Steve Keller Sonia DeYoung 2017-2018 data,DATA 2017-2018,hum-tempH,48,,,2018-08-28,2018
229,48-TH-T-20180828.csv,1Fu4y2eL8ckEi8Vgs9rmhzE2R1ufajKjY,48-TH-T-20180828,csv,Site 48 Steve Keller Sonia DeYoung 2017-2018 data,DATA 2017-2018,hum-tempT,48,,,2018-08-28,2018
241,52-TH-H-20180806.csv,1YkwV4t44LmBUyOTatveKMlWJqXr9Awtf,52-TH-H-20180806,csv,Site 52 Walter Durka 2017-2018 data,DATA 2017-2018,hum-tempH,52,,,2018-08-06,2018
242,52-TH-H-20200700.csv,13ZfUg7VXi1M1b7Ieal24AVx0mSTd6zFZ,52-TH-H-20200700,csv,Site 52 Walter Durka 2019-2020 data,DATA 2019-2020,hum-tempH,52,,,2020-07-01,2020
243,52-TH-H-20210824.csv,1TyAaEAL6-vWHalqUYu3mxvwwhCMOWHkk,52-TH-H-20210824,csv,Site 52 - Walter Durka 2020-2021 DATA,DATA 2020-2021,hum-tempH,52,,,2021-08-24,2021
244,52-TH-T-20180806.csv,1Uwg018AfrNUAKOvWuOCnxyZawTrt-ZvC,52-TH-T-20180806,csv,Site 52 Walter Durka 2017-2018 data,DATA 2017-2018,hum-tempT,52,,,2018-08-06,2018
245,52-TH-T-20200700.csv,1IUFRVDFF4POUdn5stqM6gxNfn1qk2oBL,52-TH-T-20200700,csv,Site 52 Walter Durka 2019-2020 data,DATA 2019-2020,hum-tempT,52,,,2020-07-01,2020
246,52-TH-T-20210824.csv,16W06T8SVWujnTJtYpSQaCbNClQJwEaRr,52-TH-T-20210824,csv,Site 52 - Walter Durka 2020-2021 DATA,DATA 2020-2021,hum-tempT,52,,,2021-08-24,2021
253,53-TH-H-20180807.csv,1IQXO-ovCuETNxi9NDCWw5U15O-8PHxrm,53-TH-H-20180807,csv,Site 53 Marcel Quint 2017-2018 data,DATA 2017-2018,hum-tempH,53,,,2018-08-07,2018
254,53-TH-H-20190816.csv,13iiy1BjZZlR2Uti3CvXsbux3MZ9QCbsn,53-TH-H-20190816,csv,Site 53 Marcel Quint 2018-2019 data,DATA 2018-2019,hum-tempH,53,,,2019-08-16,2019
255,53-TH-H-20200623.csv,1_5PmFlqHBEOLGKNSGTN2gZL4IptdUAGa,53-TH-H-20200623,csv,Site 53 Marcel Quint 2019-2020 data,DATA 2019-2020,hum-tempH,53,,,2020-06-23,2020
256,53-TH-T-20180807.csv,1UKzSh7xXOSONTrwt1fQ6HIXSxJ17nMw0,53-TH-T-20180807,csv,Site 53 Marcel Quint 2017-2018 data,DATA 2017-2018,hum-tempT,53,,,2018-08-07,2018
257,53-TH-T-20190816.csv,1Pcku5p1G1Aslk6K-kLp4UlIs41JJveqU,53-TH-T-20190816,csv,Site 53 Marcel Quint 2018-2019 data,DATA 2018-2019,hum-tempT,53,,,2019-08-16,2019
258,53-TH-T-20200623.csv,1PtAskCPLGQUS-seLrynrDQWfaWpLjI4f,53-TH-T-20200623,csv,Site 53 Marcel Quint 2019-2020 data,DATA 2019-2020,hum-tempT,53,,,2020-06-23,2020
261,54-TH-H-20180912.csv,1T6xm8TpnXiO0ikr6ehgkr1oDqydMZGhw,54-TH-H-20180912,csv,Site 54 Juliette de Meaux Gregor Schmitz 2017-2018 data,DATA 2017-2018,hum-tempH,54,,,2018-09-12,2018
262,54-TH-T-20180912.csv,1I6ZA-2uvIFUaFyNB8x_VuG_mhFduWkMT,54-TH-T-20180912,csv,Site 54 Juliette de Meaux Gregor Schmitz 2017-2018 data,DATA 2017-2018,hum-tempT,54,,,2018-09-12,2018
268,55-TH-H-20180920.txt,1yF2dKun1ZReTKZDVtQJLPQykAWlJCBpQ,55-TH-H-20180920,txt,Site 55 Irene Till-Bottraud 2017-2018 data,DATA 2017-2018,hum-tempH,55,,,2018-09-20,2018
269,55-TH-T-20180920.txt,1ttOgvdy7yJ8SB-GnKSsMbOONUbpXgpqM,55-TH-T-20180920,txt,Site 55 Irene Till-Bottraud 2017-2018 data,DATA 2017-2018,hum-tempT,55,,,2018-09-20,2018
270,55-TH-T-20200811.csv,1T5WNrKVdAOLw3LUU2KvLs1-nOvsJmmSh,55-TH-T-20200811,csv,Site 55 Irene Till-Bottraud 2019-2020 data,DATA 2019-2020,hum-tempT,55,,,2020-08-11,2020
273,57-TH-H-20170000.xlsx,1ZukaDGsB195ZXKwl6Ml6nHWFM1PGVdIu,57-TH-H-20170000,xlsx,Site 57 Martjin Zanten 2017-2018,DATA 2017-2018,hum-tempH,57,,,2017-01-01,2017
274,57-TH-H-20190620.csv,1BESbflRV08lnmFGeuGJUrbXWZA4JjawF,57-TH-H-20190620,csv,Site 57 Martijn van Zanten 2018-2019 data,DATA 2018-2019,hum-tempH,57,,,2019-06-20,2019
275,57-TH-T-20170000.xlsx,1U2D5vrbR5BT3Xpb50BTuSfHjtB0lJ_0X,57-TH-T-20170000,xlsx,Site 57 Martjin Zanten 2017-2018,DATA 2017-2018,hum-tempT,57,,,2017-01-01,2017
276,57-TH-T-20190620.csv,1P8vb1F-m0PsjE58IZqFyL-HcwM0P2liM,57-TH-T-20190620,csv,Site 57 Martijn van Zanten 2018-2019 data,DATA 2018-2019,hum-tempT,57,,,2019-06-20,2019
280,58-TH-H-20181024.csv,1_0JuO9I63amVlZMJZMDDnMwvim4hqrUF,58-TH-H-20181024,csv,Site 58 Jean-Gabriel Valay 2018-2019 data,DATA 2018-2019,hum-tempH,58,,,2018-10-24,2018
281,58-TH-T-20181024.csv,1T4JzIcJuzUJ7X5l7j-0V0PGexMG7I-bj,58-TH-T-20181024,csv,Site 58 Jean-Gabriel Valay 2018-2019 data,DATA 2018-2019,hum-tempT,58,,,2018-10-24,2018
284,60-TH-H-20180801.csv,15EoizPiQfT03sFFi70aUeauArbjrbkJ8,60-TH-H-20180801,csv,Site 60 Annie Schmitt 2017-2018 data,DATA 2017-2018,hum-tempH,60,,,2018-08-01,2018
285,60-TH-T-20180801.csv,14Llm6uTs389uvxSp_npkjVJy9lqeNifv,60-TH-T-20180801,csv,Site 60 Annie Schmitt 2017-2018 data,DATA 2017-2018,hum-tempT,60,,,2018-08-01,2018
