"CODES","SITE","PLOT","DATE","SAMPLE_ID","NUMBER_FLOWERS_COLLECTED","COMMENTS1","COMMENTS2","COMMENTS3"
"SB",45,1,20220729,"SB-45-1-20220729",NA,NA,NA,NA
"SB",45,2,20220729,"SB-45-2-20220729",NA,NA,NA,NA
"SB",45,3,20220729,"SB-45-3-20220729",NA,NA,NA,NA
"SB",45,4,20220729,"SB-45-4-20220729",NA,NA,NA,NA
"SB",45,5,20220729,"SB-45-5-20220729",NA,NA,NA,NA
"SB",45,6,20220729,"SB-45-6-20220729",NA,NA,NA,NA
"SB",45,7,20220729,"SB-45-7-20220729",NA,NA,NA,NA
"SB",45,8,20220729,"SB-45-8-20220729",NA,NA,NA,NA
"SB",45,9,20220729,"SB-45-9-20220729",NA,NA,NA,NA
"SB",45,10,20220729,"SB-45-10-20220729",NA,NA,NA,NA
"SB",45,11,20220729,"SB-45-11-20220729",NA,NA,NA,NA
"SB",45,12,20220729,"SB-45-12-20220729",NA,NA,NA,NA
"SB",27,1,20220821,"SB-27-1-20220821",NA,NA,NA,NA
"SB",27,2,20220821,"SB-27-2-20220821",NA,NA,NA,NA
"SB",27,3,20220821,"SB-27-3-20220821",NA,NA,NA,NA
"SB",27,4,20220821,"SB-27-4-20220821",NA,NA,NA,NA
"SB",27,5,20220821,"SB-27-5-20220821",NA,NA,NA,NA
"SB",27,6,20220821,"SB-27-6-20220821",NA,NA,NA,NA
"SB",27,7,20220821,"SB-27-7-20220821",NA,NA,NA,NA
"SB",27,8,20220821,"SB-27-8-20220821",NA,NA,NA,NA
"SB",27,9,20220821,"SB-27-9-20220821",NA,NA,NA,NA
"SB",27,10,20220821,"SB-27-10-20220821",NA,NA,NA,NA
"SB",27,11,20220821,"SB-27-11-20220821",NA,NA,NA,NA
"SB",27,12,20220821,"SB-27-12-20220821",NA,NA,NA,NA
"SB",57,NA,20220630,"SB-57-1G 20220630",NA,NA,NA,NA
"SB",57,NA,20220630,"SB-57-3G 20220630",NA,NA,NA,NA
"SB",57,NA,20220630,"SB-57-4G 20220630",NA,NA,NA,NA
"SB",57,NA,20220630,"SB-57-6G 20220630",NA,NA,NA,NA
"SB",57,NA,20220630,"SB-57-7G 20220630",NA,NA,NA,NA
"SB",57,NA,20220630,"SB-57-9G 20220630",NA,NA,NA,NA
"SB",57,NA,20220630,"SB-57-10G 20220630",NA,NA,NA,NA
"SB",57,NA,20220630,"SB-57-12G 20220630",NA,NA,NA,NA
"SB",57,NA,20220630,"SB-57-13G 20220630",NA,NA,NA,NA
"SB",57,NA,20220630,"SB-57-15G 20220630",NA,NA,NA,NA
"SB",57,NA,20220630,"SB-57-16G 20220630",NA,NA,NA,NA
"SB",57,NA,20220630,"SB-57-18G 20220630",NA,NA,NA,NA
"SB",46,1,20220909,"SB-46-01-20220909",NA,NA,NA,NA
"SB",46,2,20220909,"SB-46-02-20220909",NA,NA,NA,NA
"SB",46,3,20220909,"SB-46-03-20220909",NA,NA,NA,NA
"SB",46,4,20220909,"SB-46-04-20220909",NA,NA,NA,NA
"SB",46,5,20220909,"SB-46-05-20220909",NA,NA,NA,NA
"SB",46,6,20220909,"SB-46-06-20220909",NA,NA,NA,NA
"SB",46,7,20220909,"SB-46-07-20220909",NA,NA,NA,NA
"SB",46,8,20220909,"SB-46-08-20220909",NA,NA,NA,NA
"SB",46,9,20220909,"SB-46-09-20220909",NA,NA,NA,NA
"SB",46,10,20220909,"SB-46-10-20220909",NA,NA,NA,NA
"SB",46,11,20220909,"SB-46-11-20220909",NA,NA,NA,NA
"SB",46,12,20220909,"SB-46-12-20220909",NA,NA,NA,NA
"SB",42,1,20220927,"SB-42-1-20220927",NA,NA,NA,NA
"SB",42,2,20220927,"SB-42-2-20220928",NA,NA,NA,NA
"SB",42,3,20220927,"SB-42-3-20220930",NA,NA,NA,NA
"SB",42,4,20220927,"SB-42-4-20220931",NA,NA,NA,NA
"SB",42,5,20220927,"SB-42-5-20220932",NA,NA,NA,NA
"SB",42,6,20220927,"SB-42-6-20220933",NA,NA,NA,NA
"SB",42,7,20220927,"SB-42-7-20220934",NA,NA,NA,NA
"SB",42,8,20220927,"SB-42-8-20220935",NA,NA,NA,NA
"SB",42,9,20220927,"SB-42-9-20220936",NA,NA,NA,NA
"SB",42,10,20220927,"SB-42-10-20220936",NA,NA,NA,NA
"SB",42,11,20220927,"SB-42-11-20220937",NA,NA,NA,NA
"SB",42,12,20220927,"SB-42-12-20220938",NA,NA,NA,NA
"SB",55,1,20220914,"SB-55-1-20220914",NA,NA,NA,NA
"SB",55,2,20220914,"SB-55-2-20220914",NA,NA,NA,NA
"SB",55,3,20220914,"SB-55-3-20220914",NA,NA,NA,NA
"SB",55,4,20220914,"SB-55-4-20220914",NA,NA,NA,NA
"SB",55,5,20220914,"SB-55-5-20220914",NA,NA,NA,NA
"SB",55,6,20220914,"SB-55-6-20220914",NA,NA,NA,NA
"SB",55,7,20220914,"SB-55-7-20220914",NA,NA,NA,NA
"SB",55,8,20220914,"SB-55-8-20220914",NA,NA,NA,NA
"SB",55,9,20220914,"SB-55-9-20220914",NA,NA,NA,NA
"SB",55,10,20220914,"SB-55-10-20220914",NA,NA,NA,NA
"SB",55,11,20220914,"SB-55-11-20220914",NA,NA,NA,NA
"SB",55,12,20220914,"SB-55-12-20220914",NA,NA,NA,NA
"SB",27,1,20210816,"SB-27-1-20210816",NA,NA,NA,NA
"SB",27,2,20210816,"SB-27-2-20210816",NA,NA,NA,NA
"SB",27,3,20210816,"SB-27-3-20210816",NA,NA,NA,NA
"SB",27,4,20210816,"SB-27-4-20210816",NA,NA,NA,NA
"SB",27,5,20210816,"SB-27-5-20210816",NA,NA,NA,NA
"SB",27,6,20210816,"SB-27-6-20210816",NA,NA,NA,NA
"SB",27,7,20210816,"SB-27-7-20210816",NA,NA,NA,NA
"SB",27,8,20210816,"SB-27-8-20210816",NA,NA,NA,NA
"SB",27,9,20210816,"SB-27-9-20210816",NA,NA,NA,NA
"SB",27,10,20210816,"SB-27-10-20210816",NA,NA,NA,NA
"SB",27,11,20210816,"SB-27-11-20210816",NA,NA,NA,NA
"SB",27,12,20210816,"SB-27-12-20210816",NA,NA,NA,NA
"SB",55,1,20210909,"SB-55-1-20210909",NA,NA,NA,NA
"SB",55,2,20210909,"SB-55-2-20210909",NA,NA,NA,NA
"SB",55,3,20210909,"SB-55-3-20210909",NA,NA,NA,NA
"SB",55,4,20210909,"SB-55-4-20210909",NA,NA,NA,NA
"SB",55,5,20210909,"SB-55-5-20210909",NA,NA,NA,NA
"SB",55,6,20210909,"SB-55-6-20210909",NA,NA,NA,NA
"SB",55,7,20210909,"SB-55-7-20210909",NA,NA,NA,NA
"SB",55,8,20210909,"SB-55-8-20210909",NA,NA,NA,NA
"SB",55,9,20210909,"SB-55-9-20210909",NA,NA,NA,NA
"SB",55,10,20210909,"SB-55-10-20210909",NA,NA,NA,NA
"SB",55,11,20210909,"SB-55-11-20210909",NA,NA,NA,NA
"SB",55,12,20210909,"SB-55-12-20210909",NA,NA,NA,NA
"SB",45,1,20211006,"SB-45-1-20211006",NA,NA,NA,NA
"SB",45,2,20211006,"SB-45-2-20211006",NA,NA,NA,NA
"SB",45,3,20211006,"SB-45-3-20211006",NA,NA,NA,NA
"SB",45,4,20211006,"SB-45-4-20211006",NA,NA,NA,NA
"SB",45,5,20211006,"SB-45-5-20211006",NA,NA,NA,NA
"SB",45,6,20211006,"SB-45-6-20211006",NA,NA,NA,NA
"SB",45,7,20211006,"SB-45-7-20211006",NA,NA,NA,NA
"SB",45,8,20211006,"SB-45-8-20211006",NA,NA,NA,NA
"SB",45,9,20211006,"SB-45-9-20211006",NA,NA,NA,NA
"SB",45,10,20211006,"SB-45-10-20211006",NA,NA,NA,NA
"SB",45,11,20211006,"SB-45-11-20211006",NA,NA,NA,NA
"SB",45,12,20211006,"SB-45-12-20211006",NA,NA,NA,NA
"SB",57,1,20210721,"SB-57-1G 20210721",NA,NA,NA,NA
"SB",57,2,20210721,"SB-57-3G 20210721",NA,NA,NA,NA
"SB",57,3,20210721,"SB-57-4G 20210721",NA,NA,NA,NA
"SB",57,4,20210721,"SB-57-6G 20210721",NA,NA,NA,NA
"SB",57,5,20210721,"SB-57-7G 20210721",NA,NA,NA,NA
"SB",57,6,20210721,"SB-57-9G 20210721",NA,NA,NA,NA
"SB",57,7,20210721,"SB-57-10G 20210721",NA,NA,NA,NA
"SB",57,8,20210721,"SB-57-12G 20210721",NA,NA,NA,NA
"SB",57,9,20210721,"SB-57-13G 20210721",NA,NA,NA,NA
"SB",57,10,20210721,"SB-57-15G 20210721",NA,NA,NA,NA
"SB",57,11,20210721,"SB-57-16G 20210721",NA,NA,NA,NA
"SB",57,12,20210721,"SB-57-18G 20210721",NA,NA,NA,NA
"SB",46,1,20210825,"SB-46-01-20210825",NA,NA,NA,NA
"SB",46,2,20210825,"SB-46-02-20210825",NA,NA,NA,NA
"SB",46,3,20210825,"SB-46-03-20210825",NA,NA,NA,NA
"SB",46,4,20210825,"SB-46-04-20210825",NA,NA,NA,NA
"SB",46,5,20210825,"SB-46-05-20210825",NA,NA,NA,NA
"SB",46,6,20210825,"SB-46-06-20210825",NA,NA,NA,NA
"SB",46,7,20210825,"SB-46-07-20210825",NA,NA,NA,NA
"SB",46,8,20210825,"SB-46-08-20210825",NA,NA,NA,NA
"SB",46,9,20210825,"SB-46-09-20210825",NA,NA,NA,NA
"SB",46,10,20210825,"SB-46-10-20210825",NA,NA,NA,NA
"SB",46,11,20210825,"SB-46-11-20210825",NA,NA,NA,NA
"SB",46,12,20210825,"SB-46-12-20210825",NA,NA,NA,NA
"SB",1,1,20200619,"SB-01-01-20200619",NA,NA,NA,NA
"SB",1,2,20200619,"SB-01-02-20200619",NA,NA,NA,NA
"SB",1,3,20200619,"SB-01-03-20200619",NA,NA,NA,NA
"SB",1,4,20200619,"SB-01-04-20200619",NA,NA,NA,NA
"SB",1,5,20200619,"SB-01-05-20200619",NA,NA,NA,NA
"SB",1,6,20200619,"SB-01-06-20200619",NA,NA,NA,NA
"SB",1,7,20200619,"SB-01-07-20200619",NA,NA,NA,NA
"SB",1,8,20200619,"SB-01-08-20200619",NA,NA,NA,NA
"SB",1,9,20200619,"SB-01-09-20200619",NA,NA,NA,NA
"SB",1,10,20200619,"SB-01-10-20200619",NA,NA,NA,NA
"SB",1,11,20200619,"SB-01-11-20200619",NA,NA,NA,NA
"SB",1,12,20200619,"SB-01-12-20200619",NA,NA,NA,NA
"SB",6,2,20200721,"SB-06-02-20200721",NA,NA,NA,NA
"SB",6,3,20200721,"SB-06-03-20200721",NA,NA,NA,NA
"SB",6,5,20200721,"SB-06-05-20200721",NA,NA,NA,NA
"SB",6,6,20200721,"SB-06-06-20200721",NA,NA,NA,NA
"SB",6,7,20200721,"SB-06-07-20200721",NA,NA,NA,NA
"SB",6,8,20200721,"SB-06-08-20200721",NA,NA,NA,NA
"SB",6,9,20200721,"SB-06-09-20200721",NA,NA,NA,NA
"SB",6,10,20200721,"SB-06-10-20200721",NA,NA,NA,NA
"SB",6,11,20200721,"SB-06-11-20200721",NA,NA,NA,NA
"SB",6,12,20200721,"SB-06-12-20200721",NA,NA,NA,NA
"SB",27,1,20200809,"SB-27-1-20200809",NA,NA,NA,NA
"SB",27,2,20200809,"SB-27-2-20200809",NA,NA,NA,NA
"SB",27,3,20200809,"SB-27-3-20200809",NA,NA,NA,NA
"SB",27,4,20200809,"SB-27-4-20200809",NA,NA,NA,NA
"SB",27,5,20200809,"SB-27-5-20200809",NA,NA,NA,NA
"SB",27,6,20200809,"SB-27-6-20200809",NA,NA,NA,NA
"SB",27,7,20200809,"SB-27-7-20200809",NA,NA,NA,NA
"SB",27,8,20200809,"SB-27-8-20200809",NA,NA,NA,NA
"SB",27,9,20200809,"SB-27-9-20200809",NA,NA,NA,NA
"SB",27,10,20200809,"SB-27-10-20200809",NA,NA,NA,NA
"SB",27,11,20200809,"SB-27-11-20200809",NA,NA,NA,NA
"SB",27,12,20200809,"SB-27-12-20200809",NA,NA,NA,NA
"SB",28,1,20200814,"SB-28-01-20200814",NA,NA,NA,NA
"SB",28,2,20200814,"SB-28-02-20200814",NA,NA,NA,NA
"SB",28,3,20200814,"SB-28-03-20200814",NA,NA,NA,NA
"SB",28,4,20200814,"SB-28-04-20200814",NA,NA,NA,NA
"SB",28,5,20200814,"SB-28-05-20200814",NA,NA,NA,NA
"SB",28,6,20200814,"SB-28-06-20200814",NA,NA,NA,NA
"SB",28,7,20200814,"SB-28-07-20200814",NA,NA,NA,NA
"SB",28,8,20200814,"SB-28-08-20200814",NA,NA,NA,NA
"SB",28,9,20200814,"SB-28-09-20200814",NA,NA,NA,NA
"SB",28,10,20200814,"SB-28-10-20200814",NA,NA,NA,NA
"SB",28,11,20200814,"SB-28-11-20200814",NA,NA,NA,NA
"SB",28,12,20200814,"SB-28-12-20200814",NA,NA,NA,NA
"SB",28,13,20200814,"SB-28-13-20200814",NA,NA,NA,NA
"SB",28,14,20200814,"SB-28-14-20200814",NA,NA,NA,NA
"SB",28,15,20200814,"SB-28-15-20200814",NA,NA,NA,NA
"SB",28,16,20200814,"SB-28-16-20200814",NA,NA,NA,NA
"SB",28,17,20200814,"SB-28-17-20200814",NA,NA,NA,NA
"SB",28,18,20200814,"SB-28-18-20200814",NA,NA,NA,NA
"SB",43,1,20200518,"SB-43-1-20200518",NA,NA,NA,NA
"SB",43,2,20200518,"SB-43-2-20200518",NA,NA,NA,NA
"SB",43,3,20200518,"SB-43-3-20200518",NA,NA,NA,NA
"SB",43,4,20200518,"SB-43-4-20200518",NA,NA,NA,NA
"SB",43,5,20200518,"SB-43-5-20200518",NA,NA,NA,NA
"SB",43,6,20200518,"SB-43-6-20200518",NA,NA,NA,NA
"SB",43,7,20200518,"SB-43-7-20200518",NA,NA,NA,NA
"SB",43,8,20200518,"SB-43-8-20200518",NA,NA,NA,NA
"SB",43,9,20200518,"SB-43-9-20200518",NA,NA,NA,NA
"SB",43,10,20200518,"SB-43-10-20200518",NA,NA,NA,NA
"SB",43,11,20200518,"SB-43-11-20200518",NA,NA,NA,NA
"SB",43,12,20200518,"SB-43-12-20200518",NA,NA,NA,NA
"SB",46,1,20200904,"SB-46-1-20200904",NA,NA,NA,NA
"SB",46,2,20200904,"SB-46-2-20200904",NA,NA,NA,NA
"SB",46,3,20200904,"SB-46-3-20200904",NA,NA,NA,NA
"SB",46,4,20200904,"SB-46-4-20200904",NA,NA,NA,NA
"SB",46,5,20200904,"SB-46-5-20200904",NA,NA,NA,NA
"SB",46,6,20200904,"SB-46-6-20200904",NA,NA,NA,NA
"SB",46,7,20200904,"SB-46-7-20200904",NA,NA,NA,NA
"SB",46,8,20200904,"SB-46-8-20200904",NA,NA,NA,NA
"SB",46,9,20200904,"SB-46-9-20200904",NA,NA,NA,NA
"SB",46,10,20200904,"SB-46-10-20200904",NA,NA,NA,NA
"SB",46,11,20200904,"SB-46-11-20200904",NA,NA,NA,NA
"SB",46,12,20200904,"SB-46-12-20200904",NA,NA,NA,NA
"SB",55,1,20200811,"SB-55-1_20200811",NA,NA,NA,NA
"SB",55,2,20200811,"SB-55-2_20200811",NA,NA,NA,NA
"SB",55,3,20200811,"SB-55-3_20200811",NA,NA,NA,NA
"SB",55,4,20200811,"SB-55-4_20200811",NA,NA,NA,NA
"SB",55,5,20200811,"SB-55-5_20200811",NA,NA,NA,NA
"SB",55,6,20200811,"SB-55-6_20200811",NA,NA,NA,NA
"SB",55,7,20200811,"SB-55-7_20200811",NA,NA,NA,NA
"SB",55,8,20200811,"SB-55-8_20200811",NA,NA,NA,NA
"SB",55,9,20200811,"SB-55-9_20200811",NA,NA,NA,NA
"SB",55,10,20200811,"SB-55-10_20200811",NA,NA,NA,NA
"SB",55,11,20200811,"SB-55-11_20200811",NA,NA,NA,NA
"SB",55,12,20200811,"SB-55-12_20200811",NA,NA,NA,NA
"SB",45,1,20200914,"SB-45-I-20200914",NA,NA,NA,NA
"SB",45,2,20200914,"SB-45-II-20200914",NA,NA,NA,NA
"SB",45,3,20200914,"SB-45-III-20200914",NA,NA,NA,NA
"SB",45,4,20200914,"SB-45-IV-20200914",NA,NA,NA,NA
"SB",45,5,20200914,"SB-45-V-20200914",NA,NA,NA,NA
"SB",45,6,20200914,"SB-45-VI-20200914",NA,NA,NA,NA
"SB",45,7,20200914,"SB-45-VII-20200914",NA,NA,NA,NA
"SB",45,8,20200914,"SB-45-VIII-20200914",NA,NA,NA,NA
"SB",45,9,20200914,"SB-45-IX-20200914",NA,NA,NA,NA
"SB",45,10,20200914,"SB-45-X-20200914",NA,NA,NA,NA
"SB",45,11,20200914,"SB-45-XI-20200914",NA,NA,NA,NA
"SB",45,12,20200914,"SB-45-XII-20200914",NA,NA,NA,NA
"SB",57,NA,20200527,"FH-57-1G 20200527",NA,NA,NA,NA
"SB",57,NA,20200527,"FH-57-3G 20200527",NA,NA,NA,NA
"SB",57,NA,20200527,"FH-57-4G 20200527",NA,NA,NA,NA
"SB",57,NA,20200527,"FH-57-6G 20200527",NA,NA,NA,NA
"SB",57,NA,20200527,"FH-57-7G 20200527",NA,NA,NA,NA
"SB",57,NA,20200527,"FH-57-9G 20200527",NA,NA,NA,NA
"SB",57,NA,20200527,"FH-57-10G 20200527",NA,NA,NA,NA
"SB",57,NA,20200527,"FH-57-12G 20200527",NA,NA,NA,NA
"SB",57,NA,20200527,"FH-57-13G 20200527",NA,NA,NA,NA
"SB",57,NA,20200527,"FH-57-15G 20200527",NA,NA,NA,NA
"SB",57,NA,20200527,"FH-57-16G 20200527",NA,NA,NA,NA
"SB",57,NA,20200527,"FH-57-18G 20200527",NA,NA,NA,NA
"SB",53,1,20200924,"SB-53-01-20200924",NA,NA,NA,NA
"SB",53,2,20200924,"SB-53-02-20200924",NA,NA,NA,NA
"SB",53,3,20200924,"SB-53-03-20200924",NA,NA,NA,NA
"SB",53,4,20200924,"SB-53-04-20200924",NA,NA,NA,NA
"SB",53,5,20200924,"SB-53-05-20200924",NA,NA,NA,NA
"SB",53,6,20200924,"SB-53-06-20200924",NA,NA,NA,NA
"SB",53,7,20200924,"SB-53-07-20200924",NA,NA,NA,NA
"SB",53,8,20200924,"SB-53-08-20200924",NA,NA,NA,NA
"SB",53,9,20200924,"SB-53-09-20200924",NA,NA,NA,NA
"SB",53,10,20200924,"SB-53-10-20200924",NA,NA,NA,NA
"SB",53,11,20200924,"SB-53-11-20200924",NA,NA,NA,NA
"SB",53,12,20200924,"SB-53-12-20200924",NA,NA,NA,NA
"SB",42,1,20200918,"SB-42-1-202000918",NA,NA,NA,NA
"SB",42,2,20200918,"SB-42-2-202000918",NA,NA,NA,NA
"SB",42,3,20200918,"SB-42-3-202000918",NA,NA,NA,NA
"SB",42,4,20200918,"SB-42-4-202000918",NA,NA,NA,NA
"SB",42,5,20200918,"SB-42-5-202000918",NA,NA,NA,NA
"SB",42,6,20200918,"SB-42-6-202000918",NA,NA,NA,NA
"SB",42,7,20200918,"SB-42-7-202000918",NA,NA,NA,NA
"SB",42,8,20200918,"SB-42-8-202000918",NA,NA,NA,NA
"SB",42,9,20200918,"SB-42-9-202000918",NA,NA,NA,NA
"SB",42,10,20200918,"SB-42-10-202000918",NA,NA,NA,NA
"SB",42,11,20200918,"SB-42-11-202000918",NA,NA,NA,NA
"SB",42,12,20200918,"SB-42-12-202000918",NA,NA,NA,NA
"SB",52,1,20200403,"SB-52-01-20200403",NA,"I do not know the date of soil sampling any more, please check the sample labels",NA,NA
"SB",52,2,20200403,"SB-52-02-20200403",NA,"I do not know the date of soil sampling any more, please check the sample labels",NA,NA
"SB",52,3,20200403,"SB-52-03-20200403",NA,"I do not know the date of soil sampling any more, please check the sample labels",NA,NA
"SB",52,4,20200403,"SB-52-04-20200403",NA,"I do not know the date of soil sampling any more, please check the sample labels",NA,NA
"SB",52,5,20200403,"SB-52-05-20200403",NA,"I do not know the date of soil sampling any more, please check the sample labels",NA,NA
"SB",52,6,20200403,"SB-52-06-20200403",NA,"I do not know the date of soil sampling any more, please check the sample labels",NA,NA
"SB",52,7,20200403,"SB-52-07-20200403",NA,"I do not know the date of soil sampling any more, please check the sample labels",NA,NA
"SB",52,8,20200403,"SB-52-08-20200403",NA,"I do not know the date of soil sampling any more, please check the sample labels",NA,NA
"SB",52,9,20200403,"SB-52-09-20200403",NA,"I do not know the date of soil sampling any more, please check the sample labels",NA,NA
"SB",52,10,20200403,"SB-52-10-20200403",NA,"I do not know the date of soil sampling any more, please check the sample labels",NA,NA
"SB",52,11,20200403,"SB-52-11-20200403",NA,"I do not know the date of soil sampling any more, please check the sample labels",NA,NA
"SB",52,12,20200403,"SB-52-12-20200403",NA,"I do not know the date of soil sampling any more, please check the sample labels",NA,NA
"SB",2,1,20190904,"SB-02-01-20190904",NA,NA,NA,NA
"SB",2,3,20190904,"SB-02-03-20190904",NA,NA,NA,NA
"SB",2,4,20190904,"SB-02-04-20190904",NA,NA,NA,NA
"SB",2,5,20190904,"SB-02-05-20190904",NA,NA,NA,NA
"SB",2,6,20190904,"SB-02-06-20190904",NA,NA,NA,NA
"SB",2,7,20190904,"SB-02-07-20190904",NA,NA,NA,NA
"SB",2,8,20190904,"SB-02-08-20190904",NA,NA,NA,NA
"SB",2,9,20190904,"SB-02-09-20190904",NA,NA,NA,NA
"SB",2,10,20190904,"SB-02-10-20190904",NA,NA,NA,NA
"SB",2,11,20190904,"SB-02-11-20190904",NA,NA,NA,NA
"SB",2,12,20190904,"SB-02-12-20190904",NA,NA,NA,NA
"SB",2,13,20190904,"SB-02-13-20190904",NA,NA,NA,NA
"SB",2,14,20190904,"SB-02-14-20190904",NA,NA,NA,NA
"SB",2,15,20190904,"SB-02-15-20190904",NA,NA,NA,NA
"SB",2,16,20190904,"SB-02-16-20190904",NA,NA,NA,NA
"SB",2,17,20190904,"SB-02-17-20190904",NA,NA,NA,NA
"SB",2,18,20190904,"SB-02-18-20190904",NA,NA,NA,NA
"SB",4,1,20190619,"SB-4-1-201900619","NA","Soil samples, second season.",NA,NA
"SB",4,2,20190619,"SB-4-2-201900619","NA","Soil samples, second season.",NA,NA
"SB",4,3,20190619,"SB-4-3-201900619","NA","Soil samples, second season.",NA,NA
"SB",4,4,20190619,"SB-4-4-201900619","NA","Soil samples, second season.",NA,NA
"SB",4,5,20190619,"SB-4-5-201900619","NA","Soil samples, second season.",NA,NA
"SB",4,6,20190619,"SB-4-6-201900619","NA","Soil samples, second season.",NA,NA
"SB",4,7,20190619,"SB-4-7-201900619","NA","Soil samples, second season.",NA,NA
"SB",4,8,20190619,"SB-4-8-201900619","NA","Soil samples, second season.",NA,NA
"SB",4,9,20190619,"SB-4-9-201900619","NA","Soil samples, second season.",NA,NA
"SB",4,10,20190619,"SB-4-10-201900619","NA","Soil samples, second season.",NA,NA
"SB",4,11,20190619,"SB-4-11-201900619","NA","Soil samples, second season.",NA,NA
"SB",4,12,20190619,"SB-4-12-201900619","NA","Soil samples, second season.",NA,NA
"SB",5,1,20190618,"SB-05-01-20190618",NA,NA,NA,NA
"SB",5,2,20190618,"SB-05-02-20190618",NA,NA,NA,NA
"SB",5,3,20190618,"SB-05-03-20190618",NA,NA,NA,NA
"SB",5,4,20190618,"SB-05-03-20190618",NA,NA,NA,NA
"SB",5,5,20190618,"SB-05-04-20190618",NA,NA,NA,NA
"SB",5,6,20190618,"SB-05-05-20190618",NA,NA,NA,NA
"SB",5,7,20190618,"SB-05-06-20190618",NA,NA,NA,NA
"SB",5,8,20190618,"SB-05-07-20190618",NA,NA,NA,NA
"SB",5,9,20190618,"SB-05-08-20190618",NA,NA,NA,NA
"SB",5,10,20190618,"SB-05-09-20190618",NA,NA,NA,NA
"SB",5,11,20190618,"SB-05-10-20190618",NA,NA,NA,NA
"SB",5,12,20190618,"SB-05-01-20190618",NA,NA,NA,NA
"SB",6,1,20190708,"-","-","Tray lost due to unknown reasons, reported by email",NA,NA
"SB",6,2,20190708,"SB-6-2-20190708","NA",NA,NA,NA
"SB",6,3,20190708,"SB-6-3-20190708","NA",NA,NA,NA
"SB",6,4,20190708,"-","-","Tray lost due to unknown reasons, reported by email",NA,NA
"SB",6,5,20190708,"SB-6-5-20190708","NA",NA,NA,NA
"SB",6,6,20190708,"SB-6-6-20190708","NA",NA,NA,NA
"SB",6,7,20190708,"SB-6-7-20190708","NA",NA,NA,NA
"SB",6,8,20190708,"SB-6-8-20190708","NA",NA,NA,NA
"SB",6,9,20190708,"SB-6-9-20190708","NA",NA,NA,NA
"SB",6,10,20190708,"SB-6-10-20190708","NA",NA,NA,NA
"SB",6,11,20190708,"SB-6-11-20190708","NA",NA,NA,NA
"SB",6,12,20190708,"SB-6-12-20190708","NA",NA,NA,NA
"SB",9,1,20190701,"SB_9_1_20190701","NA",NA,NA,NA
"SB",9,2,20190701,"SB_9_2_20190701","NA",NA,NA,NA
"SB",9,3,20190701,"SB_9_3_20190701","NA",NA,NA,NA
"SB",9,4,20190701,"SB_9_4_20190701","NA",NA,NA,NA
"SB",9,5,20190701,"SB_9_5_20190701","NA",NA,NA,NA
"SB",9,6,20190701,"SB_9_6_20190701","NA",NA,NA,NA
"SB",9,7,20190701,"SB_9_7_20190701","NA",NA,NA,NA
"SB",9,8,20190701,"SB_9_8_20190701","NA",NA,NA,NA
"SB",9,9,20190701,"SB_9_9_20190701","NA",NA,NA,NA
"SB",9,10,20190701,"SB_9_10_20190701","NA",NA,NA,NA
"SB",9,11,20190701,"SB_9_11_20190701","NA",NA,NA,NA
"SB",9,12,20190701,"SB_9_12_20190701","NA",NA,NA,NA
"SB",25,1,20190920,"SB-25-1-20190920",NA,"Tray had some new seedlings emerging, some with few flowers or close to flowering",NA,NA
"SB",25,2,20190920,"SB-25-2-20190920",NA,"Tray had some new seedlings emerging, some with few flowers or close to flowering",NA,NA
"SB",25,3,20190920,"SB-25-3-20190921",NA,"Tray had some new seedlings emerging, some with few flowers or close to flowering",NA,NA
"SB",25,4,20190920,"SB-25-4-20190921",NA,"Tray had some new seedlings emerging, some with few flowers or close to flowering",NA,NA
"SB",25,5,20190920,"SB-25-5-20190922",NA,"Tray had some new seedlings emerging, some with few flowers or close to flowering",NA,NA
"SB",25,6,20190920,"SB-25-6-20190922",NA,"Tray had some new seedlings emerging, some with few flowers or close to flowering",NA,NA
"SB",25,7,20190920,"SB-25-7-20190923",NA,"Tray had some new seedlings emerging, some with few flowers or close to flowering",NA,NA
"SB",25,8,20190920,"SB-25-8-20190923",NA,"Tray had some new seedlings emerging, some with few flowers or close to flowering",NA,NA
"SB",25,9,20190920,"SB-25-9-20190924",NA,"Tray had some new seedlings emerging, some with few flowers or close to flowering",NA,NA
"SB",25,10,20190920,"SB-25-10-20190924",NA,"Tray had some new seedlings emerging, some with few flowers or close to flowering",NA,NA
"SB",25,11,20190920,"SB-25-11-20190925",NA,"Tray had some new seedlings emerging, some with few flowers or close to flowering",NA,NA
"SB",25,12,20190920,"SB-25-12-20190925",NA,"Tray had some new seedlings emerging, some with few flowers or close to flowering",NA,NA
"SB",27,1,20190820,"SB-27-1-20190820",NA,NA,NA,NA
"SB",27,2,20190820,"SB-27-2-20190820",NA,NA,NA,NA
"SB",27,3,20190820,"SB-27-3-20190820",NA,NA,NA,NA
"SB",27,4,20190820,"SB-27-4-20190820",NA,NA,NA,NA
"SB",27,5,20190820,"SB-27-5-20190820",NA,NA,NA,NA
"SB",27,6,20190820,"SB-27-6-20190820",NA,NA,NA,NA
"SB",27,7,20190820,"SB-27-7-20190820",NA,NA,NA,NA
"SB",27,8,20190820,"SB-27-8-20190820",NA,NA,NA,NA
"SB",27,9,20190820,"SB-27-9-20190820",NA,NA,NA,NA
"SB",27,10,20190820,"SB-27-10-20190820",NA,NA,NA,NA
"SB",27,11,20190820,"SB-27-11-20190820",NA,NA,NA,NA
"SB",27,12,20190820,"SB-27-12-20190820",NA,NA,NA,NA
"SB",28,1,20190712,"SB-28-1-20190712","NA","Soil samples, second season.",NA,NA
"SB",28,2,20190712,"SB-28-2-20190712","NA","Soil samples, second season.",NA,NA
"SB",28,3,20190712,"SB-28-3-20190712","NA","Soil samples, second season.",NA,NA
"SB",28,4,20190712,"SB-28-4-20190712","NA","Soil samples, second season.",NA,NA
"SB",28,5,20190712,"SB-28-5-20190712","NA","Soil samples, second season.",NA,NA
"SB",28,6,20190712,"SB-28-6-20190712","NA","Soil samples, second season.",NA,NA
"SB",28,7,20190712,"SB-28-7-20190712","NA","Soil samples, second season.",NA,NA
"SB",28,8,20190712,"SB-28-8-20190712","NA","Soil samples, second season.",NA,NA
"SB",28,9,20190712,"SB-28-9-20190712","NA","Soil samples, second season.",NA,NA
"SB",28,10,20190712,"SB-28-10-20190712","NA","Soil samples, second season.",NA,NA
"SB",28,11,20190712,"SB-28-11-20190712","NA","Soil samples, second season.",NA,NA
"SB",28,12,20190712,"SB-28-12-20190712","NA","Soil samples, second season.",NA,NA
"SB",28,13,20190712,"SB-28-13-20190712","NA","Soil samples, second season.",NA,NA
"SB",28,14,20190712,"SB-28-14-20190712","NA","Soil samples, second season.",NA,NA
"SB",28,15,20190712,"SB-28-15-20190712","NA","Soil samples, second season.",NA,NA
"SB",28,16,20190712,"SB-28-16-20190712","NA","Soil samples, second season.",NA,NA
"SB",28,17,20190712,"SB-28-17-20190712","NA","Soil samples, second season.",NA,NA
"SB",28,18,20190712,"SB-28-18-20190712","NA","Soil samples, second season.",NA,NA
"SB",42,1,20190923,"SB-42-1-20190923",NA,NA,NA,NA
"SB",42,2,20190923,"SB-42-2-20190923",NA,NA,NA,NA
"SB",42,3,20190923,"SB-42-3-20190923",NA,NA,NA,NA
"SB",42,4,20190923,"SB-42-4-20190923",NA,NA,NA,NA
"SB",42,5,20190923,"SB-42-5-20190923",NA,NA,NA,NA
"SB",42,6,20190923,"SB-42-6-20190923",NA,NA,NA,NA
"SB",42,7,20190923,"SB-42-7-20190923",NA,NA,NA,NA
"SB",42,8,20190923,"SB-42-8-20190923",NA,NA,NA,NA
"SB",42,9,20190923,"SB-42-9-20190923",NA,NA,NA,NA
"SB",42,10,20190923,"SB-42-10-20190923",NA,NA,NA,NA
"SB",42,11,20190923,"SB-42-11-20190923",NA,NA,NA,NA
"SB",42,12,20190923,"SB-42-12-20190923",NA,NA,NA,NA
"SB",45,1,20190719,"SB-45-I-20190719",NA,NA,NA,NA
"SB",45,2,20190719,"SB-45-II-20190719",NA,NA,NA,NA
"SB",45,3,20190719,"SB-45-III-20190719",NA,NA,NA,NA
"SB",45,4,20190719,"SB-45-IV-20190719",NA,NA,NA,NA
"SB",45,5,20190719,"SB-45-V-20190719",NA,NA,NA,NA
"SB",45,6,20190719,"SB-45-VI-20190719",NA,NA,NA,NA
"SB",45,7,20190719,"SB-45-VII-20190719",NA,NA,NA,NA
"SB",45,8,20190719,"SB-45-VIII-20190719",NA,NA,NA,NA
"SB",45,9,20190719,"SB-45-IX-20190719",NA,NA,NA,NA
"SB",45,10,20190719,"SB-45-X-20190719",NA,NA,NA,NA
"SB",45,11,20190719,"SB-45-XI-20190719",NA,NA,NA,NA
"SB",45,12,20190719,"SB-45-XII-20190719",NA,NA,NA,NA
"SB",46,1,20190903,"SB-46-1-20190903",NA,NA,NA,NA
"SB",46,2,20190903,"SB-46-2-20190903",NA,NA,NA,NA
"SB",46,3,20190903,"SB-46-3-20190904",NA,NA,NA,NA
"SB",46,4,20190903,"SB-46-4-20190904",NA,NA,NA,NA
"SB",46,5,20190903,"SB-46-5-20190905",NA,NA,NA,NA
"SB",46,6,20190903,"SB-46-6-20190905",NA,NA,NA,NA
"SB",46,7,20190903,"SB-46-7-20190906",NA,NA,NA,NA
"SB",46,8,20190903,"SB-46-8-20190906",NA,NA,NA,NA
"SB",46,9,20190903,"SB-46-9-20190907",NA,NA,NA,NA
"SB",46,10,20190903,"SB-46-10-20190907",NA,NA,NA,NA
"SB",46,11,20190903,"SB-46-11-20190908",NA,NA,NA,NA
"SB",46,12,20190903,"SB-46-12-20190908",NA,NA,NA,NA
"SB",49,1,20190813,"SB-49-1-20190813","NA","9 subsamples of substrate, 2nd season",NA,NA
"SB",49,2,20190813,"SB-49-2-20190813","NA","9 subsamples of substrate, 2nd season",NA,NA
"SB",49,3,20190813,"SB-49-3-20190813","NA","9 subsamples of substrate, 2nd season",NA,NA
"SB",49,4,20190813,"SB-49-4-20190813","NA","9 subsamples of substrate, 2nd season",NA,NA
"SB",49,5,20190813,"SB-49-5-20190813","NA","9 subsamples of substrate, 2nd season",NA,NA
"SB",49,6,20190813,"SB-49-6-20190813","NA","9 subsamples of substrate, 2nd season",NA,NA
"SB",49,7,20190813,"SB-49-7-20190813","NA","9 subsamples of substrate, 2nd season",NA,NA
"SB",49,8,20190813,"SB-49-8-20190813","NA","9 subsamples of substrate, 2nd season",NA,NA
"SB",49,9,20190813,"SB-49-9-20190813","NA","9 subsamples of substrate, 2nd season",NA,NA
"SB",49,10,20190813,"SB-49-10-20190813","NA","9 subsamples of substrate, 2nd season",NA,NA
"SB",49,11,20190813,"SB-49-11-20190813","NA","9 subsamples of substrate, 2nd season",NA,NA
"SB",49,12,20190813,"SB-49-12-20190813","NA","9 subsamples of substrate, 2nd season",NA,NA
"SB",52,1,20190614,"SB-52_1_20190614",NA,NA,"samples sent to Niek: 26.6.2019",NA
"SB",52,2,20190614,"SB-52_2_20190614",NA,NA,"samples sent to Niek: 26.6.2019",NA
"SB",52,3,20190614,"SB-52_3_20190614",NA,NA,"samples sent to Niek: 26.6.2019",NA
"SB",52,4,20190614,"SB-52_4_20190614",NA,NA,"samples sent to Niek: 26.6.2019",NA
"SB",52,5,20190614,"SB-52_5_20190614",NA,NA,"samples sent to Niek: 26.6.2019",NA
"SB",52,6,20190614,"SB-52_6_20190614",NA,NA,"samples sent to Niek: 26.6.2019",NA
"SB",52,7,20190614,"SB-52_7_20190614",NA,NA,"samples sent to Niek: 26.6.2019",NA
"SB",52,8,20190614,"SB-52_8_20190614",NA,NA,"samples sent to Niek: 26.6.2019",NA
"SB",52,9,20190614,"SB-52_9_20190614",NA,NA,"samples sent to Niek: 26.6.2019",NA
"SB",52,10,20190614,"SB-52_10_20190614",NA,NA,"samples sent to Niek: 26.6.2019",NA
"SB",52,11,20190614,"SB-52_11_20190614",NA,NA,"samples sent to Niek: 26.6.2019",NA
"SB",52,12,20190614,"SB-52_12_20190614",NA,NA,"samples sent to Niek: 26.6.2019",NA
"SB",53,1,20190820,"SB-53-1-20190820",NA,NA,NA,NA
"SB",53,2,20190820,"SB-53-1-20190821",NA,NA,NA,NA
"SB",53,3,20190820,"SB-53-1-20190822",NA,NA,NA,NA
"SB",53,4,20190820,"SB-53-1-20190823",NA,NA,NA,NA
"SB",53,5,20190820,"SB-53-1-20190824",NA,NA,NA,NA
"SB",53,6,20190820,"SB-53-1-20190825",NA,NA,NA,NA
"SB",53,7,20190820,"SB-53-1-20190826",NA,NA,NA,NA
"SB",53,8,20190820,"SB-53-1-20190827",NA,NA,NA,NA
"SB",53,9,20190820,"SB-53-1-20190828",NA,NA,NA,NA
"SB",53,10,20190820,"SB-53-1-20190829",NA,NA,NA,NA
"SB",53,11,20190820,"SB-53-1-20190830",NA,NA,NA,NA
"SB",53,12,20190820,"SB-53-1-20190831",NA,NA,NA,NA
"SB",55,1,20190913,"SB-55-1-20190913",NA,NA,NA,NA
"SB",55,2,20190913,"SB-55-2-20190913",NA,NA,NA,NA
"SB",55,3,20190913,"SB-55-3-20190913",NA,NA,NA,NA
"SB",55,4,20190913,"SB-55-4-20190913",NA,NA,NA,NA
"SB",55,5,20190913,"SB-55-5-20190913",NA,NA,NA,NA
"SB",55,6,20190913,"SB-55-6-20190913",NA,NA,NA,NA
"SB",55,7,20190913,"SB-55-7-20190913",NA,NA,NA,NA
"SB",55,8,20190913,"SB-55-8-20190913",NA,NA,NA,NA
"SB",55,9,20190913,"SB-55-9-20190913",NA,NA,NA,NA
"SB",55,10,20190913,"SB-55-10-20190913",NA,NA,NA,NA
"SB",55,11,20190913,"SB-55-11-20190913",NA,NA,NA,NA
"SB",55,12,20190913,"SB-55-12-20190913",NA,NA,NA,NA
"SB",57,NA,20190620,"SB-57-1G 20190620",NA,"sent to Tubingen on June 24, 2019",NA,NA
"SB",57,NA,20190620,"SB-57-3G 20190620",NA,"sent to Tubingen on June 24, 2019",NA,NA
"SB",57,NA,20190620,"SB-57-4G 20190620",NA,"sent to Tubingen on June 24, 2019",NA,NA
"SB",57,NA,20190620,"SB-57-6G 20190620",NA,"sent to Tubingen on June 24, 2019",NA,NA
"SB",57,NA,20190620,"SB-57-7G 20190620",NA,"sent to Tubingen on June 24, 2019",NA,NA
"SB",57,NA,20190620,"SB-57-9G 20190620",NA,"sent to Tubingen on June 24, 2019",NA,NA
"SB",57,NA,20190620,"SB-57-10G 20190620",NA,"sent to Tubingen on June 24, 2019",NA,NA
"SB",57,NA,20190620,"SB-57-12G 20190620",NA,"sent to Tubingen on June 24, 2019",NA,NA
"SB",57,NA,20190620,"SB-57-13G 20190620",NA,"sent to Tubingen on June 24, 2019",NA,NA
"SB",57,NA,20190620,"SB-57-15G 20190620",NA,"sent to Tubingen on June 24, 2019",NA,NA
"SB",57,NA,20190620,"SB-57-16G 20190620",NA,"sent to Tubingen on June 24, 2019",NA,NA
"SB",57,NA,20190620,"SB-57-18G 20190620",NA,"sent to Tubingen on June 24, 2019",NA,NA
"SB",23,1,20191120,"SB-23-1-20191120",NA,"From plots with no (or very few, very tiny) plants",NA,NA
"SB",23,2,20191120,"SB-23-2-20191121",NA,"From plots with no (or very few, very tiny) plants",NA,NA
"SB",23,3,20191120,"SB-23-3-20191122",NA,"From plots with no (or very few, very tiny) plants",NA,NA
"SB",23,4,20191120,"SB-23-4-20191123",NA,"From plots with no (or very few, very tiny) plants",NA,NA
"SB",23,5,20191120,"SB-23-5-20191124",NA,"From plots with no (or very few, very tiny) plants",NA,NA
"SB",23,6,20191120,"SB-23-6-20191125",NA,"From plots with no (or very few, very tiny) plants",NA,NA
"SB",23,7,20191120,"SB-23-7-20191126",NA,"From plots with no (or very few, very tiny) plants",NA,NA
"SB",23,8,20191120,"SB-23-8-20191127",NA,"From plots with no (or very few, very tiny) plants",NA,NA
"SB",23,9,20191120,"SB-23-9-20191128",NA,"From plots with no (or very few, very tiny) plants",NA,NA
"SB",23,10,20191120,"SB-23-10-20191129",NA,"From plots with no (or very few, very tiny) plants",NA,NA
"SB",23,11,20191120,"SB-23-11-20191130",NA,"From plots with no (or very few, very tiny) plants",NA,NA
"SB",23,12,20191120,"SB-23-12-20191131",NA,"From plots with no (or very few, very tiny) plants",NA,NA
"SB",5,1,20180723,"SB-5-1-20180723",NA,NA,NA,NA
"SB",5,2,20180723,"SB-5-2-20180723",NA,NA,NA,NA
"SB",5,3,20180723,"SB-5-3-20180723",NA,NA,NA,NA
"SB",5,4,20180723,"SB-5-4-20180723",NA,NA,NA,NA
"SB",5,5,20180723,"SB-5-5-20180723",NA,NA,NA,NA
"SB",5,6,20180723,"SB-5-6-20180723",NA,NA,NA,NA
"SB",5,7,20180723,"SB-5-7-20180723",NA,NA,NA,NA
"SB",5,8,20180723,"SB-5-8-20180723",NA,NA,NA,NA
"SB",5,9,20180723,"SB-5-9-20180723",NA,NA,NA,NA
"SB",5,10,20180723,"SB-5-10-20180723",NA,NA,NA,NA
"SB",5,11,20180723,"SB-5-11-20180723",NA,NA,NA,NA
"SB",5,12,20180723,"SB-5-12-20180723",NA,NA,NA,NA
"SB",6,1,20181107,"SB-6-1-20181107","NA",NA,NA,NA
"SB",6,2,20181107,"SB-6-2-20181107","NA",NA,NA,NA
"SB",6,3,20181107,"SB-6-3-20181107","NA",NA,NA,NA
"SB",6,4,20181107,"SB-6-4-20181107","NA",NA,NA,NA
"SB",6,5,20181107,"SB-6-5-20181107","NA",NA,NA,NA
"SB",6,6,20181107,"SB-6-6-20181107","NA",NA,NA,NA
"SB",6,7,20181107,"SB-6-7-20181107","NA",NA,NA,NA
"SB",6,8,20181107,"SB-6-8-20181107","NA",NA,NA,NA
"SB",6,9,20181107,"SB-6-9-20181107","NA",NA,NA,NA
"SB",6,10,20181107,"SB-6-10-20181107","NA",NA,NA,NA
"SB",6,11,20181107,"SB-6-11-20181107","NA",NA,NA,NA
"SB",6,12,20181107,"SB-6-12-20181107","NA",NA,NA,NA
"SB",9,1,20180705,"SB_9_1_20180705","NA",NA,NA,NA
"SB",9,2,20180705,"SB_9_2_20180705","NA",NA,NA,NA
"SB",9,3,20180705,"SB_9_3_20180705","NA",NA,NA,NA
"SB",9,4,20180705,"SB_9_4_20180705","NA",NA,NA,NA
"SB",9,5,20180705,"SB_9_5_20180705","NA",NA,NA,NA
"SB",9,6,20180705,"SB_9_6_20180705","NA",NA,NA,NA
"SB",9,7,20180705,"SB_9_7_20180705","NA",NA,NA,NA
"SB",9,8,20180705,"SB_9_8_20180705","NA",NA,NA,NA
"SB",9,10,20180705,"SB_9_10_20180705","NA",NA,NA,NA
"SB",9,11,20180705,"SB_9_11_20180705","NA",NA,NA,NA
"SB",9,12,20180705,"SB_9_12_20180705","NA",NA,NA,NA
"SB",9,1,20190701,"SB_9_1_20190701","NA",NA,NA,NA
"SB",9,2,20190701,"SB_9_2_20190701","NA",NA,NA,NA
"SB",9,3,20190701,"SB_9_3_20190701","NA",NA,NA,NA
"SB",9,4,20190701,"SB_9_4_20190701","NA",NA,NA,NA
"SB",9,5,20190701,"SB_9_5_20190701","NA",NA,NA,NA
"SB",9,6,20190701,"SB_9_6_20190701","NA",NA,NA,NA
"SB",9,7,20190701,"SB_9_7_20190701","NA",NA,NA,NA
"SB",9,8,20190701,"SB_9_8_20190701","NA",NA,NA,NA
"SB",9,9,20190701,"SB_9_9_20190701","NA",NA,NA,NA
"SB",9,10,20190701,"SB_9_10_20190701","NA",NA,NA,NA
"SB",9,11,20190701,"SB_9_11_20190701","NA",NA,NA,NA
"SB",9,12,20190701,"SB_9_12_20190701","NA",NA,NA,NA
"SB",13,1,20180622,"SB-13-1-20181622","NA",NA,NA,NA
"SB",13,2,20180622,"SB-13-2-20181623","NA",NA,NA,NA
"SB",13,3,20180622,"SB-13-3-20181624","NA",NA,NA,NA
"SB",13,4,20180622,"SB-13-4-20181625","NA",NA,NA,NA
"SB",13,5,20180622,"SB-13-5-20181626","NA",NA,NA,NA
"SB",13,6,20180622,"SB-13-6-20181627","NA",NA,NA,NA
"SB",13,7,20180622,"SB-13-7-20181628","NA",NA,NA,NA
"SB",13,8,20180622,"SB-13-8-20181629","NA",NA,NA,NA
"SB",13,9,20180622,"SB-13-9-20181630","NA",NA,NA,NA
"SB",13,10,20180622,"SB-13-10-20181631","NA",NA,NA,NA
"SB",13,11,20180622,"SB-13-11-20181632","NA",NA,NA,NA
"SB",13,12,20180622,"SB-13-12-20181633","NA",NA,NA,NA
"SB",23,6,20180810,"SB-23-6-20180810",NA,NA,NA,NA
"SB",23,8,20180810,"SB-23-8-20180810",NA,NA,NA,NA
"SB",23,12,20180810,"SB-23-12-20180810",NA,NA,NA,NA
"SB",23,1,20180810,"SB-23-1-20180810",NA,NA,NA,NA
"SB",23,3,20180810,"SB-23-3-20180810",NA,NA,NA,NA
"SB",23,11,20180810,"SB-23-11-20180810",NA,NA,NA,NA
"SB",23,4,20180810,"SB-23-4-20180810",NA,NA,NA,NA
"SB",23,9,20180810,"SB-23-9-20180810",NA,NA,NA,NA
"SB",23,5,20180810,"SB-23-5-20180810",NA,NA,NA,NA
"SB",23,7,20180810,"SB-23-7-20180810",NA,NA,NA,NA
"SB",23,2,20180810,"SB-23-2-20180810",NA,NA,NA,NA
"SB",23,10,20180810,"SB-23-10-20180810",NA,NA,NA,NA
"SB",27,1,20180812,"SB-27-1-20180812",NA,NA,NA,NA
"SB",27,2,20180812,"SB-27-2-20180813",NA,NA,NA,NA
"SB",27,3,20180812,"SB-27-3-20180814",NA,NA,NA,NA
"SB",27,4,20180812,"SB-27-4-20180815",NA,NA,NA,NA
"SB",27,5,20180812,"SB-27-5-20180816",NA,NA,NA,NA
"SB",27,6,20180812,"SB-27-6-20180817",NA,NA,NA,NA
"SB",27,7,20180812,"SB-27-7-20180818",NA,NA,NA,NA
"SB",27,8,20180812,"SB-27-8-20180819",NA,NA,NA,NA
"SB",27,9,20180812,"SB-27-9-20180820",NA,NA,NA,NA
"SB",27,10,20180812,"SB-27-10-20180821",NA,NA,NA,NA
"SB",27,11,20180812,"SB-27-11-20180822",NA,NA,NA,NA
"SB",27,12,20180812,"SB-27-12-20180823",NA,NA,NA,NA
"SB",28,1,20180620,"SB-28-1-20180620",NA,NA,NA,NA
"SB",28,2,20180620,"SB-28-2-20180620",NA,NA,NA,NA
"SB",28,3,20180620,"SB-28-3-20180620",NA,NA,NA,NA
"SB",28,4,20180620,"SB-28-4-20180620",NA,NA,NA,NA
"SB",28,5,20180620,"SB-28-5-20180620",NA,NA,NA,NA
"SB",28,6,20180620,"SB-28-6-20180620",NA,NA,NA,NA
"SB",28,7,20180620,"SB-28-7-20180620",NA,NA,NA,NA
"SB",28,8,20180620,"SB-28-8-20180620",NA,NA,NA,NA
"SB",28,9,20180620,"SB-28-9-20180620",NA,NA,NA,NA
"SB",28,10,20180620,"SB-28-10-20180620",NA,NA,NA,NA
"SB",28,11,20180620,"SB-28-11-20180620",NA,NA,NA,NA
"SB",28,12,20180620,"SB-28-12-20180620",NA,NA,NA,NA
"SB",28,13,20180620,"SB-28-13-20180620",NA,NA,NA,NA
"SB",28,14,20180620,"SB-28-14-20180620",NA,NA,NA,NA
"SB",28,15,20180620,"SB-28-15-20180620",NA,NA,NA,NA
"SB",28,16,20180620,"SB-28-16-20180620",NA,NA,NA,NA
"SB",28,17,20180620,"SB-28-17-20180620",NA,NA,NA,NA
"SB",28,18,20180620,"SB-28-18-20180620",NA,NA,NA,NA
"SB",32,1,NA,"SB-32-1-20180701",NA,"We are not sure about the date and the sample_id. Check with the sample_id annotated in the shipped tube. It is correct","Moi: I added July 1 as date",NA
"SB",32,2,NA,"SB-32-2-20180701",NA,"We are not sure about the date and the sample_id. Check with the sample_id annotated in the shipped tube. It is correct",NA,NA
"SB",32,3,NA,"SB-32-3-20180701",NA,"We are not sure about the date and the sample_id. Check with the sample_id annotated in the shipped tube. It is correct",NA,NA
"SB",32,4,NA,"SB-32-4-20180701",NA,"We are not sure about the date and the sample_id. Check with the sample_id annotated in the shipped tube. It is correct",NA,NA
"SB",32,5,NA,"SB-32-5-20180701",NA,"We are not sure about the date and the sample_id. Check with the sample_id annotated in the shipped tube. It is correct",NA,NA
"SB",32,6,NA,"SB-32-6-20180701",NA,"We are not sure about the date and the sample_id. Check with the sample_id annotated in the shipped tube. It is correct",NA,NA
"SB",32,7,NA,"SB-32-7-20180701",NA,"We are not sure about the date and the sample_id. Check with the sample_id annotated in the shipped tube. It is correct",NA,NA
"SB",32,8,NA,"SB-32-8-20180701",NA,"We are not sure about the date and the sample_id. Check with the sample_id annotated in the shipped tube. It is correct",NA,NA
"SB",32,9,NA,"SB-32-9-20180701",NA,"We are not sure about the date and the sample_id. Check with the sample_id annotated in the shipped tube. It is correct",NA,NA
"SB",32,10,NA,"SB-32-10-20180701",NA,"We are not sure about the date and the sample_id. Check with the sample_id annotated in the shipped tube. It is correct",NA,NA
"SB",32,11,NA,"SB-32-11-20180701",NA,"We are not sure about the date and the sample_id. Check with the sample_id annotated in the shipped tube. It is correct",NA,NA
"SB",32,12,NA,"SB-32-12-20180701",NA,"We are not sure about the date and the sample_id. Check with the sample_id annotated in the shipped tube. It is correct",NA,NA
"SB",33,1,20181026,"SB-33-1-20181026",NA,NA,NA,NA
"SB",33,2,20181026,"SB-33-2-20181026",NA,NA,NA,NA
"SB",33,3,20181026,"SB-33-3-20181026",NA,NA,NA,NA
"SB",33,4,20181026,"SB-33-4-20181026",NA,NA,NA,NA
"SB",33,5,20181026,"SB-33-5-20181026",NA,NA,NA,NA
"SB",33,6,20181026,"SB-33-6-20181026",NA,NA,NA,NA
"SB",33,7,20181026,"SB-33-7-20181026",NA,NA,NA,NA
"SB",33,8,20181026,"SB-33-8-20181026",NA,NA,NA,NA
"SB",33,9,20181026,"SB-33-9-20181026",NA,NA,NA,NA
"SB",33,10,20181026,"SB-33-10-20181026",NA,NA,NA,NA
"SB",33,11,20181026,"SB-33-11-20181026",NA,NA,NA,NA
"SB",33,12,20181026,"SB-33-12-20181026",NA,NA,NA,NA
"SB",37,1,20180720,"SB-37-1-20180720","na","Second soil collection / seed bank",NA,NA
"SB",37,2,20180720,"SB-37-2-20180720","na","Second soil collection / seed bank",NA,NA
"SB",37,3,20180720,"SB-37-3-20180720","na","Second soil collection / seed bank",NA,NA
"SB",37,4,20180720,"SB-37-4-20180720","na","Second soil collection / seed bank",NA,NA
"SB",37,5,20180720,"SB-37-5-20180720","na","Second soil collection / seed bank",NA,NA
"SB",37,6,20180720,"SB-37-6-20180720","na","Second soil collection / seed bank",NA,NA
"SB",37,7,20180720,"SB-37-7-20180720","na","Second soil collection / seed bank",NA,NA
"SB",37,8,20180720,"SB-37-8-20180720","na","Second soil collection / seed bank",NA,NA
"SB",37,9,20180720,"SB-37-9-20180720","na","Second soil collection / seed bank",NA,NA
"SB",37,10,20180720,"SB-37-10-20180720","na","Second soil collection / seed bank",NA,NA
"SB",37,11,20180720,"SB-37-11-20180720","na","Second soil collection / seed bank",NA,NA
"SB",37,12,20180720,"SB-37-12-20180720","na","Second soil collection / seed bank",NA,NA
"SB",37,1,20180705,"SB-37-1-20180705","na",NA,NA,NA
"SB",37,2,20180705,"SB-37-2-20180705","na",NA,NA,NA
"SB",37,3,20180705,"SB-37-3-20180705","na",NA,NA,NA
"SB",37,4,20180705,"SB-37-4-20180705","na",NA,NA,NA
"SB",37,5,20180705,"SB-37-5-20180705","na",NA,NA,NA
"SB",37,6,20180705,"SB-37-6-20180705","na",NA,NA,NA
"SB",37,7,20180705,"SB-37-7-20180705","na",NA,NA,NA
"SB",37,8,20180705,"SB-37-8-20180705","na",NA,NA,NA
"SB",37,9,20180705,"SB-37-9-20180705","na",NA,NA,NA
"SB",37,10,20180705,"SB-37-10-20180705","na",NA,NA,NA
"SB",37,11,20180705,"SB-37-11-20180705","na",NA,NA,NA
"SB",37,12,20180705,"SB-37-12-20180705","na",NA,NA,NA
"SB",42,1,20180917,"SB-42-1-20180917",NA,NA,NA,NA
"SB",42,2,20180917,"SB-42-2-20180917",NA,NA,NA,NA
"SB",42,3,20180917,"SB-42-3-20180917",NA,NA,NA,NA
"SB",42,4,20180917,"SB-42-4-20180917",NA,NA,NA,NA
"SB",42,5,20180917,"SB-42-5-20180917",NA,NA,NA,NA
"SB",42,6,20180917,"SB-42-6-20180917",NA,NA,NA,NA
"SB",42,7,20180917,"SB-42-7-20180917",NA,NA,NA,NA
"SB",42,8,20180917,"SB-42-8-20180917",NA,NA,NA,NA
"SB",42,9,20180917,"SB-42-9-20180917",NA,NA,NA,NA
"SB",42,10,20180917,"SB-42-10-20180917",NA,NA,NA,NA
"SB",42,11,20180917,"SB-42-11-20180917",NA,NA,NA,NA
"SB",42,12,20180917,"SB-42-12-20180917",NA,NA,NA,NA
"SB",43,1,20180612,"SB-43-20180612","na",NA,NA,NA
"SB",43,2,20180612,"SB-43-20180612","na",NA,NA,NA
"SB",43,3,20180612,"SB-43-20180612","na",NA,NA,NA
"SB",43,4,20180612,"SB-43-20180612","na",NA,NA,NA
"SB",43,5,20180612,"SB-43-20180612","na",NA,NA,NA
"SB",43,6,20180612,"SB-43-20180612","na",NA,NA,NA
"SB",43,7,20180612,"SB-43-20180612","na",NA,NA,NA
"SB",43,8,20180612,"SB-43-20180612","na",NA,NA,NA
"SB",43,9,20180612,"SB-43-20180612","na",NA,NA,NA
"SB",43,10,20180612,"SB-43-20180612","na",NA,NA,NA
"SB",43,11,20180612,"SB-43-20180612","na",NA,NA,NA
"SB",43,12,20180612,"SB-43-20180612","na",NA,NA,NA
"SB",45,1,20180717,"SB-45-1-20181707","NA","Soil bank from 9 points of each plot",NA,NA
"SB",45,2,20180717,"SB-45-2-20181707","NA","Soil bank from 9 points of each plot",NA,NA
"SB",45,3,20180717,"SB-45-3-20181707","NA","Soil bank from 9 points of each plot",NA,NA
"SB",45,4,20180717,"SB-45-4-20181707","NA","Soil bank from 9 points of each plot",NA,NA
"SB",45,5,20180717,"SB-45-5-20181707","NA","Soil bank from 9 points of each plot",NA,NA
"SB",45,6,20180717,"SB-45-6-20181707","NA","Soil bank from 9 points of each plot",NA,NA
"SB",45,7,20180717,"SB-45-7-20181707","NA","Soil bank from 9 points of each plot",NA,NA
"SB",45,8,20180717,"SB-45-8-20181707","NA","Soil bank from 9 points of each plot",NA,NA
"SB",45,9,20180717,"SB-45-9-20181707","NA","Soil bank from 9 points of each plot",NA,NA
"SB",45,10,20180717,"SB-45-10-20181707","NA","Soil bank from 9 points of each plot",NA,NA
"SB",45,11,20180717,"SB-45-11-20181707","NA","Soil bank from 9 points of each plot",NA,NA
"SB",45,12,20180717,"SB-45-12-20181707","NA","Soil bank from 9 points of each plot",NA,NA
"SB",46,1,20180726,"SB-46-1-20180726",NA,NA,NA,NA
"SB",46,2,20180726,"SB-46-1-20180726",NA,NA,NA,NA
"SB",46,3,20180726,"SB-46-3-20180726",NA,NA,NA,NA
"SB",46,4,20180726,"SB-46-4-20180726",NA,NA,NA,NA
"SB",46,5,20180726,"SB-46-5-20180726",NA,NA,NA,NA
"SB",46,6,20180726,"SB-46-6-20180726",NA,NA,NA,NA
"SB",46,7,20180726,"SB-46-7-20180726",NA,NA,NA,NA
"SB",46,8,20180726,"SB-46-8-20180726",NA,NA,NA,NA
"SB",46,9,20180726,"SB-46-9-20180726",NA,NA,NA,NA
"SB",46,10,20180726,"SB-46-10-20180726",NA,NA,NA,NA
"SB",46,11,20180726,"SB-46-11-20180726",NA,NA,NA,NA
"SB",46,12,20180726,"SB-46-12-20180726",NA,NA,NA,NA
"SB",49,1,20180829,"SB-49-1-20180829","9 subsamples","tray 50% empty",NA,NA
"SB",49,2,20180829,"SB-49-2-20180829","9 subsamples","tray suffered some digging, but not much substrate removed",NA,NA
"SB",49,3,20180829,"SB-49-3-20180829","9 subsamples","all ok",NA,NA
"SB",49,4,20180829,"SB-49-4-20180829","9 subsamples","all ok",NA,NA
"SB",49,5,20180829,"SB-49-5-20180829","9 subsamples","all ok",NA,NA
"SB",49,6,20180829,"SB-49-6-20180829","9 subsamples","tray 75% empty",NA,NA
"SB",49,7,20180829,"SB-49-7-20180829","7 subsamples","tray more than 75% empty (!! only 7 spoons SB)",NA,NA
"SB",49,8,20180829,"SB-49-8-20180829","9 subsamples","all ok",NA,NA
"SB",49,9,20180829,"SB-49-9-20180829","9 subsamples","all ok",NA,NA
"SB",49,10,20180829,"SB-49-10-20180829","9 subsamples","tray has some digging in one corner",NA,NA
"SB",49,11,20180829,"SB-49-11-20180829","9 subsamples","all ok",NA,NA
"SB",49,12,20180829,"SB-49-12-20180829","9 subsamples","all ok",NA,NA
"SB",52,1,20180807,"SB-52-1-20180807",NA,"9 subsamples per tray taken with spoon",NA,NA
"SB",52,2,20180807,"SB-52-2-20180807",NA,NA,NA,NA
"SB",52,3,20180807,"SB-52-3-20180807",NA,NA,NA,NA
"SB",52,4,20180807,"SB-52-4-20180807",NA,NA,NA,NA
"SB",52,5,20180807,"SB-52-5-20180807",NA,NA,NA,NA
"SB",52,6,20180807,"SB-52-6-20180807",NA,NA,NA,NA
"SB",52,7,20180807,"SB-52-7-20180807",NA,NA,NA,NA
"SB",52,8,20180807,"SB-52-8-20180807",NA,NA,NA,NA
"SB",52,9,20180807,"SB-52-9-20180807",NA,NA,NA,NA
"SB",52,10,20180807,"SB-52-10-20180807",NA,NA,NA,NA
"SB",52,11,20180807,"SB-52-11-20180807",NA,NA,NA,NA
"SB",52,12,20180807,"SB-52-12-20180807",NA,NA,NA,NA
"SB",53,1,20180808,"SB-53-1-20180808",NA,NA,NA,NA
"SB",53,2,20180808,"SB-53-2-20180808",NA,NA,NA,NA
"SB",53,3,20180808,"SB-53-3-20180808",NA,NA,NA,NA
"SB",53,4,20180808,"SB-53-4-20180808",NA,NA,NA,NA
"SB",53,5,20180808,"SB-53-5-20180808",NA,NA,NA,NA
"SB",53,6,20180808,"SB-53-6-20180808",NA,NA,NA,NA
"SB",53,7,20180808,"SB-53-7-20180808",NA,NA,NA,NA
"SB",53,8,20180808,"SB-53-8-20180808",NA,NA,NA,NA
"SB",53,9,20180808,"SB-53-9-20180808",NA,NA,NA,NA
"SB",53,10,20180808,"SB-53-10-20180808",NA,NA,NA,NA
"SB",53,11,20180808,"SB-53-11-20180808",NA,NA,NA,NA
"SB",53,12,20180808,"SB-53-12-20180808",NA,NA,NA,NA
"SB",57,NA,20180705,"SB-57-1G 05-07-18",NA,"sent to Tubingen on July 7, 2018",NA,"second generation"
"SB",57,NA,20180705,"SB-57-3G 05-07-18",NA,"sent to Tubingen on July 7, 2018",NA,"second generation"
"SB",57,NA,20180705,"SB-57-4G 05-07-18",NA,"sent to Tubingen on July 7, 2018",NA,"second generation"
"SB",57,NA,20180705,"SB-57-6G 05-07-18",NA,"sent to Tubingen on July 7, 2018",NA,"second generation"
"SB",57,NA,20180705,"SB-57-7G 05-07-18",NA,"sent to Tubingen on July 7, 2018",NA,"second generation"
"SB",57,NA,20180705,"SB-57-9G 05-07-18",NA,"sent to Tubingen on July 7, 2018",NA,"second generation"
"SB",57,NA,20180705,"SB-57-10G 05-07-18",NA,"sent to Tubingen on July 7, 2018",NA,"second generation"
"SB",57,NA,20180705,"SB-57-12G 05-07-18",NA,"sent to Tubingen on July 7, 2018",NA,"second generation"
"SB",57,NA,20180705,"SB-57-13G 05-07-19",NA,"sent to Tubingen on July 7, 2018",NA,"second generation"
"SB",57,NA,20180705,"SB-57-15G 05-07-19",NA,"sent to Tubingen on July 7, 2018",NA,"second generation"
"SB",57,NA,20180705,"SB-57-16G 05-07-19",NA,"sent to Tubingen on July 7, 2018",NA,"second generation"
"SB",57,NA,20180705,"SB-57-18G 05-07-19",NA,"sent to Tubingen on July 7, 2018",NA,"second generation"
